"legacy_url","legacy_title","previous_classification","selected_for_wave4","final_outcome","final_public_url","evidence","valid_closure_yes_no"
"https://chamanlawfirm.com/0btain-guide-on-how-to-obtain-tax","0btain Guide On How To Obtain Tax","LIVE_BLOG_CANONICAL","yes","200_NEW_CANONICAL","https://chamanlawfirm.com/resources/blog/0btain-guide-on-how-to-obtain-tax","Sanity public slug evidence","yes"
"https://chamanlawfirm.com/10-proven-insights-into-tenancy-law-in-lago","10 Proven Insights Into Tenancy Law In Lago","LIVE_BLOG_CANONICAL","yes","200_NEW_CANONICAL","https://chamanlawfirm.com/resources/blog/10-proven-insights-into-tenancy-law-in-lago","Sanity public slug evidence","yes"
"https://chamanlawfirm.com/3-proven-steps-on-how-to-rolve-land-disputes","3 Proven Steps On How To Rolve Land Disputes","LIVE_BLOG_CANONICAL","yes","200_NEW_CANONICAL","https://chamanlawfirm.com/resources/blog/3-proven-steps-on-how-to-rolve-land-disputes","Sanity public slug evidence","yes"
"https://chamanlawfirm.com/4-main-guide-to-land-ownership-in-nigeria","4 Main Guide To Land Ownership In Nigeria","LIVE_BLOG_CANONICAL","yes","200_NEW_CANONICAL","https://chamanlawfirm.com/resources/blog/4-main-guide-to-land-ownership-in-nigeria","Sanity public slug evidence","yes"
"https://chamanlawfirm.com/4-proven-cross-border-cybercrime-issues","4 Proven Cross Border Cybercrime Issues","LIVE_BLOG_CANONICAL","yes","200_NEW_CANONICAL","https://chamanlawfirm.com/resources/blog/4-proven-cross-border-cybercrime-issues","Sanity public slug evidence","yes"
"https://chamanlawfirm.com/4-proven-features-of-customary-marriage-and-the-bill-of-rights-conflicting-interests","4 Proven Features Of Customary Marriage And The Bill Of Rights Conflicting Interests","LIVE_BLOG_CANONICAL","yes","200_NEW_CANONICAL","https://chamanlawfirm.com/resources/blog/4-proven-features-of-customary-marriage-and-the-bill-of-rights-conflicting-interests","Sanity public slug evidence","yes"
"https://chamanlawfirm.com/4-proven-steps-on-how-to-enforce-a-contract","4 Proven Steps On How To Enforce A Contract","LIVE_BLOG_CANONICAL","yes","200_NEW_CANONICAL","https://chamanlawfirm.com/resources/blog/4-proven-steps-on-how-to-enforce-a-contract","Sanity public slug evidence","yes"
"https://chamanlawfirm.com/5-lis-pendens-understanding-the-doctrine","5 Lis Pendens Understanding The Doctrine","LIVE_BLOG_CANONICAL","yes","200_NEW_CANONICAL","https://chamanlawfirm.com/resources/blog/5-lis-pendens-understanding-the-doctrine","Sanity public slug evidence","yes"
"https://chamanlawfirm.com/5-proven-roles-of-a-child-adoption-lawyer","5 Proven Roles Of A Child Adoption Lawyer","LIVE_BLOG_CANONICAL","yes","200_NEW_CANONICAL","https://chamanlawfirm.com/resources/blog/5-proven-roles-of-a-child-adoption-lawyer","Sanity public slug evidence","yes"
"https://chamanlawfirm.com/5-ways-to-avoid-property-scam-in-nigeria","5 Ways To Avoid Property Scam In Nigeria","LIVE_BLOG_CANONICAL","yes","200_NEW_CANONICAL","https://chamanlawfirm.com/resources/blog/5-ways-to-avoid-property-scam-in-nigeria","Sanity public slug evidence","yes"
"https://chamanlawfirm.com/7-effective-steps-to-take-when-a-landlord-refuses-to-return-your-rent-deposit","7 Effective Steps To Take When A Landlord Refuses To Return Your Rent Deposit","LIVE_BLOG_CANONICAL","yes","200_NEW_CANONICAL","https://chamanlawfirm.com/resources/blog/7-effective-steps-to-take-when-a-landlord-refuses-to-return-your-rent-deposit","Sanity public slug evidence","yes"
"https://chamanlawfirm.com/7-step-citizenship-application-in-nigeria","7 Step Citizenship Application In Nigeria","LIVE_BLOG_CANONICAL","yes","200_NEW_CANONICAL","https://chamanlawfirm.com/resources/blog/7-step-citizenship-application-in-nigeria","Sanity public slug evidence","yes"
"https://chamanlawfirm.com/7-steps-on-how-to-use-small-claims-court","7 Steps On How To Use Small Claims Court","LIVE_BLOG_CANONICAL","yes","200_NEW_CANONICAL","https://chamanlawfirm.com/resources/blog/7-steps-on-how-to-use-small-claims-court","Sanity public slug evidence","yes"
"https://chamanlawfirm.com/8-step-business-registration-process-in-lag","8 Step Business Registration Process In Lag","LIVE_BLOG_CANONICAL","yes","200_NEW_CANONICAL","https://chamanlawfirm.com/resources/blog/8-step-business-registration-process-in-lag","Sanity public slug evidence","yes"
"https://chamanlawfirm.com/8-steps-to-enforce-court-judgments-innigeria","8 Steps To Enforce Court Judgments Innigeria","LIVE_BLOG_CANONICAL","yes","200_NEW_CANONICAL","https://chamanlawfirm.com/resources/blog/8-steps-to-enforce-court-judgments-innigeria","Sanity public slug evidence","yes"
"https://chamanlawfirm.com/9-cyber-crime-prosecution-breakthrough-ch","9 Cyber Crime Prosecution Breakthrough Ch","LIVE_BLOG_CANONICAL","yes","200_NEW_CANONICAL","https://chamanlawfirm.com/resources/blog/9-cyber-crime-prosecution-breakthrough-ch","Sanity public slug evidence","yes"
"https://chamanlawfirm.com/a-complete-guide-on-how-to-register-a-company-in-nigeria","A Complete Guide On How To Register A Company In Nigeria","LIVE_BLOG_CANONICAL","yes","200_NEW_CANONICAL","https://chamanlawfirm.com/resources/blog/a-complete-guide-on-how-to-register-a-company-in-nigeria","Sanity public slug evidence","yes"
"https://chamanlawfirm.com/a-will-made-abroad-cover-property-in-ogun","A Will Made Abroad Cover Property In Ogun","LIVE_BLOG_CANONICAL","yes","200_NEW_CANONICAL","https://chamanlawfirm.com/resources/blog/a-will-made-abroad-cover-property-in-ogun","Sanity public slug evidence","yes"
"https://chamanlawfirm.com/abandonment-and-withdrew-of-court-action","What You Need to Know About Consequence of Abandonment and Withdrew of Court Action in Nigeria","LIVE_BLOG_CANONICAL","yes","200_NEW_CANONICAL","https://chamanlawfirm.com/resources/blog/abandonment-and-withdrew-of-court-action","Sanity public slug evidence","yes"
"https://chamanlawfirm.com/accountability-in-corporate-governance","Accountability In Corporate Governance","LIVE_BLOG_CANONICAL","yes","200_NEW_CANONICAL","https://chamanlawfirm.com/resources/blog/accountability-in-corporate-governance","Sanity public slug evidence","yes"
"https://chamanlawfirm.com/acquire-and-secure-industrial-land-in-ogun","Acquire And Secure Industrial Land In Ogun","LIVE_BLOG_CANONICAL","yes","200_NEW_CANONICAL","https://chamanlawfirm.com/resources/blog/acquire-and-secure-industrial-land-in-ogun","Sanity public slug evidence","yes"
"https://chamanlawfirm.com/aim-to-improve-land-titles-and-ownership","Aim To Improve Land Titles And Ownership","LIVE_BLOG_CANONICAL","yes","200_NEW_CANONICAL","https://chamanlawfirm.com/resources/blog/aim-to-improve-land-titles-and-ownership","Sanity public slug evidence","yes"
"https://chamanlawfirm.com/analyzing-the-growth-of-real-estate-investment","Analyzing The Growth Of Real Estate Investment","LIVE_BLOG_CANONICAL","yes","200_NEW_CANONICAL","https://chamanlawfirm.com/resources/blog/analyzing-the-growth-of-real-estate-investment","Sanity public slug evidence","yes"
"https://chamanlawfirm.com/annulment-of-marriage-under-the-nigerian-law","Annulment of Marriage Under Nigerian Law: 5 Essential Insights for Positive Legal Clarity","LIVE_BLOG_CANONICAL","yes","200_NEW_CANONICAL","https://chamanlawfirm.com/resources/blog/annulment-of-marriage-under-the-nigerian-law","Sanity public slug evidence","yes"
"https://chamanlawfirm.com/apply-for-drivers-licence-in-nigeria","Apply For Drivers Licence In Nigeria","LIVE_BLOG_CANONICAL","yes","200_NEW_CANONICAL","https://chamanlawfirm.com/resources/blog/apply-for-drivers-licence-in-nigeria","Sanity public slug evidence","yes"
"https://chamanlawfirm.com/available-remedies-in-civil-litigation","Available Remedies In Civil Litigation","LIVE_BLOG_CANONICAL","yes","200_NEW_CANONICAL","https://chamanlawfirm.com/resources/blog/available-remedies-in-civil-litigation","Sanity public slug evidence","yes"
"https://chamanlawfirm.com/basic-elements-of-defamatory-statement","Basic Elements Of Defamatory Statement","LIVE_BLOG_CANONICAL","yes","200_NEW_CANONICAL","https://chamanlawfirm.com/resources/blog/basic-elements-of-defamatory-statement","Sanity public slug evidence","yes"
"https://chamanlawfirm.com/basic-procedure-for-dissolution-of-marriage","Basic Procedure For Dissolution Of Marriage","LIVE_BLOG_CANONICAL","yes","200_NEW_CANONICAL","https://chamanlawfirm.com/resources/blog/basic-procedure-for-dissolution-of-marriage","Sanity public slug evidence","yes"
"https://chamanlawfirm.com/blockchain-technology-and-land-title-security","Blockchain Technology And Land Title Security","LIVE_BLOG_CANONICAL","yes","200_NEW_CANONICAL","https://chamanlawfirm.com/resources/blog/blockchain-technology-and-land-title-security","Sanity public slug evidence","yes"
"https://chamanlawfirm.com/board-of-directors-in-nigerian-companies","Board Of Directors In Nigerian Companies","LIVE_BLOG_CANONICAL","yes","200_NEW_CANONICAL","https://chamanlawfirm.com/resources/blog/board-of-directors-in-nigerian-companies","Sanity public slug evidence","yes"
"https://chamanlawfirm.com/bordersecurityin-nigerian-immigration-policy","Bordersecurityin Nigerian Immigration Policy","LIVE_BLOG_CANONICAL","yes","200_NEW_CANONICAL","https://chamanlawfirm.com/resources/blog/bordersecurityin-nigerian-immigration-policy","Sanity public slug evidence","yes"
"https://chamanlawfirm.com/breach-of-promise-to-marriage-in-nigeria","Breach Of Promise To Marriage In Nigeria","LIVE_BLOG_CANONICAL","yes","200_NEW_CANONICAL","https://chamanlawfirm.com/resources/blog/breach-of-promise-to-marriage-in-nigeria","Sanity public slug evidence","yes"
"https://chamanlawfirm.com/breach-of-property-contracts-in-lekki","Breach Of Property Contracts In Lekki","LIVE_BLOG_CANONICAL","yes","200_NEW_CANONICAL","https://chamanlawfirm.com/resources/blog/breach-of-property-contracts-in-lekki","Sanity public slug evidence","yes"
"https://chamanlawfirm.com/building-permit-approval-in-ogun-state","How to Get Building Permit Approval in Ogun State (Full Guide)","LIVE_BLOG_CANONICAL","yes","200_NEW_CANONICAL","https://chamanlawfirm.com/resources/blog/building-permit-approval-in-ogun-state","Sanity public slug evidence","yes"
"https://chamanlawfirm.com/business-registration-process-in-lagosa-com","Business Registration Process In Lagosa Com","LIVE_BLOG_CANONICAL","yes","200_NEW_CANONICAL","https://chamanlawfirm.com/resources/blog/business-registration-process-in-lagosa-com","Sanity public slug evidence","yes"
"https://chamanlawfirm.com/cac-public-search-guide-nigeria","How to Use CAC Public Search for Your Business Registration","LIVE_BLOG_CANONICAL","yes","200_NEW_CANONICAL","https://chamanlawfirm.com/resources/blog/cac-public-search-guide-nigeria","Sanity public slug evidence","yes"
"https://chamanlawfirm.com/can-a-foreigner-buy-property-chaman-law-firm","Can A Foreigner Buy Property Chaman Law Firm","LIVE_BLOG_CANONICAL","yes","200_NEW_CANONICAL","https://chamanlawfirm.com/resources/blog/can-a-foreigner-buy-property-chaman-law-firm","Sanity public slug evidence","yes"
"https://chamanlawfirm.com/can-a-landlord-increase-rent-arbitrarily","Can A Landlord Increase Rent Arbitrarily","LIVE_BLOG_CANONICAL","yes","200_NEW_CANONICAL","https://chamanlawfirm.com/resources/blog/can-a-landlord-increase-rent-arbitrarily","Sanity public slug evidence","yes"
"https://chamanlawfirm.com/can-a-landlord-increase-rent-arbitrarily-in-ogun","Can A Landlord Increase Rent Arbitrarily In Ogun","LIVE_BLOG_CANONICAL","yes","200_NEW_CANONICAL","https://chamanlawfirm.com/resources/blog/can-a-landlord-increase-rent-arbitrarily-in-ogun","Sanity public slug evidence","yes"
"https://chamanlawfirm.com/certificate-of-occupancy-in-oyo-state","Certificate Of Occupancy In Oyo State","LIVE_BLOG_CANONICAL","yes","200_NEW_CANONICAL","https://chamanlawfirm.com/resources/blog/certificate-of-occupancy-in-oyo-state","Sanity public slug evidence","yes"
"https://chamanlawfirm.com/certificate-of-occupancy-in-rivers-state","Certificate Of Occupancy In Rivers State","LIVE_BLOG_CANONICAL","yes","200_NEW_CANONICAL","https://chamanlawfirm.com/resources/blog/certificate-of-occupancy-in-rivers-state","Sanity public slug evidence","yes"
"https://chamanlawfirm.com/challenge-a-fraudulent-probate-application","Challenge A Fraudulent Probate Application","LIVE_BLOG_CANONICAL","yes","200_NEW_CANONICAL","https://chamanlawfirm.com/resources/blog/challenge-a-fraudulent-probate-application","Sanity public slug evidence","yes"
"https://chamanlawfirm.com/challenges-facing-the-nigerian-court-system","Challenges Facing The Nigerian Court System","LIVE_BLOG_CANONICAL","yes","200_NEW_CANONICAL","https://chamanlawfirm.com/resources/blog/challenges-facing-the-nigerian-court-system","Sanity public slug evidence","yes"
"https://chamanlawfirm.com/challenges-in-debt-recovery-and-solutions","Challenges In Debt Recovery And Solutions","LIVE_BLOG_CANONICAL","yes","200_NEW_CANONICAL","https://chamanlawfirm.com/resources/blog/challenges-in-debt-recovery-and-solutions","Sanity public slug evidence","yes"
"https://chamanlawfirm.com/challenges-of-implementing-the-land-use-act","Challenges Of Implementing The Land Use Act","LIVE_BLOG_CANONICAL","yes","200_NEW_CANONICAL","https://chamanlawfirm.com/resources/blog/challenges-of-implementing-the-land-use-act","Sanity public slug evidence","yes"
"https://chamanlawfirm.com/challenges-women-face-in-obtaining-land-titles","Challenges Women Face In Obtaining Land Titles","LIVE_BLOG_CANONICAL","yes","200_NEW_CANONICAL","https://chamanlawfirm.com/resources/blog/challenges-women-face-in-obtaining-land-titles","Sanity public slug evidence","yes"
"https://chamanlawfirm.com/challenging-forged-property-documents-in-lagos","Challenging Forged Property Documents In Lagos","LIVE_BLOG_CANONICAL","yes","200_NEW_CANONICAL","https://chamanlawfirm.com/resources/blog/challenging-forged-property-documents-in-lagos","Sanity public slug evidence","yes"
"https://chamanlawfirm.com/child-custody-and-visitation-during-holidays","Child Custody And Visitation During Holidays","LIVE_BLOG_CANONICAL","yes","200_NEW_CANONICAL","https://chamanlawfirm.com/resources/blog/child-custody-and-visitation-during-holidays","Sanity public slug evidence","yes"
"https://chamanlawfirm.com/communal-land-and-family-land","WHAT ARE THE DIFFERENCES BETWEEN COMMUNAL LAND AND FAMILY LAND","LIVE_BLOG_CANONICAL","yes","200_NEW_CANONICAL","https://chamanlawfirm.com/resources/blog/communal-land-and-family-land","Sanity public slug evidence","yes"
"https://chamanlawfirm.com/community-development-associations-law","Transforming Communities: The Powerful Impact of the Community Development Associations Law of Lagos State","LIVE_BLOG_CANONICAL","yes","200_NEW_CANONICAL","https://chamanlawfirm.com/resources/blog/community-development-associations-law","Sanity public slug evidence","yes"
"https://chamanlawfirm.com/company-management-in-nigeria","Company Management In Nigeria","LIVE_BLOG_CANONICAL","yes","200_NEW_CANONICAL","https://chamanlawfirm.com/resources/blog/company-management-in-nigeria","Sanity public slug evidence","yes"
"https://chamanlawfirm.com/company-registration-in-nigeria","Company Registration In Nigeria","LIVE_BLOG_CANONICAL","yes","200_NEW_CANONICAL","https://chamanlawfirm.com/resources/blog/company-registration-in-nigeria","Sanity public slug evidence","yes"
"https://chamanlawfirm.com/compliance-with-debt-recovery-regulations","Compliance With Debt Recovery Regulations","LIVE_BLOG_CANONICAL","yes","200_NEW_CANONICAL","https://chamanlawfirm.com/resources/blog/compliance-with-debt-recovery-regulations","Sanity public slug evidence","yes"
"https://chamanlawfirm.com/consequences-of-fail-to-pay-taxes-in-nigeria","Consequences Of Fail To Pay Taxes In Nigeria","LIVE_BLOG_CANONICAL","yes","200_NEW_CANONICAL","https://chamanlawfirm.com/resources/blog/consequences-of-fail-to-pay-taxes-in-nigeria","Sanity public slug evidence","yes"
"https://chamanlawfirm.com/contract-breach-and-remedies","Contract Breach And Remedies","LIVE_BLOG_CANONICAL","yes","200_NEW_CANONICAL","https://chamanlawfirm.com/resources/blog/contract-breach-and-remedies","Sanity public slug evidence","yes"
"https://chamanlawfirm.com/contract-of-sale-of-land-and-what-it-takes","Contract Of Sale Of Land And What It Takes","LIVE_BLOG_CANONICAL","yes","200_NEW_CANONICAL","https://chamanlawfirm.com/resources/blog/contract-of-sale-of-land-and-what-it-takes","Sanity public slug evidence","yes"
"https://chamanlawfirm.com/contractual-dispute-resolution","Contractual Dispute Resolution","LIVE_BLOG_CANONICAL","yes","200_NEW_CANONICAL","https://chamanlawfirm.com/resources/blog/contractual-dispute-resolution","Sanity public slug evidence","yes"
"https://chamanlawfirm.com/corporate-debt-management-practices","Corporate Debt Management Practices","LIVE_BLOG_CANONICAL","yes","200_NEW_CANONICAL","https://chamanlawfirm.com/resources/blog/corporate-debt-management-practices","Sanity public slug evidence","yes"
"https://chamanlawfirm.com/corporate-finance-laws-in-nigeria","Corporate Finance Laws In Nigeria","LIVE_BLOG_CANONICAL","yes","REMAINING_STRICT_HIGH_VALUE","","remaining strict high-value unresolved after Wave 4","no"
"https://chamanlawfirm.com/corporate-fraud-and-mismanagement","Corporate Fraud And Mismanagement","LIVE_BLOG_CANONICAL","yes","REMAINING_STRICT_HIGH_VALUE","","remaining strict high-value unresolved after Wave 4","no"
"https://chamanlawfirm.com/corporate-governance-and-business-ethics","Corporate Governance And Business Ethics","LIVE_BLOG_CANONICAL","yes","REMAINING_STRICT_HIGH_VALUE","","remaining strict high-value unresolved after Wave 4","no"
"https://chamanlawfirm.com/corporate-governance-challenges-in-companies","Corporate Governance Challenges In Companies","LIVE_BLOG_CANONICAL","yes","REMAINING_STRICT_HIGH_VALUE","","remaining strict high-value unresolved after Wave 4","no"
"https://chamanlawfirm.com/corporate-tax-obligations-in-nigeria","Corporate Tax Obligations In Nigeria","LIVE_BLOG_CANONICAL","yes","REMAINING_STRICT_HIGH_VALUE","","remaining strict high-value unresolved after Wave 4","no"
"https://chamanlawfirm.com/cost-of-building-approval-chaman-law-firm","What is the Cost of Building Approval in Ogun State?","LIVE_BLOG_CANONICAL","yes","REMAINING_STRICT_HIGH_VALUE","","remaining strict high-value unresolved after Wave 4","no"
"https://chamanlawfirm.com/court-procedures-and-efficient-case","Court Procedures And Efficient Case","LIVE_BLOG_CANONICAL","yes","REMAINING_STRICT_HIGH_VALUE","","remaining strict high-value unresolved after Wave 4","no"
"https://chamanlawfirm.com/criteria-for-patent-in-nigeria","Criteria For Patent In Nigeria","LIVE_BLOG_CANONICAL","yes","REMAINING_STRICT_HIGH_VALUE","","remaining strict high-value unresolved after Wave 4","no"
"https://chamanlawfirm.com/cyber-crime-awareness-campaigns-10-powerful","Cyber Crime Awareness Campaigns 10 Powerful","LIVE_BLOG_CANONICAL","yes","REMAINING_STRICT_HIGH_VALUE","","remaining strict high-value unresolved after Wave 4","no"
"https://chamanlawfirm.com/cyber-crime-investigation-techniques","Cyber Crime Investigation Techniques","LIVE_BLOG_CANONICAL","yes","REMAINING_STRICT_HIGH_VALUE","","remaining strict high-value unresolved after Wave 4","no"
"https://chamanlawfirm.com/deal-with-and-bad-tenant-as-a-landlord","How to Deal with a Stubborn and Bad Tenant as a Landlord in Nigeria","LIVE_BLOG_CANONICAL","yes","REMAINING_STRICT_HIGH_VALUE","","remaining strict high-value unresolved after Wave 4","no"
"https://chamanlawfirm.com/debt-recovery-and-consumer-protection-laws","Debt Recovery And Consumer Protection Laws","LIVE_BLOG_CANONICAL","yes","REMAINING_STRICT_HIGH_VALUE","","remaining strict high-value unresolved after Wave 4","no"
"https://chamanlawfirm.com/debt-recovery-in-banking-sector","Debt Recovery In Banking Sector","LIVE_BLOG_CANONICAL","yes","REMAINING_STRICT_HIGH_VALUE","","remaining strict high-value unresolved after Wave 4","no"
"https://chamanlawfirm.com/deed-of-assignment-from-a-property","Deed Of Assignment From A Property","LIVE_BLOG_CANONICAL","yes","REMAINING_STRICT_HIGH_VALUE","","remaining strict high-value unresolved after Wave 4","no"
"https://chamanlawfirm.com/deed-of-assignment-guide-to-register","Deed Of Assignment Guide To Register","LIVE_BLOG_CANONICAL","yes","REMAINING_STRICT_HIGH_VALUE","","remaining strict high-value unresolved after Wave 4","no"
"https://chamanlawfirm.com/deed-of-partition-in-nigeria","Deed Of Partition In Nigeria","LIVE_BLOG_CANONICAL","yes","REMAINING_STRICT_HIGH_VALUE","","remaining strict high-value unresolved after Wave 4","no"
"https://chamanlawfirm.com/defense-of-fair-dealing-in-nigeria-copyright","Defense Of Fair Dealing In Nigeria Copyright","LIVE_BLOG_CANONICAL","yes","REMAINING_STRICT_HIGH_VALUE","","remaining strict high-value unresolved after Wave 4","no"
"https://chamanlawfirm.com/defenses-and-bars-to-a-petition-for-divorce","Defenses And Bars To A Petition For Divorce","LIVE_BLOG_CANONICAL","yes","REMAINING_STRICT_HIGH_VALUE","","remaining strict high-value unresolved after Wave 4","no"
"https://chamanlawfirm.com/defenses-and-bars-to-a-petition-for-divorce-2","Defenses And Bars To A Petition For Divorce 2","LIVE_BLOG_CANONICAL","yes","REMAINING_STRICT_HIGH_VALUE","","remaining strict high-value unresolved after Wave 4","no"
"https://chamanlawfirm.com/developer-fails-to-deliver-property","Developer Fails To Deliver Property","LIVE_BLOG_CANONICAL","yes","REMAINING_STRICT_HIGH_VALUE","","remaining strict high-value unresolved after Wave 4","no"
"https://chamanlawfirm.com/difference-between-a-parent-company-and-a-subsidiary","Difference Between A Parent Company And A Subsidiary","LIVE_BLOG_CANONICAL","yes","REMAINING_STRICT_HIGH_VALUE","","remaining strict high-value unresolved after Wave 4","no"
"https://chamanlawfirm.com/difference-between-c-of-o-and-governors-consent","Difference Between C Of O And Governors Consent","LIVE_BLOG_CANONICAL","yes","REMAINING_STRICT_HIGH_VALUE","","remaining strict high-value unresolved after Wave 4","no"
"https://chamanlawfirm.com/difference-between-excision-gazette-c-of-o","Difference Between Excision Gazette C Of O","LIVE_BLOG_CANONICAL","yes","REMAINING_STRICT_HIGH_VALUE","","remaining strict high-value unresolved after Wave 4","no"
"https://chamanlawfirm.com/difference-between-ownership-and-possession","Difference Between Ownership and Possession","LIVE_BLOG_CANONICAL","yes","REMAINING_STRICT_HIGH_VALUE","","remaining strict high-value unresolved after Wave 4","no"
"https://chamanlawfirm.com/different-types-of-marriage-in-nigeria","Different Types Of Marriage In Nigeria","LIVE_BLOG_CANONICAL","yes","REMAINING_STRICT_HIGH_VALUE","","remaining strict high-value unresolved after Wave 4","no"
"https://chamanlawfirm.com/digitization-impact-land-title-registration","Digitization Impact Land Title Registration","LIVE_BLOG_CANONICAL","yes","REMAINING_STRICT_HIGH_VALUE","","remaining strict high-value unresolved after Wave 4","no"
"https://chamanlawfirm.com/disputes-arising-from-property-ownership","Disputes Arising From Property Ownership","LIVE_BLOG_CANONICAL","yes","REMAINING_STRICT_HIGH_VALUE","","remaining strict high-value unresolved after Wave 4","no"
"https://chamanlawfirm.com/dissolution-of-marriage-under-the-nigeria-law","Ground for Dissolution of Marriage Under the Nigeria Law","LIVE_BLOG_CANONICAL","yes","REMAINING_STRICT_HIGH_VALUE","","remaining strict high-value unresolved after Wave 4","no"
"https://chamanlawfirm.com/division-in-divorce-proceedings","Division In Divorce Proceedings","LIVE_BLOG_CANONICAL","yes","REMAINING_STRICT_HIGH_VALUE","","remaining strict high-value unresolved after Wave 4","no"
"https://chamanlawfirm.com/doctrine-of-ultra-vires","Doctrine Of Ultra Vires","LIVE_BLOG_CANONICAL","yes","REMAINING_STRICT_HIGH_VALUE","","remaining strict high-value unresolved after Wave 4","no"
"https://chamanlawfirm.com/domestic-violence-ground-for-dissolution-of-marriage-and-its-criminal-implications","Domestic Violence Ground For Dissolution Of Marriage And Its Criminal Implications","LIVE_BLOG_CANONICAL","yes","REMAINING_STRICT_HIGH_VALUE","","remaining strict high-value unresolved after Wave 4","no"
"https://chamanlawfirm.com/drafting-company-bylaws-in-nigeria-a-compre","Drafting Company Bylaws In Nigeria A Compre","LIVE_BLOG_CANONICAL","yes","REMAINING_STRICT_HIGH_VALUE","","remaining strict high-value unresolved after Wave 4","no"
"https://chamanlawfirm.com/due-diligence-in-real-estate-transaction","Due Diligence In Real Estate Transaction","LIVE_BLOG_CANONICAL","yes","REMAINING_STRICT_HIGH_VALUE","","remaining strict high-value unresolved after Wave 4","no"
"https://chamanlawfirm.com/duties-of-company-board-of-directors","Duties Of Company Board Of Directors","LIVE_BLOG_CANONICAL","yes","REMAINING_STRICT_HIGH_VALUE","","remaining strict high-value unresolved after Wave 4","no"
"https://chamanlawfirm.com/duties-of-correctional-institutions-in-nigeria","Duties Of Correctional Institutions In Nigeria","LIVE_BLOG_CANONICAL","yes","REMAINING_STRICT_HIGH_VALUE","","remaining strict high-value unresolved after Wave 4","no"
"https://chamanlawfirm.com/effect-of-not-paying-child-support","Effect Of Not Paying Child Support","LIVE_BLOG_CANONICAL","yes","REMAINING_STRICT_HIGH_VALUE","","remaining strict high-value unresolved after Wave 4","no"
"https://chamanlawfirm.com/effect-of-witness-as-beneficiary-in-will","Effect Of Witness As Beneficiary In Will","LIVE_BLOG_CANONICAL","yes","REMAINING_STRICT_HIGH_VALUE","","remaining strict high-value unresolved after Wave 4","no"
"https://chamanlawfirm.com/effects-of-exchange-of-contract","Effects Of Exchange Of Contract","LIVE_BLOG_CANONICAL","yes","REMAINING_STRICT_HIGH_VALUE","","remaining strict high-value unresolved after Wave 4","no"
"https://chamanlawfirm.com/employers-vicarious-liability","Employers Vicarious Liability","LIVE_BLOG_CANONICAL","yes","REMAINING_STRICT_HIGH_VALUE","","remaining strict high-value unresolved after Wave 4","no"
"https://chamanlawfirm.com/enhancing-nigerian-immigration-security","Enhancing Nigerian Immigration Security","LIVE_BLOG_CANONICAL","yes","REMAINING_STRICT_HIGH_VALUE","","remaining strict high-value unresolved after Wave 4","no"
"https://chamanlawfirm.com/enhancing-nigerian-immigration-security-2","Enhancing Nigerian Immigration Security 2","LIVE_BLOG_CANONICAL","yes","REMAINING_STRICT_HIGH_VALUE","","remaining strict high-value unresolved after Wave 4","no"
"https://chamanlawfirm.com/establishing-paternity-and-maternity-under","Establishing Paternity And Maternity Under","LIVE_BLOG_CANONICAL","yes","REMAINING_STRICT_HIGH_VALUE","","remaining strict high-value unresolved after Wave 4","no"
