slug,title,legacy_url,legal_risk,current_law_risk,body_word_count,next_action
most-expensive-neighborhoods-in-lagos-and-why-they-matter-for-luxury-property-investors,Most Expensive Neighborhoods in Lagos and Why They Matter for Luxury Property Investors,https://chamanlawfirm.com/most-expensive-neighborhoods-in-lagos-and-why-they-matter-for-luxury-property-investors,off-brand property sales content risk,no,1387,principal/lawyer review before publication
top-luxury-estates-in-lagos-for-high-net-worth-investors-the-ultimate-investment-guide,Top Luxury Estates in Lagos for High-Net-Worth Investors: The Ultimate Investment Guide,https://chamanlawfirm.com/top-luxury-estates-in-lagos-for-high-net-worth-investors-the-ultimate-investment-guide,unsafe or over-certain legal wording requires lawyer revision; off-brand property sales content risk,no,4108,principal/lawyer review before publication
the-luxury-apartments-vs-luxury-detached-homes,The Luxury Apartments vs Luxury Detached Homes,https://chamanlawfirm.com/the-luxury-apartments-vs-luxury-detached-homes,off-brand property sales content risk,no,2018,principal/lawyer review before publication
luxury-real-estate-investment-lagos-nigeria,Luxury Real Estate Investment in Lagos: A Complete Guide for Smart Investors in 2026,https://chamanlawfirm.com/luxury-real-estate-investment-lagos-nigeria,off-brand property sales content risk,no,821,principal/lawyer review before publication
why-luxury-real-estate-remains-one-of-the-safest-investments-in-nigeria,Why Luxury Real Estate Remains One of the Safest Investments in Nigeria,https://chamanlawfirm.com/why-luxury-real-estate-remains-one-of-the-safest-investments-in-nigeria,unsafe or over-certain legal wording requires lawyer revision; off-brand property sales content risk,no,4223,principal/lawyer review before publication
how-wealthy-investors-build-generational-wealth-through-real-estate,How Wealthy Investors Build Generational Wealth Through Real Estate,https://chamanlawfirm.com/how-wealthy-investors-build-generational-wealth-through-real-estate,off-brand property sales content risk,no,1453,principal/lawyer review before publication
why-luxury-real-estate-outperforms-inflation-in-nigeria,Why Luxury Real Estate Outperforms Inflation in Nigeria,https://chamanlawfirm.com/why-luxury-real-estate-outperforms-inflation-in-nigeria,unsafe or over-certain legal wording requires lawyer revision; off-brand property sales content risk,no,3341,principal/lawyer review before publication
the-future-of-luxury-real-estate-in-nigeria,The Future of Luxury Real Estate in Nigeria,https://chamanlawfirm.com/the-future-of-luxury-real-estate-in-nigeria,unsafe or over-certain legal wording requires lawyer revision; off-brand property sales content risk,no,3082,principal/lawyer review before publication
best-locations-for-luxury-property-investment-in-nigeria-where-smart-investors-are-buying-premium-real-estate,Best Locations For Luxury Property Investment In Nigeria Where Smart Investors Are Buying Premium Real Estate,https://chamanlawfirm.com/best-locations-for-luxury-property-investment-in-nigeria-where-smart-investors-are-buying-premium-real-estate,off-brand property sales content risk,no,1593,principal/lawyer review before publication
the-rise-of-luxury-real-estate-in-lagos,The Rise of Luxury Real Estate in Lagos,https://chamanlawfirm.com/the-rise-of-luxury-real-estate-in-lagos,off-brand property sales content risk,no,1657,principal/lawyer review before publication
luxury-property-investment-strategies-for-business-executives,Luxury Property Investment Strategies for Business Executives,https://chamanlawfirm.com/luxury-property-investment-strategies-for-business-executives,off-brand property sales content risk,no,2079,principal/lawyer review before publication
what-makes-a-property-truly-luxury-in-nigeria,What Makes a Property Truly Luxury in Nigeria?,https://chamanlawfirm.com/what-makes-a-property-truly-luxury-in-nigeria,off-brand property sales content risk,no,1341,principal/lawyer review before publication
consumer-protection-lawyer-in-nigeria-safeg,Consumer Protection Lawyer in Nigeria: Safeguarding Your Rights,https://chamanlawfirm.com/consumer-protection-lawyer-in-nigeria-safeg,unsafe or over-certain legal wording requires lawyer revision,no,768,principal/lawyer review before publication
legal-aspects-of-long-and-short-term-contracts,Mastering Contract Duration: The Legal Blueprint For Long And Short-Term Agreements In Nigeria,https://chamanlawfirm.com/legal-aspects-of-long-and-short-term-contracts,unsafe or over-certain legal wording requires lawyer revision,no,2744,principal/lawyer review before publication
legal-protection-against-domestic-violence,Legal Protection Against Domestic Violence in Nigeria – What Every Victim Must Know,https://chamanlawfirm.com/legal-protection-against-domestic-violence,unsafe or over-certain legal wording requires lawyer revision,no,1551,principal/lawyer review before publication
right-of-membership-limited-by-shares,RIGHT OF MEMBERSHIP FOR A COMPANY LIMITED BY SHARES,https://chamanlawfirm.com/right-of-membership-limited-by-shares,unsafe or over-certain legal wording requires lawyer revision,no,1236,principal/lawyer review before publication
rights-of-persons-living-with-disabilities,The Impact of Family Law on the Rights of Persons Living with Disabilities,https://chamanlawfirm.com/rights-of-persons-living-with-disabilities,current law/procedure/fee verification required; unsafe or over-certain legal wording requires lawyer revision,yes,1461,principal/lawyer review before publication
business-name-and-a-company-limited-by-shares,Business Name vs Company Limited by Shares in Nigeria,https://chamanlawfirm.com/business-name-and-a-company-limited-by-shares,unsafe or over-certain legal wording requires lawyer revision,no,5268,principal/lawyer review before publication
can-a-member-be-expelled-from-a-trade-union,5 Powerful Reasons A Member Can Be Expelled From A Trade Union,https://chamanlawfirm.com/can-a-member-be-expelled-from-a-trade-union,unsafe or over-certain legal wording requires lawyer revision,no,1700,principal/lawyer review before publication
digital-evidence-admissibility-in-nigeria,Powerful Insight: Challenges And Solutions In Digital Evidence Admissibility In Nigeria,https://chamanlawfirm.com/digital-evidence-admissibility-in-nigeria,unsafe or over-certain legal wording requires lawyer revision,no,2706,principal/lawyer review before publication
enforcing-fundamental-human-right,Fundamental Human Right; What Are the Procedures For Enforcing Fundamental Human Right?,https://chamanlawfirm.com/enforcing-fundamental-human-right,current law/procedure/fee verification required,yes,1581,principal/lawyer review before publication
how-to-change-car-ownership-in-nigeria,How To Change Car Ownership In Nigeria,https://chamanlawfirm.com/how-to-change-car-ownership-in-nigeria,current law/procedure/fee verification required,yes,1607,principal/lawyer review before publication
how-to-file-a-lawsuit-in-nigeria,How To File A Lawsuit In Nigeria,https://chamanlawfirm.com/how-to-file-a-lawsuit-in-nigeria,current law/procedure/fee verification required,yes,952,principal/lawyer review before publication
how-to-track-a-stolen-phone-in-nigeria,How To Track A Stolen Phone In Nigeria,https://chamanlawfirm.com/how-to-track-a-stolen-phone-in-nigeria,current law/procedure/fee verification required; unsafe or over-certain legal wording requires lawyer revision,yes,1552,principal/lawyer review before publication
land-use-act-1978,Understanding the Land Use Act: How It Affects You,https://chamanlawfirm.com/land-use-act-1978,unsafe or over-certain legal wording requires lawyer revision,no,2782,principal/lawyer review before publication
powerful-steps-who-is-mercantile-agent,Who Is Mercantile Agent,https://chamanlawfirm.com/powerful-steps-who-is-mercantile-agent,unsafe or over-certain legal wording requires lawyer revision,no,1365,principal/lawyer review before publication
rights-of-a-property-owner-in-nigeria,Your Rights As A Property Owner In Nigeria: What the Law Says,https://chamanlawfirm.com/rights-of-a-property-owner-in-nigeria,unsafe or over-certain legal wording requires lawyer revision,no,3070,principal/lawyer review before publication
analysis-of-the-nigerian-legal-system,Unmasking the Flaws and Triumphs of the Nigerian Legal System: A Power Analysis,https://chamanlawfirm.com/analysis-of-the-nigerian-legal-system,current law/procedure/fee verification required; unsafe or over-certain legal wording requires lawyer revision,yes,3332,principal/lawyer review before publication
clauses-for-drafting-a-tenancy-agreement,Clauses For Drafting A Tenancy Agreement,https://chamanlawfirm.com/clauses-for-drafting-a-tenancy-agreement,unsafe or over-certain legal wording requires lawyer revision,no,1298,principal/lawyer review before publication
how-to-calculate-and-pay-land-use-charge,How To Calculate and Pay Land Use Charge,https://chamanlawfirm.com/how-to-calculate-and-pay-land-use-charge,current law/procedure/fee verification required,yes,1574,principal/lawyer review before publication
how-to-resolve-land-disputes-in-nigeria-with,How To Resolve Land Disputes In Nigeria With,https://chamanlawfirm.com/how-to-resolve-land-disputes-in-nigeria-with,current law/procedure/fee verification required,yes,1285,principal/lawyer review before publication
lagos-tenancy-fixed-and-periodic-tenancies,Lagos Tenancy Fixed And Periodic Tenancies,https://chamanlawfirm.com/lagos-tenancy-fixed-and-periodic-tenancies,unsafe or over-certain legal wording requires lawyer revision,no,1659,principal/lawyer review before publication
land-registration-system-in-nigeria,Land Registration System In Nigeria,https://chamanlawfirm.com/land-registration-system-in-nigeria,current law/procedure/fee verification required,yes,1298,principal/lawyer review before publication
landlords-and-tenants-in-nigeria,Landlords and Tenants In Nigeria,https://chamanlawfirm.com/landlords-and-tenants-in-nigeria,unsafe or over-certain legal wording requires lawyer revision,no,3172,principal/lawyer review before publication
legally-combat-police-harassment-in-nigeria,Legally Combat Police Harassment In Nigeria,https://chamanlawfirm.com/legally-combat-police-harassment-in-nigeria,unsafe or over-certain legal wording requires lawyer revision,no,1221,principal/lawyer review before publication
limitation-of-action-in-nigeria,Limitation of Action In Nigeria,https://chamanlawfirm.com/limitation-of-action-in-nigeria,current law/procedure/fee verification required,yes,1479,principal/lawyer review before publication
proven-steps-onoverview-of-the-child-right-act,Onoverview of the Child Right Act,https://chamanlawfirm.com/proven-steps-onoverview-of-the-child-right-act,unsafe or over-certain legal wording requires lawyer revision,no,1282,principal/lawyer review before publication
right-of-an-illegitimate-child,Right of An Illegitimate Child,https://chamanlawfirm.com/right-of-an-illegitimate-child,current law/procedure/fee verification required,yes,1324,principal/lawyer review before publication
stamping-and-up-stamping-of-a-mortgage-document,What Is Stamping and Up-Stamping of A Mortgage Document,https://chamanlawfirm.com/stamping-and-up-stamping-of-a-mortgage-document,unsafe or over-certain legal wording requires lawyer revision,no,3880,principal/lawyer review before publication
taxes-on-real-estate-transactions-in-nigeria,Taxes On Real Estate Transactions In Nigeria,https://chamanlawfirm.com/taxes-on-real-estate-transactions-in-nigeria,current law/procedure/fee verification required,yes,1481,principal/lawyer review before publication
legally-terminate-shipping-contract-in-nigeria,Legally Terminate Shipping Contract In Nigeria,https://chamanlawfirm.com/legally-terminate-shipping-contract-in-nigeria,unsafe or over-certain legal wording requires lawyer revision,no,18186,principal/lawyer review before publication
how-do-i-legally-evict-a-tenant-in-ogun-state,How Do I Legally Evict a Tenant in Ogun State?,https://chamanlawfirm.com/how-do-i-legally-evict-a-tenant-in-ogun-state,current law/procedure/fee verification required; unsafe or over-certain legal wording requires lawyer revision,yes,14293,principal/lawyer review before publication
how-to-legally-evict-a-tenant-in-lagos-state,How To Legally Evict A Tenant In Lagos State Without Breaking the Law,https://chamanlawfirm.com/how-to-legally-evict-a-tenant-in-lagos-state,unsafe or over-certain legal wording requires lawyer revision,no,1534,principal/lawyer review before publication
what-is-stamping-and-up-stamping-of-a-mortgage-document,What Is Stamping And Up-Stamping Of A Mortgage Document,https://chamanlawfirm.com/what-is-stamping-and-up-stamping-of-a-mortgage-document,current law/procedure/fee verification required; unsafe or over-certain legal wording requires lawyer revision,yes,19494,principal/lawyer review before publication
void-and-voidable-marriages-in-nigeria,Void and Voidable Marriages in Nigeria: Understanding Legal Implications,https://chamanlawfirm.com/void-and-voidable-marriages-in-nigeria,unsafe or over-certain legal wording requires lawyer revision,no,13289,principal/lawyer review before publication
accountability-in-corporate-governance-in-nigeria,Accountability in Corporate Governance in Nigeria,https://chamanlawfirm.com/accountability-in-corporate-governance-in-nigeria,current law/procedure/fee verification required,yes,7340,principal/lawyer review before publication
legal-aspects-of-employment-contracts,Legal Aspects of Employment Contracts in Nigeria,https://chamanlawfirm.com/legal-aspects-of-employment-contracts,unsafe or over-certain legal wording requires lawyer revision,no,7860,principal/lawyer review before publication
obtaining-a-certificate-of-occupancy-in-ogun-state,Obtaining a Certificate of Occupancy in Ogun State,https://chamanlawfirm.com/obtaining-a-certificate-of-occupancy-in-ogun-state,unsafe or over-certain legal wording requires lawyer revision,no,6788,principal/lawyer review before publication
how-to-verify-a-property-title-in-lagos,How to Verify a Property Title in Lagos,https://chamanlawfirm.com/how-to-verify-a-property-title-in-lagos,unsafe or over-certain legal wording requires lawyer revision,no,4619,principal/lawyer review before publication
what-makes-a-valid-employment-contract-in-nigeria,What Makes a Valid Employment Contract in Nigeria?,https://chamanlawfirm.com/what-makes-a-valid-employment-contract-in-nigeria,current law/procedure/fee verification required,yes,7473,principal/lawyer review before publication
ultimate-legal-guide-to-buying-land-in-nigeria,Ultimate Legal Guide To Buying Land In Nigeria,https://chamanlawfirm.com/ultimate-legal-guide-to-buying-land-in-nigeria,unsafe or over-certain legal wording requires lawyer revision,no,9243,principal/lawyer review before publication
debt-recovery-and-consumer-protection-laws,Debt Recovery And Consumer Protection Laws,https://chamanlawfirm.com/debt-recovery-and-consumer-protection-laws,unsafe or over-certain legal wording requires lawyer revision,no,7966,principal/lawyer review before publication
smart-home-technology-and-luxury-real-estate-trends,Smart Home Technology and Luxury Real Estate Trends,https://chamanlawfirm.com/smart-home-technology-and-luxury-real-estate-trends,off-brand property sales content risk,no,3057,principal/lawyer review before publication
overview-of-the-concept-recovery-of-premises,Overview of the Concept Recovery of Premises in Lagos State,https://chamanlawfirm.com/overview-of-the-concept-recovery-of-premises,unsafe or over-certain legal wording requires lawyer revision,no,1226,principal/lawyer review before publication
gain-nigerian-citizenship-by-marriage,Gain Nigerian Citizenship by Marriage,https://chamanlawfirm.com/gain-nigerian-citizenship-by-marriage,current law/procedure/fee verification required,yes,1184,principal/lawyer review before publication
polygamy-and-multiple-marriages-in-nigeria,Polygamy And Multiple Marriages In Nigeria,https://chamanlawfirm.com/polygamy-and-multiple-marriages-in-nigeria,current law/procedure/fee verification required; unsafe or over-certain legal wording requires lawyer revision,yes,2462,principal/lawyer review before publication
powerful-steps-sources-of-tax-law-in-nigeria,Powerful Steps Sources Of Tax Law In Nigeria,https://chamanlawfirm.com/powerful-steps-sources-of-tax-law-in-nigeria,current law/procedure/fee verification required,yes,1193,principal/lawyer review before publication
property-how-to-place-a-caveat,Property How To Place A Caveat,https://chamanlawfirm.com/property-how-to-place-a-caveat,current law/procedure/fee verification required,yes,225,principal/lawyer review before publication
probate-in-lagos-everything-you-need-to-know,Probate In Lagos Everything You Need To Know,https://chamanlawfirm.com/probate-in-lagos-everything-you-need-to-know,current law/procedure/fee verification required,yes,1138,principal/lawyer review before publication
powerful-steps-what-is-trespass-to-land,Powerful Steps What Is Trespass To Land,https://chamanlawfirm.com/powerful-steps-what-is-trespass-to-land,unsafe or over-certain legal wording requires lawyer revision,no,1230,principal/lawyer review before publication
survey-plans-and-certificates-of-occupancy,Survey Plans And Certificates Of Occupancy,https://chamanlawfirm.com/survey-plans-and-certificates-of-occupancy,unsafe or over-certain legal wording requires lawyer revision,no,2768,principal/lawyer review before publication
consequences-of-not-paying-land-use-charge,Consequences Of Not Paying Land Use Charge,https://chamanlawfirm.com/consequences-of-not-paying-land-use-charge,current law/procedure/fee verification required,yes,2602,principal/lawyer review before publication
family-property-disputes-in-lagos,Family Property Disputes In Lagos,https://chamanlawfirm.com/family-property-disputes-in-lagos,current law/procedure/fee verification required,yes,1274,principal/lawyer review before publication
legal-process-for-tenant-eviction-in-lagos,Legal Process For Tenant Eviction In Lagos,https://chamanlawfirm.com/legal-process-for-tenant-eviction-in-lagos,unsafe or over-certain legal wording requires lawyer revision,no,1559,principal/lawyer review before publication
legal-requirementsfor-registering-a-property,Legal Requirementsfor Registering A Property,https://chamanlawfirm.com/legal-requirementsfor-registering-a-property,unsafe or over-certain legal wording requires lawyer revision,no,1210,principal/lawyer review before publication
nigerian-citizens-in-government-surveillance,Nigerian Citizens In Government Surveillance,https://chamanlawfirm.com/nigerian-citizens-in-government-surveillance,current law/procedure/fee verification required; unsafe or over-certain legal wording requires lawyer revision,yes,2810,principal/lawyer review before publication
obtaining-a-c-of-o-in-ogun-state,Obtaining a Certificate of Occupancy in Ogun State,https://chamanlawfirm.com/obtaining-a-c-of-o-in-ogun-state,current law/procedure/fee verification required,yes,1734,principal/lawyer review before publication
powerful-steps-grant-of-probate-in-lagos-state,Powerful Steps Grant Of Probate In Lagos State,https://chamanlawfirm.com/powerful-steps-grant-of-probate-in-lagos-state,current law/procedure/fee verification required,yes,1395,principal/lawyer review before publication
probate-vs-letter-of-administration-in-nigeria-key-differences-you-must-know,Probate vs Letters of Administration in Nigeria,https://chamanlawfirm.com/probate-vs-letter-of-administration-in-nigeria-key-differences-you-must-know,unsafe or over-certain legal wording requires lawyer revision,no,1555,principal/lawyer review before publication
property-valuation-in-nigerian-real-estate,Property Valuation In Nigerian Real Estate,https://chamanlawfirm.com/property-valuation-in-nigerian-real-estate,unsafe or over-certain legal wording requires lawyer revision,no,3002,principal/lawyer review before publication
survey-plan-registration-how-do-i-process-it,Survey Plan Registration How Do I Process It,https://chamanlawfirm.com/survey-plan-registration-how-do-i-process-it,off-brand property sales content risk,no,1644,principal/lawyer review before publication
tenant-rights-during-property-sale-in-lagos,Tenant Rights During Property Sale In Lagos,https://chamanlawfirm.com/tenant-rights-during-property-sale-in-lagos,unsafe or over-certain legal wording requires lawyer revision,no,1336,principal/lawyer review before publication
what-tenancy-laws-apply-to-landlords,What Tenancy Laws Apply To Landlords,https://chamanlawfirm.com/what-tenancy-laws-apply-to-landlords,current law/procedure/fee verification required; unsafe or over-certain legal wording requires lawyer revision,yes,2058,principal/lawyer review before publication
best-probate-lawyers-in-ogun-state,Best Probate Lawyers In Ogun State,https://chamanlawfirm.com/best-probate-lawyers-in-ogun-state,current law/procedure/fee verification required,yes,1151,principal/lawyer review before publication
capital-gains-tax-calculated-on-property,Capital Gains Tax Calculated On Property,https://chamanlawfirm.com/capital-gains-tax-calculated-on-property,current law/procedure/fee verification required,yes,1863,principal/lawyer review before publication
challenge-double-allocation-of-land,Challenge Double Allocation Of Land,https://chamanlawfirm.com/challenge-double-allocation-of-land,current law/procedure/fee verification required,yes,1456,principal/lawyer review before publication
challenging-a-fraudulent-probate-application,Challenging A Fraudulent Probate Application,https://chamanlawfirm.com/challenging-a-fraudulent-probate-application,current law/procedure/fee verification required,yes,1316,principal/lawyer review before publication
corporate-governance-principles-in-nigeria,Corporate Governance Principles In Nigeria,https://chamanlawfirm.com/corporate-governance-principles-in-nigeria,current law/procedure/fee verification required,yes,2181,principal/lawyer review before publication
corporate-restructuring-in-nigeria,Corporate Restructuring In Nigeria,https://chamanlawfirm.com/corporate-restructuring-in-nigeria,current law/procedure/fee verification required,yes,2737,principal/lawyer review before publication
dealing-with-abadtenantinlagos-for-landlords,Dealing With Abadtenantinlagos For Landlords,https://chamanlawfirm.com/dealing-with-abadtenantinlagos-for-landlords,unsafe or over-certain legal wording requires lawyer revision,no,951,principal/lawyer review before publication
ejectment-vs-eviction-tenants,Ejectment Vs Eviction Tenants,https://chamanlawfirm.com/ejectment-vs-eviction-tenants,unsafe or over-certain legal wording requires lawyer revision,no,842,principal/lawyer review before publication
financial-contracts-and-agreement-in-nigeria,Financial Contracts And Agreement In Nigeria,https://chamanlawfirm.com/financial-contracts-and-agreement-in-nigeria,unsafe or over-certain legal wording requires lawyer revision,no,1474,principal/lawyer review before publication
financing-real-estate-investments-in-nigeria,Financing Real Estate Investments In Nigeria,https://chamanlawfirm.com/financing-real-estate-investments-in-nigeria,unsafe or over-certain legal wording requires lawyer revision,no,2871,principal/lawyer review before publication
hidden-costs-of-buying-property-in-ogun-state,Hidden Costs Of Buying Property In Ogun State,https://chamanlawfirm.com/hidden-costs-of-buying-property-in-ogun-state,current law/procedure/fee verification required,yes,943,principal/lawyer review before publication
obtaining-consent-for-land-transactions,Obtaining Consent For Land Transactions,https://chamanlawfirm.com/obtaining-consent-for-land-transactions,unsafe or over-certain legal wording requires lawyer revision,no,1027,principal/lawyer review before publication
the-rights-and-responsibilities-of-landowners,The Rights And Responsibilities Of Landowners,https://chamanlawfirm.com/the-rights-and-responsibilities-of-landowners,current law/procedure/fee verification required,yes,2018,principal/lawyer review before publication
what-is-the-lagos-state-tenancy-law,What Is The Lagos State Tenancy Law,https://chamanlawfirm.com/what-is-the-lagos-state-tenancy-law,unsafe or over-certain legal wording requires lawyer revision,no,1563,principal/lawyer review before publication
capital-gains-tax-a-step-by-step-guide,Capital Gains Tax A Step By Step Guide,https://chamanlawfirm.com/capital-gains-tax-a-step-by-step-guide,current law/procedure/fee verification required,yes,1842,principal/lawyer review before publication
child-education-and-religious-upbringing,Child Education And Religious Upbringing,https://chamanlawfirm.com/child-education-and-religious-upbringing,current law/procedure/fee verification required; unsafe or over-certain legal wording requires lawyer revision,yes,3396,principal/lawyer review before publication
consumer-contracts-and-guarantee,Consumer Contracts And Guarantee,https://chamanlawfirm.com/consumer-contracts-and-guarantee,unsafe or over-certain legal wording requires lawyer revision,no,3179,principal/lawyer review before publication
corporate-governance-failures-on-debt,Corporate Governance Failures On Debt,https://chamanlawfirm.com/corporate-governance-failures-on-debt,unsafe or over-certain legal wording requires lawyer revision,no,3282,principal/lawyer review before publication
dealing-with-land-encroachment-in-ogun-state,Dealing With Land Encroachment In Ogun State,https://chamanlawfirm.com/dealing-with-land-encroachment-in-ogun-state,unsafe or over-certain legal wording requires lawyer revision,no,1730,principal/lawyer review before publication
hidden-costs-when-buying-land-in-lagos,Hidden Costs When Buying Land In Lagos,https://chamanlawfirm.com/hidden-costs-when-buying-land-in-lagos,current law/procedure/fee verification required,yes,2158,principal/lawyer review before publication
how-do-i-process-probate-for-an-estate,How Do I Process Probate For An Estate,https://chamanlawfirm.com/how-do-i-process-probate-for-an-estate,unsafe or over-certain legal wording requires lawyer revision,no,1629,principal/lawyer review before publication
obtaining-letters-of-administration-in-ogun,Obtaining Letters Of Administration In Ogun,https://chamanlawfirm.com/obtaining-letters-of-administration-in-ogun,current law/procedure/fee verification required,yes,1586,principal/lawyer review before publication
process-probate-in-ogun-state-chaman-law-firm,Process Probate In Ogun State ,https://chamanlawfirm.com/process-probate-in-ogun-state-chaman-law-firm,unsafe or over-certain legal wording requires lawyer revision,no,2102,principal/lawyer review before publication
property-recovery-reclaim-your-rental-space,Property Recovery Reclaim Your Rental Space,https://chamanlawfirm.com/property-recovery-reclaim-your-rental-space,unsafe or over-certain legal wording requires lawyer revision,no,1395,principal/lawyer review before publication
rights-of-citizens-in-government-surveillance,Rights Of Citizens In Government Surveillance,https://chamanlawfirm.com/rights-of-citizens-in-government-surveillance,unsafe or over-certain legal wording requires lawyer revision,no,3021,principal/lawyer review before publication
tax-clearance-in-lagos-for-property-sales,Tax Clearance In Lagos For Property Sales,https://chamanlawfirm.com/tax-clearance-in-lagos-for-property-sales,current law/procedure/fee verification required,yes,2216,principal/lawyer review before publication
what-are-the-best-mechanism-in-recovery-of-debt,What Are The Best Mechanism In Recovery Of Debt,https://chamanlawfirm.com/what-are-the-best-mechanism-in-recovery-of-debt,unsafe or over-certain legal wording requires lawyer revision,no,3119,principal/lawyer review before publication
why-is-lekki-the-best-location-for-luxury,Why Is Lekki The Best Location For Luxury,https://chamanlawfirm.com/why-is-lekki-the-best-location-for-luxury,unsafe or over-certain legal wording requires lawyer revision; off-brand property sales content risk,no,2227,principal/lawyer review before publication
acquire-land-for-real-estate-development,Acquire Land For Real Estate Development,https://chamanlawfirm.com/acquire-land-for-real-estate-development,unsafe or over-certain legal wording requires lawyer revision,no,1322,principal/lawyer review before publication
child-custody-and-visitations-emergencies,Child Custody And Visitations Emergencies,https://chamanlawfirm.com/child-custody-and-visitations-emergencies,unsafe or over-certain legal wording requires lawyer revision,no,2829,principal/lawyer review before publication
consequences-of-defaulting-on-property-tax,Consequences Of Defaulting On Property Tax,https://chamanlawfirm.com/consequences-of-defaulting-on-property-tax,current law/procedure/fee verification required,yes,2460,principal/lawyer review before publication
how-to-licence-a-trademark-in-nigeria,How To Licence A Trademark In Nigeria,https://chamanlawfirm.com/how-to-licence-a-trademark-in-nigeria,current law/procedure/fee verification required,yes,1744,principal/lawyer review before publication
property-developers-guide-to-tax-compliance,Property Developers Guide To Tax Compliance,https://chamanlawfirm.com/property-developers-guide-to-tax-compliance,current law/procedure/fee verification required,yes,1860,principal/lawyer review before publication
registering-property-titles-in-nigeria,Registering Property Titles In Nigeria,https://chamanlawfirm.com/registering-property-titles-in-nigeria,unsafe or over-certain legal wording requires lawyer revision,no,2989,principal/lawyer review before publication
strategies-for-preventing-corporate-collapse,Strategies For Preventing Corporate Collapse,https://chamanlawfirm.com/strategies-for-preventing-corporate-collapse,unsafe or over-certain legal wording requires lawyer revision,no,2620,principal/lawyer review before publication
how-to-safely-buy-land-in-lagos-nigeria-without-fraud,How to Safely Buy Land in Lagos Nigeria Without Falling Victim to Fraud in 2026,https://chamanlawfirm.com/how-to-safely-buy-land-in-lagos-nigeria-without-fraud,off-brand property sales content risk,no,1210,principal/lawyer review before publication
how-to-buy-luxury-property-in-nigeria-without-costly-mistakes,How to Buy Luxury Property in Nigeria Without Costly Mistakes,https://chamanlawfirm.com/how-to-buy-luxury-property-in-nigeria-without-costly-mistakes,off-brand property sales content risk,no,3145,principal/lawyer review before publication
the-ultimate-guide-to-luxury-real-estate-investment-in-nigeria,The Ultimate Guide to Luxury Real Estate Investment in Nigeria,https://chamanlawfirm.com/the-ultimate-guide-to-luxury-real-estate-investment-in-nigeria,unsafe or over-certain legal wording requires lawyer revision; off-brand property sales content risk,no,7664,principal/lawyer review before publication
luxury-waterfront-properties-in-lagos-benefits-and-risks,Luxury Waterfront Properties in Lagos: Benefits & Risks,https://chamanlawfirm.com/luxury-waterfront-properties-in-lagos-benefits-and-risks,unsafe or over-certain legal wording requires lawyer revision; off-brand property sales content risk,no,3230,principal/lawyer review before publication
