old_url,configured_destination,expected_status,final_target,target_status,one_hop,chain_or_loop,hidden_or_404_target
https://chamanlawfirm.com/what-makes-a-valid-employment-contract-in-nigeria,/resources/blog/what-makes-a-valid-employment-contract-in-nigeria,308 after deployment,https://chamanlawfirm.com/resources/blog/what-makes-a-valid-employment-contract-in-nigeria,200,yes,no,no
https://chamanlawfirm.com/accountability-in-corporate-governance-in-nigeria,/resources/blog/accountability-in-corporate-governance-in-nigeria,308 after deployment,https://chamanlawfirm.com/resources/blog/accountability-in-corporate-governance-in-nigeria,200,yes,no,no
https://chamanlawfirm.com/probate-vs-letters-of-administration-in-nigeria,/resources/blog/probate-vs-letters-of-administration-in-nigeria,308 after deployment,https://chamanlawfirm.com/resources/blog/probate-vs-letters-of-administration-in-nigeria,200,yes,no,no
https://chamanlawfirm.com/landlords-and-tenants-in-nigeria,/resources/blog/landlords-and-tenants-in-nigeria,308 after deployment,https://chamanlawfirm.com/resources/blog/landlords-and-tenants-in-nigeria,200,yes,no,no
https://chamanlawfirm.com/land-registration-system-in-nigeria,/resources/blog/land-registration-system-in-nigeria,308 after deployment,https://chamanlawfirm.com/resources/blog/land-registration-system-in-nigeria,200,yes,no,no
https://chamanlawfirm.com/how-to-legally-evict-a-tenant-in-lagos-state,/resources/blog/how-to-legally-evict-a-tenant-in-lagos-state,308 after deployment,https://chamanlawfirm.com/resources/blog/how-to-legally-evict-a-tenant-in-lagos-state,200,yes,no,no
https://chamanlawfirm.com/how-to-calculate-and-pay-land-use-charge,/resources/blog/how-to-calculate-and-pay-land-use-charge,308 after deployment,https://chamanlawfirm.com/resources/blog/how-to-calculate-and-pay-land-use-charge,200,yes,no,no
https://chamanlawfirm.com/right-of-an-illegitimate-child,/resources/blog/right-of-an-illegitimate-child,308 after deployment,https://chamanlawfirm.com/resources/blog/right-of-an-illegitimate-child,200,yes,no,no
https://chamanlawfirm.com/limitation-of-action-in-nigeria,/resources/blog/limitation-of-action-in-nigeria,308 after deployment,https://chamanlawfirm.com/resources/blog/limitation-of-action-in-nigeria,200,yes,no,no
