old_url,old_title,priority,source_content_available,final_outcome,next_action
https://chamanlawfirm.com/two-years-rule-as-regards-dissolution-of,Two Years Rule As Regards Dissolution Of,high,not in parsed SQL,SUBSTANTIVE_HOLD,recover exact source or merge into stronger page
https://chamanlawfirm.com/the-difference-between-adoption-and-fostering-in-nigeria,The Difference Between Adoption And Fostering In Nigeria,high,not in parsed SQL,SUBSTANTIVE_HOLD,recover exact source or merge into stronger page
https://chamanlawfirm.com/the-valid-procession-of-a-statutory-marriage,The Valid Procession Of A Statutory Marriage,high,not in parsed SQL,SUBSTANTIVE_HOLD,recover exact source or merge into stronger page
https://chamanlawfirm.com/successfully-obtain-a-building-plan-approval,Successfully Obtain A Building Plan Approval,high,not in parsed SQL,SUBSTANTIVE_HOLD,recover exact source or merge into stronger page
https://chamanlawfirm.com/what-is-the-legal-status-of-collective-agreement,What Is The Legal Status Of Collective Agreement,high,not in parsed SQL,SUBSTANTIVE_HOLD,recover exact source or merge into stronger page
https://chamanlawfirm.com/child-custody-in-customary-marriage,Child Custody In Customary Marriage,high,not in parsed SQL,SUBSTANTIVE_HOLD,recover exact source or merge into stronger page
https://chamanlawfirm.com/digital-rights-and-freedom-of-expression,Digital Rights And Freedom Of Expression,high,not in parsed SQL,SUBSTANTIVE_HOLD,recover exact source or merge into stronger page
https://chamanlawfirm.com/procedure-and-guprivate-placement-in-nigeria,Procedure And Guprivate Placement In Nigeria,high,not in parsed SQL,SUBSTANTIVE_HOLD,recover exact source or merge into stronger page
https://chamanlawfirm.com/the-defence-of-laches-in-customary-law-in-nigeria,The Defence Of Laches In Customary Law In Nigeria,high,not in parsed SQL,SUBSTANTIVE_HOLD,recover exact source or merge into stronger page
https://chamanlawfirm.com/how-to-obtain-legal-guardianship-of-a-child,How To Obtain Legal Guardianship Of A Child,high,not in parsed SQL,SUBSTANTIVE_HOLD,recover exact source or merge into stronger page
https://chamanlawfirm.com/how-to-make-complaint-for-estimated-bills-in-nigeria,How To Make Complaint For Estimated Bills In Nigeria,high,not in parsed SQL,SUBSTANTIVE_HOLD,recover exact source or merge into stronger page
https://chamanlawfirm.com/what-are-the-top-gated-estates-in-lekki,What Are The Top Gated Estates In Lekki,high,not in parsed SQL,SUBSTANTIVE_HOLD,recover exact source or merge into stronger page
https://chamanlawfirm.com/chaman-legal-team-2,Chaman Legal Team 2,high,not in parsed SQL,SUBSTANTIVE_HOLD,recover exact source or merge into stronger page
https://chamanlawfirm.com/ownership-understanding-the-legal,Ownership Understanding The Legal,high,not in parsed SQL,SUBSTANTIVE_HOLD,recover exact source or merge into stronger page
https://chamanlawfirm.com/unveiling-5-proven-vital-role-of-evidence,Unveiling 5 Proven Vital Role Of Evidence,high,not in parsed SQL,SUBSTANTIVE_HOLD,recover exact source or merge into stronger page
https://chamanlawfirm.com/registation-for-branch-or-subisidiary-of-a-c,Registation For Branch Or Subisidiary Of A C,high,not in parsed SQL,SUBSTANTIVE_HOLD,recover exact source or merge into stronger page
https://chamanlawfirm.com/remedies-for-wrongful-dismissal-in-nigeria,Remedies For Wrongful Dismissal In Nigeria,high,not in parsed SQL,SUBSTANTIVE_HOLD,recover exact source or merge into stronger page
https://chamanlawfirm.com/how-to-apply-for-south-africa-qualification,How To Apply For South Africa Qualification,high,not in parsed SQL,SUBSTANTIVE_HOLD,recover exact source or merge into stronger page
https://chamanlawfirm.com/how-to-obtain-building-in-lagos-state,How To Obtain Building In Lagos State,high,not in parsed SQL,SUBSTANTIVE_HOLD,recover exact source or merge into stronger page
https://chamanlawfirm.com/nigerian-court-system-challenges,Nigerian Court System Challenges,high,not in parsed SQL,SUBSTANTIVE_HOLD,recover exact source or merge into stronger page
https://chamanlawfirm.com/how-to-claim-third-party-insurance-in-nigeria,How To Claim Third Party Insurance In Nigeria,high,not in parsed SQL,SUBSTANTIVE_HOLD,recover exact source or merge into stronger page
https://chamanlawfirm.com/legal-advice-for-joint-ventures-in-nigeria-a-comprehensive-guide,Legal Advice For Joint Ventures In Nigeria A Comprehensive Guide,high,not in parsed SQL,SUBSTANTIVE_HOLD,recover exact source or merge into stronger page
https://chamanlawfirm.com/steps-taken-in-registering-an-ngo-in-nigeria,Steps Taken In Registering An Ngo In Nigeria,high,not in parsed SQL,SUBSTANTIVE_HOLD,recover exact source or merge into stronger page
https://chamanlawfirm.com/trade-associations-and-chambers-of-commerce,Trade Associations And Chambers Of Commerce,high,not in parsed SQL,SUBSTANTIVE_HOLD,recover exact source or merge into stronger page
https://chamanlawfirm.com/difference-between-assault-and-battery,Difference Between Assault And Battery,high,not in parsed SQL,SUBSTANTIVE_HOLD,recover exact source or merge into stronger page
https://chamanlawfirm.com/how-do-i-get-building-approval-in-ogun-state,How Do I Get Building Approval In Ogun State,high,not in parsed SQL,SUBSTANTIVE_HOLD,recover exact source or merge into stronger page
https://chamanlawfirm.com/formation-of-joint-ventures-in-nigeria,Formation Of Joint Ventures In Nigeria,high,not in parsed SQL,SUBSTANTIVE_HOLD,recover exact source or merge into stronger page
https://chamanlawfirm.com/transfer-property-ownership-to-my-children,Transfer Property Ownership To My Children,high,not in parsed SQL,SUBSTANTIVE_HOLD,recover exact source or merge into stronger page
https://chamanlawfirm.com/how-to-create-legal-mortgages-in-nigeria,How To Create Legal Mortgages In Nigeria,high,not in parsed SQL,SUBSTANTIVE_HOLD,recover exact source or merge into stronger page
https://chamanlawfirm.com/essential-requir-trust-the-three-creation,Essential Requir Trust The Three Creation,high,not in parsed SQL,SUBSTANTIVE_HOLD,recover exact source or merge into stronger page
https://chamanlawfirm.com/how-to-file-a-complaint-with-nigerian-civil-aviation-authority,How To File A Complaint With Nigerian Civil Aviation Authority,high,not in parsed SQL,SUBSTANTIVE_HOLD,recover exact source or merge into stronger page
https://chamanlawfirm.com/heritage-conservation-law-in-nigeria,Heritage Conservation Law In Nigeria,high,not in parsed SQL,SUBSTANTIVE_HOLD,recover exact source or merge into stronger page
https://chamanlawfirm.com/land-acquisition-in-nigeria-2,Land Acquisition In Nigeria 2,high,not in parsed SQL,SUBSTANTIVE_HOLD,recover exact source or merge into stronger page
https://chamanlawfirm.com/how-to-get-travel-insurance-in-nigeria,How To Get Travel Insurance In Nigeria,high,not in parsed SQL,SUBSTANTIVE_HOLD,recover exact source or merge into stronger page
https://chamanlawfirm.com/what-to-know-about-warranties-and-conditions,What To Know About Warranties And Conditions,high,not in parsed SQL,SUBSTANTIVE_HOLD,recover exact source or merge into stronger page
https://chamanlawfirm.com/5-reasonsthe-importance-of-pleading,5 Reasonsthe Importance Of Pleading,high,not in parsed SQL,SUBSTANTIVE_HOLD,recover exact source or merge into stronger page
https://chamanlawfirm.com/attestation-of-certificate-in-nigeria,Attestation Of Certificate In Nigeria,high,not in parsed SQL,SUBSTANTIVE_HOLD,recover exact source or merge into stronger page
https://chamanlawfirm.com/diff-between-testate-and-intestate-succession,Diff Between Testate And Intestate Succession,high,not in parsed SQL,SUBSTANTIVE_HOLD,recover exact source or merge into stronger page
https://chamanlawfirm.com/what-is-ancillary-reliefs,What Is Ancillary Reliefs,high,not in parsed SQL,SUBSTANTIVE_HOLD,recover exact source or merge into stronger page
https://chamanlawfirm.com/are-verbal-agreement-binding-legally,Are Verbal Agreement Binding Legally,high,not in parsed SQL,SUBSTANTIVE_HOLD,recover exact source or merge into stronger page
https://chamanlawfirm.com/procedures-for-private-placement-in-nigeria,Procedures For Private Placement In Nigeria,high,not in parsed SQL,SUBSTANTIVE_HOLD,recover exact source or merge into stronger page
https://chamanlawfirm.com/newblogpost-znqwc8what-are-the-la-in-nigeria,Newblogpost Znqwc8what Are The La In Nigeria,high,not in parsed SQL,SUBSTANTIVE_HOLD,recover exact source or merge into stronger page
https://chamanlawfirm.com/non-justiciable-constitutional-provisions,Non Justiciable Constitutional Provisions,high,not in parsed SQL,SUBSTANTIVE_HOLD,recover exact source or merge into stronger page
https://chamanlawfirm.com/how-do-i-resolve-landlord-tenant-disputes,How Do I Resolve Landlord Tenant Disputes,high,not in parsed SQL,SUBSTANTIVE_HOLD,recover exact source or merge into stronger page
https://chamanlawfirm.com/when-you-can-legally-define-the-tort-of-negligence,When You Can Legally Define The Tort Of Negligence,high,not in parsed SQL,SUBSTANTIVE_HOLD,recover exact source or merge into stronger page
https://chamanlawfirm.com/regulatory-compliance-in-nigerian-construction,Regulatory Compliance In Nigerian Construction,high,not in parsed SQL,SUBSTANTIVE_HOLD,recover exact source or merge into stronger page
https://chamanlawfirm.com/process-of-making-law-in-nigeria,Process Of Making Law In Nigeria,high,not in parsed SQL,SUBSTANTIVE_HOLD,recover exact source or merge into stronger page
https://chamanlawfirm.com/how-long-can-a-law-enforcement-validly-detain-you-in-nigeria,How Long Can A Law Enforcement Validly Detain You In Nigeria,high,not in parsed SQL,SUBSTANTIVE_HOLD,recover exact source or merge into stronger page
https://chamanlawfirm.com/relationship-between-parent-and-subsidiary,Relationship Between Parent And Subsidiary,high,not in parsed SQL,SUBSTANTIVE_HOLD,recover exact source or merge into stronger page
https://chamanlawfirm.com/application-of-ignorance-of-the-law,Application Of Ignorance Of The Law,high,not in parsed SQL,SUBSTANTIVE_HOLD,recover exact source or merge into stronger page
https://chamanlawfirm.com/draft-a-perfect-lease-agreement,Draft A Perfect Lease Agreement,high,not in parsed SQL,SUBSTANTIVE_HOLD,recover exact source or merge into stronger page
https://chamanlawfirm.com/title-search-and-land-ownership-in-nigeria,Title Search And Land Ownership In Nigeria,high,not in parsed SQL,SUBSTANTIVE_HOLD,recover exact source or merge into stronger page
https://chamanlawfirm.com/membership-of-trade-unions-in-nigeria,Membership Of Trade Unions In Nigeria,high,not in parsed SQL,SUBSTANTIVE_HOLD,recover exact source or merge into stronger page
https://chamanlawfirm.com/strategies-for-effective-conservation,Strategies For Effective Conservation,high,not in parsed SQL,SUBSTANTIVE_HOLD,recover exact source or merge into stronger page
https://chamanlawfirm.com/who-are-personal-representatives,Who Are Personal Representatives,high,not in parsed SQL,SUBSTANTIVE_HOLD,recover exact source or merge into stronger page
https://chamanlawfirm.com/what-are-the-legal-rights-of-a-wife-after-divorce-or-separation-in-nigeria,What Are The Legal Rights Of A Wife After Divorce Or Separation In Nigeria,high,not in parsed SQL,SUBSTANTIVE_HOLD,recover exact source or merge into stronger page
https://chamanlawfirm.com/what-needs-to-be-in-your-lease,What Needs To Be In Your Lease,high,not in parsed SQL,SUBSTANTIVE_HOLD,recover exact source or merge into stronger page
https://chamanlawfirm.com/testate-and-intestate-succession-in-nigeria,Testate And Intestate Succession In Nigeria,high,not in parsed SQL,SUBSTANTIVE_HOLD,recover exact source or merge into stronger page
https://chamanlawfirm.com/how-to-replace-a-national-identification-number,How To Replace A National Identification Number,high,not in parsed SQL,SUBSTANTIVE_HOLD,recover exact source or merge into stronger page
https://chamanlawfirm.com/real-estate-law-in-nigeria,Real Estate Law In Nigeria,high,not in parsed SQL,SUBSTANTIVE_HOLD,recover exact source or merge into stronger page
https://chamanlawfirm.com/challenges-of-real-estate-development-in-nigeria,Challenges Of Real Estate Development In Nigeria,high,not in parsed SQL,SUBSTANTIVE_HOLD,recover exact source or merge into stronger page
https://chamanlawfirm.com/stadium-and-sports-facility-construction,Stadium And Sports Facility Construction,high,not in parsed SQL,SUBSTANTIVE_HOLD,recover exact source or merge into stronger page
https://chamanlawfirm.com/project-management-in-nigerian-construction,Project Management In Nigerian Construction,high,not in parsed SQL,SUBSTANTIVE_HOLD,recover exact source or merge into stronger page
https://chamanlawfirm.com/how-to-legally-void-a-marriage,How To Legally Void A Marriage,high,not in parsed SQL,SUBSTANTIVE_HOLD,recover exact source or merge into stronger page
https://chamanlawfirm.com/8-steps-on-how-to-file-a-lawsuit-in-nigeria-a-comprehensive-guide-to-the-legal-process,8 Steps On How To File A Lawsuit In Nigeria A Comprehensive Guide To The Legal Process,high,not in parsed SQL,SUBSTANTIVE_HOLD,recover exact source or merge into stronger page
https://chamanlawfirm.com/how-to-obtain-licence-for-seeds-importation,How To Obtain Licence For Seeds Importation,high,not in parsed SQL,SUBSTANTIVE_HOLD,recover exact source or merge into stronger page
https://chamanlawfirm.com/property-acquisition-in-nigeria,Property Acquisition In Nigeria,high,not in parsed SQL,SUBSTANTIVE_HOLD,recover exact source or merge into stronger page
https://chamanlawfirm.com/what-is-the-statutory-right-of-occupancy-in-nigeria,What Is The Statutory Right Of Occupancy In Nigeria,high,not in parsed SQL,SUBSTANTIVE_HOLD,recover exact source or merge into stronger page
https://chamanlawfirm.com/examination-of-power-of-attorney,Examination Of Power Of Attorney,high,not in parsed SQL,SUBSTANTIVE_HOLD,recover exact source or merge into stronger page
https://chamanlawfirm.com/the-different-types-of-marriage-in-nigeria,The Different Types Of Marriage In Nigeria,high,not in parsed SQL,SUBSTANTIVE_HOLD,recover exact source or merge into stronger page
https://chamanlawfirm.com/safest-estates-in-ogun-for-diaspora-investors,Safest Estates In Ogun For Diaspora Investors,high,not in parsed SQL,SUBSTANTIVE_HOLD,recover exact source or merge into stronger page
https://chamanlawfirm.com/pro-bono-legal-service,Pro Bono Legal Service,high,not in parsed SQL,SUBSTANTIVE_HOLD,recover exact source or merge into stronger page
https://chamanlawfirm.com/the-procedure-and-documents-for-perfecting-t,The Procedure And Documents For Perfecting T,high,not in parsed SQL,SUBSTANTIVE_HOLD,recover exact source or merge into stronger page
https://chamanlawfirm.com/mortgage-vis-a-vis-similar-transactions,Mortgage Vis A Vis Similar Transactions,high,not in parsed SQL,SUBSTANTIVE_HOLD,recover exact source or merge into stronger page
https://chamanlawfirm.com/insurance-fraud-in-nigeria,Insurance Fraud In Nigeria,high,not in parsed SQL,SUBSTANTIVE_HOLD,recover exact source or merge into stronger page
https://chamanlawfirm.com/urban-redevelopment-challenges-in-nigeria,Urban Redevelopment Challenges In Nigeria,high,not in parsed SQL,SUBSTANTIVE_HOLD,recover exact source or merge into stronger page
https://chamanlawfirm.com/stamp-duty-what-buyers-and-sellers-must-know,Stamp Duty What Buyers And Sellers Must Know,high,not in parsed SQL,SUBSTANTIVE_HOLD,recover exact source or merge into stronger page
https://chamanlawfirm.com/top-gated-estates-in-ogun-state-chaman-law,Top Gated Estates In Ogun State Chaman Law,high,not in parsed SQL,SUBSTANTIVE_HOLD,recover exact source or merge into stronger page
https://chamanlawfirm.com/how-to-obtain-government-approvals-and-permits,How To Obtain Government Approvals And Permits,high,not in parsed SQL,SUBSTANTIVE_HOLD,recover exact source or merge into stronger page
https://chamanlawfirm.com/the-ways-trade-union-activities-are-settled,The Ways Trade Union Activities Are Settled,high,not in parsed SQL,SUBSTANTIVE_HOLD,recover exact source or merge into stronger page
https://chamanlawfirm.com/cyber-bullying-laws-in-nigeria,Cyber Bullying Laws In Nigeria,high,not in parsed SQL,SUBSTANTIVE_HOLD,recover exact source or merge into stronger page
https://chamanlawfirm.com/bankruptcy-and-insolvency-in-nigeria,Bankruptcy And Insolvency In Nigeria,high,not in parsed SQL,SUBSTANTIVE_HOLD,recover exact source or merge into stronger page
https://chamanlawfirm.com/real-estate-agents-and-brokers-in-nigeria,Real Estate Agents And Brokers In Nigeria,high,not in parsed SQL,SUBSTANTIVE_HOLD,recover exact source or merge into stronger page
https://chamanlawfirm.com/understandingof4typesofinvestmentagreements,Understandingof4typesofinvestmentagreements,high,not in parsed SQL,SUBSTANTIVE_HOLD,recover exact source or merge into stronger page
https://chamanlawfirm.com/bridge-and-highway-construction-in-nigeria,Bridge And Highway Construction In Nigeria,high,not in parsed SQL,SUBSTANTIVE_HOLD,recover exact source or merge into stronger page
https://chamanlawfirm.com/how-to-know-the-nature-of-lease-agreement,How To Know The Nature Of Lease Agreement,high,not in parsed SQL,SUBSTANTIVE_HOLD,recover exact source or merge into stronger page
https://chamanlawfirm.com/book-consultation,Book Consultation,high,not in parsed SQL,SUBSTANTIVE_HOLD,recover exact source or merge into stronger page
https://chamanlawfirm.com/registration-with-the-nigerian-investment,Registration With The Nigerian Investment,high,not in parsed SQL,SUBSTANTIVE_HOLD,recover exact source or merge into stronger page
https://chamanlawfirm.com/how-to-apmanufacturer-certificate-in-nigeria,How To Apmanufacturer Certificate In Nigeria,high,not in parsed SQL,SUBSTANTIVE_HOLD,recover exact source or merge into stronger page
https://chamanlawfirm.com/the-role-of-ethics-in-commercial-law,The Role Of Ethics In Commercial Law,high,not in parsed SQL,SUBSTANTIVE_HOLD,recover exact source or merge into stronger page
https://chamanlawfirm.com/of-role-of-alternative-disputes-in-nigeria,Of Role Of Alternative Disputes In Nigeria,high,not in parsed SQL,SUBSTANTIVE_HOLD,recover exact source or merge into stronger page
https://chamanlawfirm.com/step-by-step-guide-to-buying-properties,Step By Step Guide To Buying Properties,high,not in parsed SQL,SUBSTANTIVE_HOLD,recover exact source or merge into stronger page
https://chamanlawfirm.com/joint-venture-real-estate-projects-in-lagos,Joint Venture Real Estate Projects In Lagos,high,not in parsed SQL,SUBSTANTIVE_HOLD,recover exact source or merge into stronger page
https://chamanlawfirm.com/online-payment-system-legal-aspects,Online Payment System Legal Aspects,high,not in parsed SQL,SUBSTANTIVE_HOLD,recover exact source or merge into stronger page
https://chamanlawfirm.com/unapproved-buildings-step-by-step-guide,Unapproved Buildings Step By Step Guide,high,not in parsed SQL,SUBSTANTIVE_HOLD,recover exact source or merge into stronger page
https://chamanlawfirm.com/solar-energy-projects,Solar Energy Projects,high,not in parsed SQL,SUBSTANTIVE_HOLD,recover exact source or merge into stronger page
https://chamanlawfirm.com/construction-standard-and-regulations-in-nigeria,Construction Standard And Regulations In Nigeria,high,not in parsed SQL,SUBSTANTIVE_HOLD,recover exact source or merge into stronger page
https://chamanlawfirm.com/government-ministries-and-parastatals,Government Ministries And Parastatals,high,not in parsed SQL,SUBSTANTIVE_HOLD,recover exact source or merge into stronger page
https://chamanlawfirm.com/environmental-law-and-climate-change,Environmental Law And Climate Change,high,not in parsed SQL,SUBSTANTIVE_HOLD,recover exact source or merge into stronger page
https://chamanlawfirm.com/3-cybersecurity-laws-and-regulations-in-nig,3 Cybersecurity Laws And Regulations In Nig,high,not in parsed SQL,SUBSTANTIVE_HOLD,recover exact source or merge into stronger page
https://chamanlawfirm.com/telecom-infrastructure-projects-in-nigeria,Telecom Infrastructure Projects In Nigeria,high,not in parsed SQL,SUBSTANTIVE_HOLD,recover exact source or merge into stronger page
https://chamanlawfirm.com/the-industrial-incentives-in-nigeria,The Industrial Incentives In Nigeria,high,not in parsed SQL,SUBSTANTIVE_HOLD,recover exact source or merge into stronger page
https://chamanlawfirm.com/performance-bonds-and-guarantees,Performance Bonds And Guarantees,high,not in parsed SQL,SUBSTANTIVE_HOLD,recover exact source or merge into stronger page
https://chamanlawfirm.com/railway-and-transit-construction,Railway And Transit Construction,high,not in parsed SQL,SUBSTANTIVE_HOLD,recover exact source or merge into stronger page
https://chamanlawfirm.com/fire-safety-regulations-in-nigeria,Fire Safety Regulations In Nigeria,high,not in parsed SQL,SUBSTANTIVE_HOLD,recover exact source or merge into stronger page
https://chamanlawfirm.com/how-to-seek-redress-in-human-rights-violatio,How To Seek Redress In Human Rights Violatio,high,not in parsed SQL,SUBSTANTIVE_HOLD,recover exact source or merge into stronger page
https://chamanlawfirm.com/legal-steps-in-nigeria,Legal Steps In Nigeria,high,not in parsed SQL,SUBSTANTIVE_HOLD,recover exact source or merge into stronger page
https://chamanlawfirm.com/non-disclosure-agreement-nda-lawyer-5-effic,Non Disclosure Agreement Nda Lawyer 5 Effic,high,not in parsed SQL,SUBSTANTIVE_HOLD,recover exact source or merge into stronger page
https://chamanlawfirm.com/an-overview-onder-the-nigerian-customary-law,An Overview Onder The Nigerian Customary Law,high,not in parsed SQL,SUBSTANTIVE_HOLD,recover exact source or merge into stronger page
https://chamanlawfirm.com/newblogpost-zlsyg1admisibility-of-computer-g,Newblogpost Zlsyg1admisibility Of Computer G,high,not in parsed SQL,SUBSTANTIVE_HOLD,recover exact source or merge into stronger page
https://chamanlawfirm.com/consumer-protection-and-disputes-resolution,Consumer Protection And Disputes Resolution,high,not in parsed SQL,SUBSTANTIVE_HOLD,recover exact source or merge into stronger page
https://chamanlawfirm.com/insurance-coverage-for-construction-in-nigeria,Insurance Coverage For Construction In Nigeria,high,not in parsed SQL,SUBSTANTIVE_HOLD,recover exact source or merge into stronger page
https://chamanlawfirm.com/minimum-wage-and-the-regulatory-laws,Minimum Wage And The Regulatory Laws,high,not in parsed SQL,SUBSTANTIVE_HOLD,recover exact source or merge into stronger page
https://chamanlawfirm.com/how-to-get-a-nigerian-ip-address-using-vpn,How To Get A Nigerian Ip Address Using Vpn,high,not in parsed SQL,SUBSTANTIVE_HOLD,recover exact source or merge into stronger page
https://chamanlawfirm.com/challenges-of-urbanization-in-nigerian,Challenges Of Urbanization In Nigerian,high,not in parsed SQL,SUBSTANTIVE_HOLD,recover exact source or merge into stronger page
https://chamanlawfirm.com/retention-money-in-construction-contracts,Retention Money In Construction Contracts,high,not in parsed SQL,SUBSTANTIVE_HOLD,recover exact source or merge into stronger page
https://chamanlawfirm.com/discover-real-estate-hotspots-in-ogun-state,Discover Real Estate Hotspots In Ogun State,high,not in parsed SQL,SUBSTANTIVE_HOLD,recover exact source or merge into stronger page
https://chamanlawfirm.com/how-to-lodge-complaint-against-banks-in-nigeria,How To Lodge Complaint Against Banks In Nigeria,high,not in parsed SQL,SUBSTANTIVE_HOLD,recover exact source or merge into stronger page
https://chamanlawfirm.com/how-to-file-a-complaint-with-commission,How To File A Complaint With Commission,high,not in parsed SQL,SUBSTANTIVE_HOLD,recover exact source or merge into stronger page
https://chamanlawfirm.com/powerful-ways-on-adoption-services,Powerful Ways On Adoption Services,high,not in parsed SQL,SUBSTANTIVE_HOLD,recover exact source or merge into stronger page
https://chamanlawfirm.com/consequences-of-intestacy-on-business,Consequences Of Intestacy On Business,high,not in parsed SQL,SUBSTANTIVE_HOLD,recover exact source or merge into stronger page
https://chamanlawfirm.com/5-cyber-law-and-digital-rights-management,5 Cyber Law And Digital Rights Management,high,not in parsed SQL,SUBSTANTIVE_HOLD,recover exact source or merge into stronger page
https://chamanlawfirm.com/retail-advertising-and-marketing-law-in-nigeria,Retail Advertising And Marketing Law In Nigeria,high,not in parsed SQL,SUBSTANTIVE_HOLD,recover exact source or merge into stronger page
https://chamanlawfirm.com/nuisance-and-trespass,Nuisance And Trespass,high,not in parsed SQL,SUBSTANTIVE_HOLD,recover exact source or merge into stronger page
https://chamanlawfirm.com/an-examination-of-the-employees-compensation-act,An Examination Of The Employees Compensation Act,high,not in parsed SQL,SUBSTANTIVE_HOLD,recover exact source or merge into stronger page
https://chamanlawfirm.com/limitations-of-foreign-investments-in-nigeria,Limitations Of Foreign Investments In Nigeria,high,not in parsed SQL,SUBSTANTIVE_HOLD,recover exact source or merge into stronger page
https://chamanlawfirm.com/import-and-export-procedures-in-nigeria,Import And Export Procedures In Nigeria,high,not in parsed SQL,SUBSTANTIVE_HOLD,recover exact source or merge into stronger page
https://chamanlawfirm.com/peaceful-assembly-and-association,Peaceful Assembly And Association,high,not in parsed SQL,SUBSTANTIVE_HOLD,recover exact source or merge into stronger page
https://chamanlawfirm.com/what-step-should-i-take-if-someone-encroaches,What Step Should I Take If Someone Encroaches,high,not in parsed SQL,SUBSTANTIVE_HOLD,recover exact source or merge into stronger page
https://chamanlawfirm.com/understanding-intestate-succession-in-nigeria,Understanding Intestate Succession In Nigeria,high,not in parsed SQL,SUBSTANTIVE_HOLD,recover exact source or merge into stronger page
https://chamanlawfirm.com/powerful-steps-raising-capital-in-nigeria,Powerful Steps Raising Capital In Nigeria,high,not in parsed SQL,SUBSTANTIVE_HOLD,recover exact source or merge into stronger page
https://chamanlawfirm.com/understanding-the-nigerian-tax-law,Understanding The Nigerian Tax Law,high,not in parsed SQL,SUBSTANTIVE_HOLD,recover exact source or merge into stronger page
https://chamanlawfirm.com/how-do-i-draft-a-tenancy-agreement,How Do I Draft A Tenancy Agreement,high,not in parsed SQL,SUBSTANTIVE_HOLD,recover exact source or merge into stronger page
https://chamanlawfirm.com/nigeria-leading-immigration-lawyers,Nigeria Leading Immigration Lawyers,high,not in parsed SQL,SUBSTANTIVE_HOLD,recover exact source or merge into stronger page
https://chamanlawfirm.com/what-are-arbitrable-matters,What Are Arbitrable Matters,high,not in parsed SQL,SUBSTANTIVE_HOLD,recover exact source or merge into stronger page
https://chamanlawfirm.com/legal-issues-in-binding-settlement-agreements,Legal Issues In Binding Settlement Agreements,high,not in parsed SQL,SUBSTANTIVE_HOLD,recover exact source or merge into stronger page
https://chamanlawfirm.com/what-are-the-duties-of-parties-to-an-agency-agreement-introduction,What Are The Duties Of Parties To An Agency Agreement Introduction,high,not in parsed SQL,SUBSTANTIVE_HOLD,recover exact source or merge into stronger page
https://chamanlawfirm.com/guide-to-hire-lawyers-and-law-firms-in-nigeria,Guide To Hire Lawyers And Law Firms In Nigeria,high,not in parsed SQL,SUBSTANTIVE_HOLD,recover exact source or merge into stronger page
https://chamanlawfirm.com/draft-and-negotiation-in-lease-agreement,Draft And Negotiation In Lease Agreement,high,not in parsed SQL,SUBSTANTIVE_HOLD,recover exact source or merge into stronger page
https://chamanlawfirm.com/bank-disputes-in-nigeria-modes-of-resolution,Bank Disputes In Nigeria Modes Of Resolution,high,not in parsed SQL,SUBSTANTIVE_HOLD,recover exact source or merge into stronger page
https://chamanlawfirm.com/powerful-steps-who-may-adopt,Powerful Steps Who May Adopt,high,not in parsed SQL,SUBSTANTIVE_HOLD,recover exact source or merge into stronger page
https://chamanlawfirm.com/health-and-safety-measures-in-construction,Health And Safety Measures In Construction,high,not in parsed SQL,SUBSTANTIVE_HOLD,recover exact source or merge into stronger page
https://chamanlawfirm.com/what-is-a-demand-letters,What Is A Demand Letters,high,not in parsed SQL,SUBSTANTIVE_HOLD,recover exact source or merge into stronger page
https://chamanlawfirm.com/overview-of-self-incrimination,Overview Of Self Incrimination,high,not in parsed SQL,SUBSTANTIVE_HOLD,recover exact source or merge into stronger page
https://chamanlawfirm.com/all-you-need-to-know-about-the-e-manifest,All You Need To Know About The E Manifest,high,not in parsed SQL,SUBSTANTIVE_HOLD,recover exact source or merge into stronger page
https://chamanlawfirm.com/resolving-disputes-over-properties,Resolving Disputes Over Properties,high,not in parsed SQL,SUBSTANTIVE_HOLD,recover exact source or merge into stronger page
https://chamanlawfirm.com/alternative-dispute-resolution-in-real-estate,Alternative Dispute Resolution In Real Estate,high,not in parsed SQL,SUBSTANTIVE_HOLD,recover exact source or merge into stronger page
https://chamanlawfirm.com/legal-aspects-of-product-liability,Legal Aspects Of Product Liability,high,not in parsed SQL,SUBSTANTIVE_HOLD,recover exact source or merge into stronger page
https://chamanlawfirm.com/remedies-for-breach-of-promise-to-marry,Remedies For Breach Of Promise To Marry,high,not in parsed SQL,SUBSTANTIVE_HOLD,recover exact source or merge into stronger page
https://chamanlawfirm.com/companies-purchasing-properties-companies,Companies Purchasing Properties Companies,high,not in parsed SQL,SUBSTANTIVE_HOLD,recover exact source or merge into stronger page
https://chamanlawfirm.com/moderationlaw-navigating-the-dynamic-digital,Moderationlaw Navigating The Dynamic Digital,high,not in parsed SQL,SUBSTANTIVE_HOLD,recover exact source or merge into stronger page
https://chamanlawfirm.com/the-concept-of-alimony-law,The Concept Of Alimony Law,high,not in parsed SQL,SUBSTANTIVE_HOLD,recover exact source or merge into stronger page
https://chamanlawfirm.com/fccpc-requirements-for-money-lending-companies,Fccpc Requirements For Money Lending Companies,high,not in parsed SQL,SUBSTANTIVE_HOLD,recover exact source or merge into stronger page
https://chamanlawfirm.com/healthcare-facility-construction-in-nigeria,Healthcare Facility Construction In Nigeria,high,not in parsed SQL,SUBSTANTIVE_HOLD,recover exact source or merge into stronger page
https://chamanlawfirm.com/get-a-paymaster-and-escrow-attorney-in-nig-m,Get A Paymaster And Escrow Attorney In Nig M,high,not in parsed SQL,SUBSTANTIVE_HOLD,recover exact source or merge into stronger page
https://chamanlawfirm.com/powerful-steps-rights-of-an-employee-under,Powerful Steps Rights Of An Employee Under,high,not in parsed SQL,SUBSTANTIVE_HOLD,recover exact source or merge into stronger page
https://chamanlawfirm.com/role-of-the-lagos-special-task-force,Role Of The Lagos Special Task Force,high,not in parsed SQL,SUBSTANTIVE_HOLD,recover exact source or merge into stronger page
https://chamanlawfirm.com/rights-of-stateless-persons-in-nigeria,Rights Of Stateless Persons In Nigeria,high,not in parsed SQL,SUBSTANTIVE_HOLD,recover exact source or merge into stronger page
https://chamanlawfirm.com/legal-news-and-updates,Legal News And Updates,high,not in parsed SQL,SUBSTANTIVE_HOLD,recover exact source or merge into stronger page
https://chamanlawfirm.com/legal-considerations-in-real-estate-investing,Legal Considerations In Real Estate Investing,high,not in parsed SQL,SUBSTANTIVE_HOLD,recover exact source or merge into stronger page
https://chamanlawfirm.com/dispute-resolution-in-nigerian-construction,Dispute Resolution In Nigerian Construction,high,not in parsed SQL,SUBSTANTIVE_HOLD,recover exact source or merge into stronger page
https://chamanlawfirm.com/rural-infrastructure-development-in-nigeria,Rural Infrastructure Development In Nigeria,high,not in parsed SQL,SUBSTANTIVE_HOLD,recover exact source or merge into stronger page
https://chamanlawfirm.com/the-lagos-state-building-control-agency,The Lagos State Building Control Agency,high,not in parsed SQL,SUBSTANTIVE_HOLD,recover exact source or merge into stronger page
https://chamanlawfirm.com/property-titles-in-nigeria,Property Titles In Nigeria,high,not in parsed SQL,SUBSTANTIVE_HOLD,recover exact source or merge into stronger page
https://chamanlawfirm.com/telecommunication-projects-in-nigeria,Telecommunication Projects In Nigeria,high,not in parsed SQL,SUBSTANTIVE_HOLD,recover exact source or merge into stronger page
https://chamanlawfirm.com/tips-to-conducting-home-inspections-in-nigeria,Tips To Conducting Home Inspections In Nigeria,high,not in parsed SQL,SUBSTANTIVE_HOLD,recover exact source or merge into stronger page
https://chamanlawfirm.com/legal-expert-ondrug-offenses,Legal Expert Ondrug Offenses,high,yes,RESTORED_TO_HIDDEN_SOURCE,complete image/legal gates then publish
https://chamanlawfirm.com/managing-cross-border-disputes-in-nigeria,Managing Cross Border Disputes In Nigeria,high,not in parsed SQL,SUBSTANTIVE_HOLD,recover exact source or merge into stronger page
https://chamanlawfirm.com/the-requirements-for-fencing-approval,The Requirements For Fencing Approval,high,not in parsed SQL,SUBSTANTIVE_HOLD,recover exact source or merge into stronger page
https://chamanlawfirm.com/role-of-the-judiciary-in-nigerian-democracy,Role Of The Judiciary In Nigerian Democracy,high,not in parsed SQL,SUBSTANTIVE_HOLD,recover exact source or merge into stronger page
https://chamanlawfirm.com/how-to-get-a-scuml-certificate,How To Get A Scuml Certificate,high,not in parsed SQL,SUBSTANTIVE_HOLD,recover exact source or merge into stronger page
https://chamanlawfirm.com/impact-of-technology-on-real-estate,Impact Of Technology On Real Estate,high,not in parsed SQL,SUBSTANTIVE_HOLD,recover exact source or merge into stronger page
https://chamanlawfirm.com/5-essential-steps-for-establishing-legal-paternity-and-maternity,5 Essential Steps For Establishing Legal Paternity And Maternity,high,not in parsed SQL,SUBSTANTIVE_HOLD,recover exact source or merge into stronger page
https://chamanlawfirm.com/commercial-mixed-use-projects-in-nigeria,Commercial Mixed Use Projects In Nigeria,high,not in parsed SQL,SUBSTANTIVE_HOLD,recover exact source or merge into stronger page
https://chamanlawfirm.com/innovative-material-techniques-in-construction,Innovative Material Techniques In Construction,high,not in parsed SQL,SUBSTANTIVE_HOLD,recover exact source or merge into stronger page
https://chamanlawfirm.com/modular-construction-in-nigeria,Modular Construction In Nigeria,high,not in parsed SQL,SUBSTANTIVE_HOLD,recover exact source or merge into stronger page
https://chamanlawfirm.com/renovation-and-restoration-projects-in-nigeria,Renovation And Restoration Projects In Nigeria,high,not in parsed SQL,SUBSTANTIVE_HOLD,recover exact source or merge into stronger page
https://chamanlawfirm.com/what-challenges-are-associated-with-resolving-boundary-disputes-in-nigeria,What Challenges Are Associated With Resolving Boundary Disputes In Nigeria,high,not in parsed SQL,SUBSTANTIVE_HOLD,recover exact source or merge into stronger page
https://chamanlawfirm.com/building-demolition-key-steps-to-compliance,Building Demolition Key Steps To Compliance,high,not in parsed SQL,SUBSTANTIVE_HOLD,recover exact source or merge into stronger page
https://chamanlawfirm.com/nigerian-data-protection-regulation-2019,Nigerian Data Protection Regulation 2019,high,not in parsed SQL,SUBSTANTIVE_HOLD,recover exact source or merge into stronger page
https://chamanlawfirm.com/nigerias-security-law,Nigerias Security Law,high,not in parsed SQL,SUBSTANTIVE_HOLD,recover exact source or merge into stronger page
https://chamanlawfirm.com/how-to-get-your-money-back-bank-transfer,How To Get Your Money Back Bank Transfer,high,not in parsed SQL,SUBSTANTIVE_HOLD,recover exact source or merge into stronger page
https://chamanlawfirm.com/environmental-impact-assessments,Environmental Impact Assessments,high,not in parsed SQL,SUBSTANTIVE_HOLD,recover exact source or merge into stronger page
https://chamanlawfirm.com/a-complete-guide-on-how-to-legalize-or-attes,A Complete Guide On How To Legalize Or Attes,high,not in parsed SQL,SUBSTANTIVE_HOLD,recover exact source or merge into stronger page
https://chamanlawfirm.com/road-construction-project,Road Construction Project,high,not in parsed SQL,SUBSTANTIVE_HOLD,recover exact source or merge into stronger page
https://chamanlawfirm.com/public-complaint-commission-in-nigeria,Public Complaint Commission In Nigeria,high,not in parsed SQL,SUBSTANTIVE_HOLD,recover exact source or merge into stronger page
https://chamanlawfirm.com/extension-of-time-in-construction,Extension Of Time In Construction,high,not in parsed SQL,SUBSTANTIVE_HOLD,recover exact source or merge into stronger page
https://chamanlawfirm.com/autonomous-vehicles-nigerian-traffic-law,Autonomous Vehicles Nigerian Traffic Law,high,not in parsed SQL,SUBSTANTIVE_HOLD,recover exact source or merge into stronger page
https://chamanlawfirm.com/nigerian-e-commerce-operations,Nigerian E Commerce Operations,high,not in parsed SQL,SUBSTANTIVE_HOLD,recover exact source or merge into stronger page
https://chamanlawfirm.com/mastering-commercial-dispute-resolution,Mastering Commercial Dispute Resolution,high,not in parsed SQL,SUBSTANTIVE_HOLD,recover exact source or merge into stronger page
https://chamanlawfirm.com/newblogpost-zjlntshistory-of-womens-right-in-nigeria,Newblogpost Zjlntshistory Of Womens Right In Nigeria,high,not in parsed SQL,SUBSTANTIVE_HOLD,recover exact source or merge into stronger page
https://chamanlawfirm.com/legal-development-scheme-and-labour-city,Legal Development Scheme And Labour City,high,not in parsed SQL,SUBSTANTIVE_HOLD,recover exact source or merge into stronger page
https://chamanlawfirm.com/what-is-community-land-in-nigeria-and-how-is-it-understood,What Is Community Land In Nigeria And How Is It Understood,high,not in parsed SQL,SUBSTANTIVE_HOLD,recover exact source or merge into stronger page
https://chamanlawfirm.com/the-crucial-impact-of-ageofconsentprotection,The Crucial Impact Of Ageofconsentprotection,high,not in parsed SQL,SUBSTANTIVE_HOLD,recover exact source or merge into stronger page
https://chamanlawfirm.com/cyber-law-in-nigeria,Cyber Law In Nigeria,high,not in parsed SQL,SUBSTANTIVE_HOLD,recover exact source or merge into stronger page
https://chamanlawfirm.com/high-rise-construction-challenges-in-nigeria,High Rise Construction Challenges In Nigeria,high,not in parsed SQL,SUBSTANTIVE_HOLD,recover exact source or merge into stronger page
https://chamanlawfirm.com/importance-of-energy-and-natural-resources-law,Importance Of Energy And Natural Resources Law,high,not in parsed SQL,SUBSTANTIVE_HOLD,recover exact source or merge into stronger page
https://chamanlawfirm.com/overview-of-real-estate-law-in-nigeria,Overview Of Real Estate Law In Nigeria,high,not in parsed SQL,SUBSTANTIVE_HOLD,recover exact source or merge into stronger page
https://chamanlawfirm.com/how-do-i-appoint-a-lawyer-to-represent-me,How Do I Appoint A Lawyer To Represent Me,high,not in parsed SQL,SUBSTANTIVE_HOLD,recover exact source or merge into stronger page
https://chamanlawfirm.com/how-to-convert-a-sole-proprietorship,How To Convert A Sole Proprietorship,high,not in parsed SQL,SUBSTANTIVE_HOLD,recover exact source or merge into stronger page
https://chamanlawfirm.com/litigation-lawyers-in-nigeria,Litigation Lawyers In Nigeria,high,not in parsed SQL,SUBSTANTIVE_HOLD,recover exact source or merge into stronger page
https://chamanlawfirm.com/importance-of-biometric-data-protection,Importance Of Biometric Data Protection,high,not in parsed SQL,SUBSTANTIVE_HOLD,recover exact source or merge into stronger page
https://chamanlawfirm.com/necessary-document-to-prepare-upon-relocation,Necessary Document To Prepare Upon Relocation,high,not in parsed SQL,SUBSTANTIVE_HOLD,recover exact source or merge into stronger page
https://chamanlawfirm.com/powerful-steps-probate-lawyer-in-nigeria,Powerful Steps Probate Lawyer In Nigeria,high,not in parsed SQL,SUBSTANTIVE_HOLD,recover exact source or merge into stronger page
https://chamanlawfirm.com/strategies-to-protect-your-real-estate,Strategies To Protect Your Real Estate,high,not in parsed SQL,SUBSTANTIVE_HOLD,recover exact source or merge into stronger page
https://chamanlawfirm.com/joint-ventures-in-construction-projects,Joint Ventures In Construction Projects,high,not in parsed SQL,SUBSTANTIVE_HOLD,recover exact source or merge into stronger page
https://chamanlawfirm.com/navigating-legal-surrogacy-in-nigeria,Navigating Legal Surrogacy In Nigeria,high,not in parsed SQL,SUBSTANTIVE_HOLD,recover exact source or merge into stronger page
https://chamanlawfirm.com/understanding-the-lagos-state-amnesty-progra,Understanding The Lagos State Amnesty Progra,high,not in parsed SQL,SUBSTANTIVE_HOLD,recover exact source or merge into stronger page
https://chamanlawfirm.com/real-estate-practice-in-nigeria,Real Estate Practice In Nigeria,high,not in parsed SQL,SUBSTANTIVE_HOLD,recover exact source or merge into stronger page
https://chamanlawfirm.com/ip-real-estate-development-the-role-of,Ip Real Estate Development The Role Of,high,not in parsed SQL,SUBSTANTIVE_HOLD,recover exact source or merge into stronger page
https://chamanlawfirm.com/handling-cross-border-insolvency-issues,Handling Cross Border Insolvency Issues,high,not in parsed SQL,SUBSTANTIVE_HOLD,recover exact source or merge into stronger page
https://chamanlawfirm.com/real-estate-syndication-and-group-investment-in-nigeria-a-comprehensive-guide,Real Estate Syndication And Group Investment In Nigeria A Comprehensive Guide,high,not in parsed SQL,SUBSTANTIVE_HOLD,recover exact source or merge into stronger page
https://chamanlawfirm.com/empowering-safe-construction,Empowering Safe Construction,high,not in parsed SQL,SUBSTANTIVE_HOLD,recover exact source or merge into stronger page
https://chamanlawfirm.com/post-description-investing-in-retail-spaces-and-shopping-malls-in-nigeria-can-be-a-profitable-venture-this-article-explores-the-advantages-key-considerations-and-strategies-for-success-in-this-growin,Post Description Investing In Retail Spaces And Shopping Malls In Nigeria Can Be A Profitable Venture This Article Explores The Advantages Key Considerations And Strategies For Success In This Growin,high,not in parsed SQL,SUBSTANTIVE_HOLD,recover exact source or merge into stronger page
https://chamanlawfirm.com/the-land-use-act-on-real-estate-transactions,The Land Use Act On Real Estate Transactions,high,not in parsed SQL,SUBSTANTIVE_HOLD,recover exact source or merge into stronger page
https://chamanlawfirm.com/assault-and-battery-chaman-law-firm,Assault And Battery Chaman Law Firm,high,yes,RESTORED_TO_HIDDEN_SOURCE,complete image/legal gates then publish
https://chamanlawfirm.com/requirements-for-foreign-participation-in,Requirements For Foreign Participation In,high,not in parsed SQL,SUBSTANTIVE_HOLD,recover exact source or merge into stronger page
https://chamanlawfirm.com/legal-rights-of-online-consumers,Legal Rights Of Online Consumers,high,not in parsed SQL,SUBSTANTIVE_HOLD,recover exact source or merge into stronger page
https://chamanlawfirm.com/technology-integration-in-construction,Technology Integration In Construction,high,not in parsed SQL,SUBSTANTIVE_HOLD,recover exact source or merge into stronger page
https://chamanlawfirm.com/impact-of-labor-laws-on-business-operations,Impact Of Labor Laws On Business Operations,high,not in parsed SQL,SUBSTANTIVE_HOLD,recover exact source or merge into stronger page
https://chamanlawfirm.com/cyber-law-and-privacy-issues-in-nigerian-iot,Cyber Law And Privacy Issues In Nigerian Iot,high,not in parsed SQL,SUBSTANTIVE_HOLD,recover exact source or merge into stronger page
https://chamanlawfirm.com/legal-proven-expertise-joint-ownership,Legal Proven Expertise Joint Ownership,high,not in parsed SQL,SUBSTANTIVE_HOLD,recover exact source or merge into stronger page
https://chamanlawfirm.com/a-complete-guide-on-how-to-legalise-or-attest-a-document-in-nigeria,A Complete Guide On How To Legalise Or Attest A Document In Nigeria,high,not in parsed SQL,SUBSTANTIVE_HOLD,recover exact source or merge into stronger page
https://chamanlawfirm.com/our-legal-team,Our Legal Team,high,not in parsed SQL,SUBSTANTIVE_HOLD,recover exact source or merge into stronger page
https://chamanlawfirm.com/safety-and-security-in-nigerian-construction,Safety And Security In Nigerian Construction,high,not in parsed SQL,SUBSTANTIVE_HOLD,recover exact source or merge into stronger page
https://chamanlawfirm.com/boardroom-disputes-and-governance-challenge,Boardroom Disputes And Governance Challenge,high,not in parsed SQL,SUBSTANTIVE_HOLD,recover exact source or merge into stronger page
https://chamanlawfirm.com/establishment-of-resolution-funds-in-nigeria,Establishment Of Resolution Funds In Nigeria,high,not in parsed SQL,SUBSTANTIVE_HOLD,recover exact source or merge into stronger page
https://chamanlawfirm.com/steps-on-how-to-prepare-for-and-conduct-oral,Steps On How To Prepare For And Conduct Oral,high,not in parsed SQL,SUBSTANTIVE_HOLD,recover exact source or merge into stronger page
https://chamanlawfirm.com/what-are-the-required-permits-for-estate-development-in-ogun,What Are The Required Permits For Estate Development In Ogun,high,not in parsed SQL,SUBSTANTIVE_HOLD,recover exact source or merge into stronger page
https://chamanlawfirm.com/proven-steps-on-student-loan-act-in-nigeria,Proven Steps On Student Loan Act In Nigeria,high,not in parsed SQL,SUBSTANTIVE_HOLD,recover exact source or merge into stronger page
https://chamanlawfirm.com/environmental-permits-and-approvals-in-lagos,Environmental Permits And Approvals In Lagos,high,not in parsed SQL,SUBSTANTIVE_HOLD,recover exact source or merge into stronger page
https://chamanlawfirm.com/environmental-and-zoning-regulations,Environmental And Zoning Regulations,high,not in parsed SQL,SUBSTANTIVE_HOLD,recover exact source or merge into stronger page
https://chamanlawfirm.com/solution-to-building-collapse-incidences,Solution To Building Collapse Incidences,high,not in parsed SQL,SUBSTANTIVE_HOLD,recover exact source or merge into stronger page
https://chamanlawfirm.com/construction-safety-and-certification,Construction Safety And Certification,high,not in parsed SQL,SUBSTANTIVE_HOLD,recover exact source or merge into stronger page
https://chamanlawfirm.com/boundary-disputes-and-encroachments,Boundary Disputes And Encroachments,high,not in parsed SQL,SUBSTANTIVE_HOLD,recover exact source or merge into stronger page
https://chamanlawfirm.com/religious-institutions,Religious Institutions,high,not in parsed SQL,SUBSTANTIVE_HOLD,recover exact source or merge into stronger page
https://chamanlawfirm.com/statute-of-limitations-on-debt-in-nigeria-2,Statute Of Limitations On Debt In Nigeria 2,high,not in parsed SQL,SUBSTANTIVE_HOLD,recover exact source or merge into stronger page
https://chamanlawfirm.com/logistics-and-supply-chain-management,Logistics And Supply Chain Management,high,not in parsed SQL,SUBSTANTIVE_HOLD,recover exact source or merge into stronger page
https://chamanlawfirm.com/what-is-the-documentation-and-registration,What Is The Documentation And Registration,high,not in parsed SQL,SUBSTANTIVE_HOLD,recover exact source or merge into stronger page
https://chamanlawfirm.com/service/human-right-law,Human Right Law,high,not in parsed SQL,SUBSTANTIVE_HOLD,recover exact source or merge into stronger page
https://chamanlawfirm.com/mixed-use-residential-projects-in-nigeria,Mixed Use Residential Projects In Nigeria,high,not in parsed SQL,SUBSTANTIVE_HOLD,recover exact source or merge into stronger page
https://chamanlawfirm.com/legal-research-in-nigerian-law,Legal Research In Nigerian Law,high,not in parsed SQL,SUBSTANTIVE_HOLD,recover exact source or merge into stronger page
https://chamanlawfirm.com/cyber-law-nigerian-cultural-heritage,Cyber Law Nigerian Cultural Heritage,high,not in parsed SQL,SUBSTANTIVE_HOLD,recover exact source or merge into stronger page
https://chamanlawfirm.com/legal-framework-for-affordable-housing,Legal Framework For Affordable Housing,high,not in parsed SQL,SUBSTANTIVE_HOLD,recover exact source or merge into stronger page
https://chamanlawfirm.com/understanding-of-the-rights-of-stakeholders,Understanding Of The Rights Of Stakeholders,high,not in parsed SQL,SUBSTANTIVE_HOLD,recover exact source or merge into stronger page
https://chamanlawfirm.com/exclusive-possession-in-a-lease,Exclusive Possession In A Lease,high,not in parsed SQL,SUBSTANTIVE_HOLD,recover exact source or merge into stronger page
https://chamanlawfirm.com/steps-on-how-to-navigate-parental-rights,Steps On How To Navigate Parental Rights,high,not in parsed SQL,SUBSTANTIVE_HOLD,recover exact source or merge into stronger page
https://chamanlawfirm.com/who-can-liable-when-there-are-defects-in-construction,Who Can Liable When There Are Defects In Construction,high,not in parsed SQL,SUBSTANTIVE_HOLD,recover exact source or merge into stronger page
https://chamanlawfirm.com/how-to-legally-change-a-childs-surname,How To Legally Change A Childs Surname,high,not in parsed SQL,SUBSTANTIVE_HOLD,recover exact source or merge into stronger page
https://chamanlawfirm.com/implications-of-co-signing-a-lease-agreement,Implications Of Co Signing A Lease Agreement,high,not in parsed SQL,SUBSTANTIVE_HOLD,recover exact source or merge into stronger page
https://chamanlawfirm.com/procedure-by-the-nigeria-customs-service,Procedure By The Nigeria Customs Service,high,not in parsed SQL,SUBSTANTIVE_HOLD,recover exact source or merge into stronger page
https://chamanlawfirm.com/how-to-register-an-ngo-in-nigeria-a-proven,How To Register An Ngo In Nigeria A Proven,high,not in parsed SQL,SUBSTANTIVE_HOLD,recover exact source or merge into stronger page
https://chamanlawfirm.com/real-estate-investment-financing-in-nigeria,Real Estate Investment Financing In Nigeria,high,not in parsed SQL,SUBSTANTIVE_HOLD,recover exact source or merge into stronger page
https://chamanlawfirm.com/multi-national-franchises-in-nigeria,Multi National Franchises In Nigeria,high,not in parsed SQL,SUBSTANTIVE_HOLD,recover exact source or merge into stronger page
https://chamanlawfirm.com/when-can-an-arrest-be-validly-made,When Can An Arrest Be Validly Made,high,not in parsed SQL,SUBSTANTIVE_HOLD,recover exact source or merge into stronger page
https://chamanlawfirm.com/safety-standard-in-nigeria-construction,Safety Standard In Nigeria Construction,high,not in parsed SQL,SUBSTANTIVE_HOLD,recover exact source or merge into stronger page
https://chamanlawfirm.com/public-infrastructure-projects-in-nigeria,Public Infrastructure Projects In Nigeria,high,not in parsed SQL,SUBSTANTIVE_HOLD,recover exact source or merge into stronger page
https://chamanlawfirm.com/how-do-la-neighboring-communities-in-nigeria,How Do La Neighboring Communities In Nigeria,high,not in parsed SQL,SUBSTANTIVE_HOLD,recover exact source or merge into stronger page
https://chamanlawfirm.com/northern-infrastructure-projects,Northern Infrastructure Projects,high,not in parsed SQL,SUBSTANTIVE_HOLD,recover exact source or merge into stronger page
https://chamanlawfirm.com/crucial-role-of-insolvency-practitioners,Crucial Role Of Insolvency Practitioners,high,not in parsed SQL,SUBSTANTIVE_HOLD,recover exact source or merge into stronger page
https://chamanlawfirm.com/newblogpost-zjg4hvhow-to-obtain-a-business-permit-in-nigeria,Newblogpost Zjg4hvhow To Obtain A Business Permit In Nigeria,high,not in parsed SQL,SUBSTANTIVE_HOLD,recover exact source or merge into stronger page
https://chamanlawfirm.com/how-to-get-a-judgment-enforced-in-nigeria,How To Get A Judgment Enforced In Nigeria,high,not in parsed SQL,SUBSTANTIVE_HOLD,recover exact source or merge into stronger page
https://chamanlawfirm.com/international-business-legal-considerations,International Business Legal Considerations,high,not in parsed SQL,SUBSTANTIVE_HOLD,recover exact source or merge into stronger page
https://chamanlawfirm.com/overview-of-laws-governing,Overview Of Laws Governing,high,not in parsed SQL,SUBSTANTIVE_HOLD,recover exact source or merge into stronger page
https://chamanlawfirm.com/legal-compliance-issues-facing-e-commerce,Legal Compliance Issues Facing E Commerce,high,not in parsed SQL,SUBSTANTIVE_HOLD,recover exact source or merge into stronger page
https://chamanlawfirm.com/confirm-if-an-estate-developer-is-genuine,Confirm If An Estate Developer Is Genuine,high,not in parsed SQL,SUBSTANTIVE_HOLD,recover exact source or merge into stronger page
https://chamanlawfirm.com/venture-capital-in-nigeria,Venture Capital In Nigeria,high,not in parsed SQL,SUBSTANTIVE_HOLD,recover exact source or merge into stronger page
https://chamanlawfirm.com/requirements-for-a-broker-dealer-in-nigeria,Requirements For A Broker Dealer In Nigeria,high,not in parsed SQL,SUBSTANTIVE_HOLD,recover exact source or merge into stronger page
https://chamanlawfirm.com/how-to-apply-for-building-permit-in-nigeria,How To Apply For Building Permit In Nigeria,high,not in parsed SQL,SUBSTANTIVE_HOLD,recover exact source or merge into stronger page
https://chamanlawfirm.com/cross-border-transactions-in-nigeria,Cross Border Transactions In Nigeria,high,not in parsed SQL,SUBSTANTIVE_HOLD,recover exact source or merge into stronger page
https://chamanlawfirm.com/what-is-unfair-competition-in-business,What Is Unfair Competition In Business,high,not in parsed SQL,SUBSTANTIVE_HOLD,recover exact source or merge into stronger page
https://chamanlawfirm.com/insurance-in-construction-projects,Insurance In Construction Projects,high,not in parsed SQL,SUBSTANTIVE_HOLD,recover exact source or merge into stronger page
https://chamanlawfirm.com/legal-framework-for-virtual-reality-4-key-n,Legal Framework For Virtual Reality 4 Key N,high,not in parsed SQL,SUBSTANTIVE_HOLD,recover exact source or merge into stronger page
https://chamanlawfirm.com/real-estate-business-plan,Real Estate Business Plan,high,not in parsed SQL,SUBSTANTIVE_HOLD,recover exact source or merge into stronger page
https://chamanlawfirm.com/the-overview-of-pre-trial-conferencing,The Overview Of Pre Trial Conferencing,high,not in parsed SQL,SUBSTANTIVE_HOLD,recover exact source or merge into stronger page
https://chamanlawfirm.com/top-law-firm-blog,Top Law Firm Blog,high,not in parsed SQL,SUBSTANTIVE_HOLD,recover exact source or merge into stronger page
https://chamanlawfirm.com/how-to-prepare-a-deed-of-assignment-in-nigeria,How To Prepare A Deed Of Assignment In Nigeria,high,not in parsed SQL,SUBSTANTIVE_HOLD,recover exact source or merge into stronger page
https://chamanlawfirm.com/beyond-the-spin-explore-premium-games-and,Beyond The Spin Explore Premium Games And,high,not in parsed SQL,SUBSTANTIVE_HOLD,recover exact source or merge into stronger page
https://chamanlawfirm.com/powerful-steps-tips-to-prevent-identity-fraud,Powerful Steps Tips To Prevent Identity Fraud,high,not in parsed SQL,SUBSTANTIVE_HOLD,recover exact source or merge into stronger page
https://chamanlawfirm.com/robbery-and-theft-chaman-lw-firm,Robbery And Theft Chaman Lw Firm,high,yes,RESTORED_TO_HIDDEN_SOURCE,complete image/legal gates then publish
https://chamanlawfirm.com/compliance-and-governance-for-ngos,Compliance And Governance For Ngos,high,not in parsed SQL,SUBSTANTIVE_HOLD,recover exact source or merge into stronger page
https://chamanlawfirm.com/protection-of-critical-infrastructure,Protection Of Critical Infrastructure,high,not in parsed SQL,SUBSTANTIVE_HOLD,recover exact source or merge into stronger page
https://chamanlawfirm.com/dispute-in-nigerian-real-estate-transactions,Dispute In Nigerian Real Estate Transactions,high,not in parsed SQL,SUBSTANTIVE_HOLD,recover exact source or merge into stronger page
https://chamanlawfirm.com/impact-of-dispute-resolution,Impact Of Dispute Resolution,high,not in parsed SQL,SUBSTANTIVE_HOLD,recover exact source or merge into stronger page
https://chamanlawfirm.com/consumer-complaints-and-returns-in-nigeria,Consumer Complaints And Returns In Nigeria,high,not in parsed SQL,SUBSTANTIVE_HOLD,recover exact source or merge into stronger page
https://chamanlawfirm.com/proven-steps-on-creating-a-lease-agreement,Proven Steps On Creating A Lease Agreement,high,not in parsed SQL,SUBSTANTIVE_HOLD,recover exact source or merge into stronger page
https://chamanlawfirm.com/what-challenges-arise-in-mapping-documenting,What Challenges Arise In Mapping Documenting,high,not in parsed SQL,SUBSTANTIVE_HOLD,recover exact source or merge into stronger page
https://chamanlawfirm.com/insurance-claims-chaman-law-firm,Insurance Claims Chaman Law Firm,high,not in parsed SQL,SUBSTANTIVE_HOLD,recover exact source or merge into stronger page
https://chamanlawfirm.com/the-requirements-bank,The Requirements Bank,high,not in parsed SQL,SUBSTANTIVE_HOLD,recover exact source or merge into stronger page
https://chamanlawfirm.com/strategies-for-successful-dispute-resolution,Strategies For Successful Dispute Resolution,high,not in parsed SQL,SUBSTANTIVE_HOLD,recover exact source or merge into stronger page
https://chamanlawfirm.com/an-overview-of-law-office-management,An Overview Of Law Office Management,high,not in parsed SQL,SUBSTANTIVE_HOLD,recover exact source or merge into stronger page
https://chamanlawfirm.com/legal-considerations-for-cross-border-disputes,Legal Considerations For Cross Border Disputes,high,not in parsed SQL,SUBSTANTIVE_HOLD,recover exact source or merge into stronger page
https://chamanlawfirm.com/the-legal-framework-for-venture-capital,The Legal Framework For Venture Capital,high,not in parsed SQL,SUBSTANTIVE_HOLD,recover exact source or merge into stronger page
https://chamanlawfirm.com/free-open-lawyer-software,Free Open Lawyer Software,high,not in parsed SQL,SUBSTANTIVE_HOLD,recover exact source or merge into stronger page
https://chamanlawfirm.com/the-inheritance-rights-of-family-members,The Inheritance Rights Of Family Members,high,not in parsed SQL,SUBSTANTIVE_HOLD,recover exact source or merge into stronger page
https://chamanlawfirm.com/legal-aspects-of-mergers-and-acquisitions,Legal Aspects Of Mergers And Acquisitions,high,not in parsed SQL,SUBSTANTIVE_HOLD,recover exact source or merge into stronger page
https://chamanlawfirm.com/securities-and-exchange-commission-in-nigeria,Securities And Exchange Commission In Nigeria,high,not in parsed SQL,SUBSTANTIVE_HOLD,recover exact source or merge into stronger page
https://chamanlawfirm.com/industrial-construction-projects-in-nigeria,Industrial Construction Projects In Nigeria,high,not in parsed SQL,SUBSTANTIVE_HOLD,recover exact source or merge into stronger page
https://chamanlawfirm.com/how-do-i-legally-acquire-a-mansion-in-pinnock,How Do I Legally Acquire A Mansion In Pinnock,high,not in parsed SQL,SUBSTANTIVE_HOLD,recover exact source or merge into stronger page
https://chamanlawfirm.com/expanding-trade-operations,Expanding Trade Operations,high,not in parsed SQL,SUBSTANTIVE_HOLD,recover exact source or merge into stronger page
https://chamanlawfirm.com/legal-process-for-families-and-executors,Legal Process For Families And Executors,high,not in parsed SQL,SUBSTANTIVE_HOLD,recover exact source or merge into stronger page
https://chamanlawfirm.com/cyber-law-and-e-commerce-ensuring-4-safe-online-transactions,Cyber Law And E Commerce Ensuring 4 Safe Online Transactions,high,not in parsed SQL,SUBSTANTIVE_HOLD,recover exact source or merge into stronger page
https://chamanlawfirm.com/what-is-a-gazette-and-excision-in-ogun-state,What Is A Gazette And Excision In Ogun State,high,not in parsed SQL,SUBSTANTIVE_HOLD,recover exact source or merge into stronger page
https://chamanlawfirm.com/what-are-the-steps-to-protect-trade-secret-under-the-nigerian-law,What Are The Steps To Protect Trade Secret Under The Nigerian Law,high,not in parsed SQL,SUBSTANTIVE_HOLD,recover exact source or merge into stronger page
https://chamanlawfirm.com/what-are-the-laws-operating-in-lagos-state,What Are The Laws Operating In Lagos State,high,not in parsed SQL,SUBSTANTIVE_HOLD,recover exact source or merge into stronger page
https://chamanlawfirm.com/what-is-trespass-to-land,What Is Trespass To Land,high,not in parsed SQL,SUBSTANTIVE_HOLD,recover exact source or merge into stronger page
https://chamanlawfirm.com/ultimate-guide-how-to-apply-and-obtain-letter-of-administration-in-lagos-state-2025-update-authored-by-charles-chukwuma-nkwoka-esq-ksm-llb-bl-llm-cmc-fimc-aicmc-aciarb-managing-partner,Ultimate Guide How To Apply And Obtain Letter Of Administration In Lagos State 2025 Update Authored By Charles Chukwuma Nkwoka Esq Ksm Llb Bl Llm Cmc Fimc Aicmc Aciarb Managing Partner,high,not in parsed SQL,SUBSTANTIVE_HOLD,recover exact source or merge into stronger page
https://chamanlawfirm.com/breach-of-promise-to-marry,Breach Of Promise To Marry,high,not in parsed SQL,SUBSTANTIVE_HOLD,recover exact source or merge into stronger page
https://chamanlawfirm.com/gender-diversity-in-construction-industry,Gender Diversity In Construction Industry,high,not in parsed SQL,SUBSTANTIVE_HOLD,recover exact source or merge into stronger page
https://chamanlawfirm.com/penalties-for-building-without-approval-chaman,Penalties For Building Without Approval Chaman,high,not in parsed SQL,SUBSTANTIVE_HOLD,recover exact source or merge into stronger page
https://chamanlawfirm.com/difference-between-testate-and-intestate-succession,Difference Between Testate And Intestate Succession,high,not in parsed SQL,SUBSTANTIVE_HOLD,recover exact source or merge into stronger page
https://chamanlawfirm.com/legal-protection-of-foreign-investment,Legal Protection Of Foreign Investment,high,not in parsed SQL,SUBSTANTIVE_HOLD,recover exact source or merge into stronger page
https://chamanlawfirm.com/role-of-cyber-law-innigerian-digital-markets,Role Of Cyber Law Innigerian Digital Markets,high,not in parsed SQL,SUBSTANTIVE_HOLD,recover exact source or merge into stronger page
https://chamanlawfirm.com/who-is-the-best-decision-body-for-incor-cama,Who Is The Best Decision Body For Incor Cama,high,not in parsed SQL,SUBSTANTIVE_HOLD,recover exact source or merge into stronger page
https://chamanlawfirm.com/challenges-and-opportunities-in-real-estate-investment-financing-in-nigeria,Challenges And Opportunities In Real Estate Investment Financing In Nigeria,high,not in parsed SQL,SUBSTANTIVE_HOLD,recover exact source or merge into stronger page
https://chamanlawfirm.com/2024,2024,high,not in parsed SQL,SUBSTANTIVE_HOLD,recover exact source or merge into stronger page
https://chamanlawfirm.com/index.php,Index.Php,high,not in parsed SQL,SUBSTANTIVE_HOLD,recover exact source or merge into stronger page
https://chamanlawfirm.com/stay-casino-no-deposit-bonus-play-online-casino-games-in-english-for-australian-players,Stay Casino No Deposit Bonus Play Online Casino Games In English For Australian Players,high,not in parsed SQL,SUBSTANTIVE_HOLD,recover exact source or merge into stronger page
https://chamanlawfirm.com/international-money-transfer-service-license,International Money Transfer Service License,high,not in parsed SQL,SUBSTANTIVE_HOLD,recover exact source or merge into stronger page
https://chamanlawfirm.com/allocation-for-protected-areas-and-conserva,Allocation For Protected Areas And Conserva,high,not in parsed SQL,SUBSTANTIVE_HOLD,recover exact source or merge into stronger page
https://chamanlawfirm.com/what-are-the-legal-steps-to-evict-a-tenant,What Are The Legal Steps To Evict A Tenant,high,not in parsed SQL,SUBSTANTIVE_HOLD,recover exact source or merge into stronger page
https://chamanlawfirm.com/legal-issues-in-investment-and-fund-management,Legal Issues In Investment And Fund Management,high,not in parsed SQL,SUBSTANTIVE_HOLD,recover exact source or merge into stronger page
https://chamanlawfirm.com/strategies-for-managing-financial-distress,Strategies For Managing Financial Distress,high,not in parsed SQL,SUBSTANTIVE_HOLD,recover exact source or merge into stronger page
https://chamanlawfirm.com/law,Law,high,not in parsed SQL,SUBSTANTIVE_HOLD,recover exact source or merge into stronger page
https://chamanlawfirm.com/why-you-need-to-register-a-limited-liabilit,Why You Need To Register A Limited Liabilit,high,not in parsed SQL,SUBSTANTIVE_HOLD,recover exact source or merge into stronger page
https://chamanlawfirm.com/nigerian-real-estate-investment-pitfalls,Nigerian Real Estate Investment Pitfalls,high,not in parsed SQL,SUBSTANTIVE_HOLD,recover exact source or merge into stronger page
https://chamanlawfirm.com/what-are-the-essential-things-to-know-when-purchasing-a-house1,What Are The Essential Things To Know When Purchasing A House1,high,not in parsed SQL,SUBSTANTIVE_HOLD,recover exact source or merge into stronger page
https://chamanlawfirm.com/family-law-issues-in-inter-country-adoption,Family Law Issues In Inter Country Adoption,high,not in parsed SQL,SUBSTANTIVE_HOLD,recover exact source or merge into stronger page
https://chamanlawfirm.com/water-management-in-nigeria,Water Management In Nigeria,high,not in parsed SQL,SUBSTANTIVE_HOLD,recover exact source or merge into stronger page
https://chamanlawfirm.com/sustainability-and-green-real-estate-initiatives,Sustainability And Green Real Estate Initiatives,high,not in parsed SQL,SUBSTANTIVE_HOLD,recover exact source or merge into stronger page
https://chamanlawfirm.com/nigerian-urban-development,Nigerian Urban Development,high,not in parsed SQL,SUBSTANTIVE_HOLD,recover exact source or merge into stronger page
https://chamanlawfirm.com/considerations-for-cross-border-transactions,Considerations For Cross Border Transactions,high,not in parsed SQL,SUBSTANTIVE_HOLD,recover exact source or merge into stronger page
https://chamanlawfirm.com/what-is-liability-for-negligence,What Is Liability For Negligence,high,not in parsed SQL,SUBSTANTIVE_HOLD,recover exact source or merge into stronger page
https://chamanlawfirm.com/6-proven-steps-to-labor-dispute-resolution,6 Proven Steps To Labor Dispute Resolution,high,not in parsed SQL,SUBSTANTIVE_HOLD,recover exact source or merge into stronger page
https://chamanlawfirm.com/immigration-policy-in-attracting-foreign-talent,Immigration Policy In Attracting Foreign Talent,high,not in parsed SQL,SUBSTANTIVE_HOLD,recover exact source or merge into stronger page
https://chamanlawfirm.com/ogun-state-locations-for-diaspora-investment,Ogun State Locations For Diaspora Investment,high,not in parsed SQL,SUBSTANTIVE_HOLD,recover exact source or merge into stronger page
https://chamanlawfirm.com/navigating-legal-issues-in-online-education,Navigating Legal Issues In Online Education,high,not in parsed SQL,SUBSTANTIVE_HOLD,recover exact source or merge into stronger page
https://chamanlawfirm.com/the-strategic-role-of-alternative-disputes,The Strategic Role Of Alternative Disputes,high,not in parsed SQL,SUBSTANTIVE_HOLD,recover exact source or merge into stronger page
https://chamanlawfirm.com/proven-benefits-of-international-arbitration,Proven Benefits Of International Arbitration,high,not in parsed SQL,SUBSTANTIVE_HOLD,recover exact source or merge into stronger page
https://chamanlawfirm.com/investment-in-ogun-state-chaman-law-firm,Investment In Ogun State Chaman Law Firm,high,not in parsed SQL,SUBSTANTIVE_HOLD,recover exact source or merge into stronger page
https://chamanlawfirm.com/cargo-insurance-policies,Cargo Insurance Policies,high,not in parsed SQL,SUBSTANTIVE_HOLD,recover exact source or merge into stronger page
https://chamanlawfirm.com/compliance-with-labor-standards,Compliance With Labor Standards,high,not in parsed SQL,SUBSTANTIVE_HOLD,recover exact source or merge into stronger page
https://chamanlawfirm.com/partnership-with-real-estate-developers,Partnership With Real Estate Developers,high,not in parsed SQL,SUBSTANTIVE_HOLD,recover exact source or merge into stronger page
https://chamanlawfirm.com/trade-policies,Trade Policies,high,not in parsed SQL,SUBSTANTIVE_HOLD,recover exact source or merge into stronger page
https://chamanlawfirm.com/the-role-o-commecial-law-in-the-agricultural,The Role O Commecial Law In The Agricultural,high,not in parsed SQL,SUBSTANTIVE_HOLD,recover exact source or merge into stronger page
https://chamanlawfirm.com/dispute-resolution-process-in-nigeria,Dispute Resolution Process In Nigeria,high,not in parsed SQL,SUBSTANTIVE_HOLD,recover exact source or merge into stronger page
https://chamanlawfirm.com/obtain-legal-guardianship-of-a-child,Obtain Legal Guardianship Of A Child,high,not in parsed SQL,SUBSTANTIVE_HOLD,recover exact source or merge into stronger page
https://chamanlawfirm.com/how-to-avoid-and-stop-foreclosure,How To Avoid And Stop Foreclosure,high,not in parsed SQL,SUBSTANTIVE_HOLD,recover exact source or merge into stronger page
https://chamanlawfirm.com/how-does-the-land-use-act-impact-housing-development-in-nigeria,How Does The Land Use Act Impact Housing Development In Nigeria,high,not in parsed SQL,SUBSTANTIVE_HOLD,recover exact source or merge into stronger page
https://chamanlawfirm.com/marriage-annulment-in-nigeria-how-to-legally-void-a-marriage,Marriage Annulment In Nigeria How To Legally Void A Marriage,high,not in parsed SQL,SUBSTANTIVE_HOLD,recover exact source or merge into stronger page
https://chamanlawfirm.com/professional-certification,Professional Certification,high,not in parsed SQL,SUBSTANTIVE_HOLD,recover exact source or merge into stronger page
https://chamanlawfirm.com/what-documents-should-i-check-before-purchasing-land-in-ogun-state,What Documents Should I Check Before Purchasing Land In Ogun State,high,not in parsed SQL,SUBSTANTIVE_HOLD,recover exact source or merge into stronger page
https://chamanlawfirm.com/data-misuse-data-theft-protection-in-nigeria,Data Misuse Data Theft Protection In Nigeria,high,not in parsed SQL,SUBSTANTIVE_HOLD,recover exact source or merge into stronger page
https://chamanlawfirm.com/disadvantages-of-not-getting-a-business-permit-in-lagos,Disadvantages Of Not Getting A Business Permit In Lagos,high,not in parsed SQL,SUBSTANTIVE_HOLD,recover exact source or merge into stronger page
https://chamanlawfirm.com/beyond-the-spin-elevate-your-play-with-thousands-2,Beyond The Spin Elevate Your Play With Thousands 2,high,not in parsed SQL,SUBSTANTIVE_HOLD,recover exact source or merge into stronger page
https://chamanlawfirm.com/does-a-consumer-has-rights-in-nigeria,Does A Consumer Has Rights In Nigeria,high,not in parsed SQL,SUBSTANTIVE_HOLD,recover exact source or merge into stronger page
https://chamanlawfirm.com/discrimination-and-xenophobia-against-immigrants,Discrimination And Xenophobia Against Immigrants,high,not in parsed SQL,SUBSTANTIVE_HOLD,recover exact source or merge into stronger page
https://chamanlawfirm.com/how-to-navigate-the-federal-high-court,How To Navigate The Federal High Court,high,not in parsed SQL,SUBSTANTIVE_HOLD,recover exact source or merge into stronger page
https://chamanlawfirm.com/7-legal-advice-for-employee-misconduct-cases,7 Legal Advice For Employee Misconduct Cases,high,not in parsed SQL,SUBSTANTIVE_HOLD,recover exact source or merge into stronger page
https://chamanlawfirm.com/understanding-the-nigerian-tax-law-a-comprehensive-guide-for-individuals-and-businesses,Understanding The Nigerian Tax Law A Comprehensive Guide For Individuals And Businesses,high,not in parsed SQL,SUBSTANTIVE_HOLD,recover exact source or merge into stronger page
https://chamanlawfirm.com/powerful-ways-on-bail-applications,Powerful Ways On Bail Applications,high,yes,RESTORED_TO_HIDDEN_SOURCE,complete image/legal gates then publish
https://chamanlawfirm.com/ngos-in-supporting-immigrants-in-nigeria,Ngos In Supporting Immigrants In Nigeria,high,not in parsed SQL,SUBSTANTIVE_HOLD,recover exact source or merge into stronger page
https://chamanlawfirm.com/citizenship-applications-chaman-law-firm,Citizenship Applications,low,yes,RESTORED_TO_HIDDEN_SOURCE,complete image/legal gates then publish
https://chamanlawfirm.com/corporate-taxation,Corporate Taxation,low,yes,RESTORED_TO_HIDDEN_SOURCE,complete image/legal gates then publish
https://chamanlawfirm.com/criminal-defense-on-legal-matters,Criminal Defense,low,yes,RESTORED_TO_HIDDEN_SOURCE,complete image/legal gates then publish
https://chamanlawfirm.com/cyber-crimes-chaman-law-firm,Cyber Crimes,low,yes,RESTORED_TO_HIDDEN_SOURCE,complete image/legal gates then publish
https://chamanlawfirm.com/disciplinary-procedures-chaman-law-firm,Disciplinary Procedures,low,yes,RESTORED_TO_HIDDEN_SOURCE,complete image/legal gates then publish
https://chamanlawfirm.com/employment-contracts-chaman-la-firm,Employment Contracts,low,yes,RESTORED_TO_HIDDEN_SOURCE,complete image/legal gates then publish
https://chamanlawfirm.com/employment-discrimination-claims-legal-services,Employment Discrimination Claims,low,yes,RESTORED_TO_HIDDEN_SOURCE,complete image/legal gates then publish
https://chamanlawfirm.com/ibraheem-akewusola-esq,Ibraheem Akewusola Esq,low,not in parsed SQL,LOW_VALUE_RETIRED,recover exact source or merge into stronger page
https://chamanlawfirm.com/justina-obriko-esq,Justina Obriko Esq,low,not in parsed SQL,LOW_VALUE_RETIRED,recover exact source or merge into stronger page
https://chamanlawfirm.com/labor-union-negotiations-chaman-law-firm,Labor Union Negotiations,low,yes,RESTORED_TO_HIDDEN_SOURCE,complete image/legal gates then publish
https://chamanlawfirm.com/legal-experts-on-deportation-defense,Deportation Defense,low,yes,RESTORED_TO_HIDDEN_SOURCE,complete image/legal gates then publish
https://chamanlawfirm.com/martha-elendu-esq,Martha Elendu Esq,low,not in parsed SQL,LOW_VALUE_RETIRED,recover exact source or merge into stronger page
https://chamanlawfirm.com/permanent-residency-support-chaman-law-firm,Permanent Residency Support,low,yes,RESTORED_TO_HIDDEN_SOURCE,complete image/legal gates then publish
https://chamanlawfirm.com/powerful-way-of-work-permits-chaman-law-firm,Work Permits,low,yes,RESTORED_TO_HIDDEN_SOURCE,complete image/legal gates then publish
https://chamanlawfirm.com/powerful-way-to-workplace-disputes,Workplace Disputes,low,yes,RESTORED_TO_HIDDEN_SOURCE,complete image/legal gates then publish
https://chamanlawfirm.com/powerful-ways-on-fraud-and-financial-crimes,Fraud and Financial Crimes,low,yes,RESTORED_TO_HIDDEN_SOURCE,complete image/legal gates then publish
https://chamanlawfirm.com/powerful-ways-on-human-rights-violations,Human Rights Violations,low,yes,RESTORED_TO_HIDDEN_SOURCE,complete image/legal gates then publish
https://chamanlawfirm.com/powerful-ways-on-value-added-tax-issues,Value Added Tax Issues,low,yes,RESTORED_TO_HIDDEN_SOURCE,complete image/legal gates then publish
https://chamanlawfirm.com/resovtax-disputes-chaman-law-firm,Tax Disputes,low,yes,RESTORED_TO_HIDDEN_SOURCE,complete image/legal gates then publish
https://chamanlawfirm.com/tax-planning-and-compliance-chaman-law-firm,Tax Planning and Compliance,low,yes,RESTORED_TO_HIDDEN_SOURCE,complete image/legal gates then publish
https://chamanlawfirm.com/termination-of-employment-chaman-law-firm,Termination of Employment,low,yes,RESTORED_TO_HIDDEN_SOURCE,complete image/legal gates then publish
https://chamanlawfirm.com/visa-applications-legal-service-chaman-law-firm,Visa Applications,low,yes,RESTORED_TO_HIDDEN_SOURCE,complete image/legal gates then publish
