slug,legacy_url,stronger_url,decision,reason
polygamy-and-multiple-marriages-in-nigeria,https://chamanlawfirm.com/polygamy-and-multiple-marriages-in-nigeria,https://chamanlawfirm.com/practice-areas/family-law,merge/redirect to stronger existing page,stronger existing practice/service page is the safer target
can-a-minor-enter-into-a-valid-contract-in-nigeria,https://chamanlawfirm.com/can-a-minor-enter-into-a-valid-contract-in-nigeria,https://chamanlawfirm.com/practice-areas/corporate-commercial-law/minor-contract-capacity,merge/redirect to stronger existing page,stronger existing practice/service page is the safer target
powerful-steps-sources-of-tax-law-in-nigeria,https://chamanlawfirm.com/powerful-steps-sources-of-tax-law-in-nigeria,https://chamanlawfirm.com/practice-areas/corporate-commercial-law,merge/redirect to stronger existing page,stronger existing practice/service page is the safer target
deed-of-assignment-in-nigeria,https://chamanlawfirm.com/deed-of-assignment-in-nigeria,https://chamanlawfirm.com/practice-areas/property-real-estate-law,merge/redirect to stronger existing page,stronger existing practice/service page is the safer target
gain-nigerian-citizenship-by-marriage,https://chamanlawfirm.com/gain-nigerian-citizenship-by-marriage,https://chamanlawfirm.com/practice-areas/immigration-services/citizenship-by-marriage-advisory,merge/redirect to stronger existing page,stronger existing practice/service page is the safer target
what-is-the-implication-of-quit-notice,https://chamanlawfirm.com/what-is-the-implication-of-quit-notice,https://chamanlawfirm.com/practice-areas/property-real-estate-law/quit-notice-advisory,merge/redirect to stronger existing page,stronger existing practice/service page is the safer target
individual-tax-clearance-certificate,https://chamanlawfirm.com/individual-tax-clearance-certificate,https://chamanlawfirm.com/practice-areas/corporate-commercial-law/tax-clearance-certificate,merge/redirect to stronger existing page,stronger existing practice/service page is the safer target
steps-on-how-to-confidently-report-acrimelaw,https://chamanlawfirm.com/steps-on-how-to-confidently-report-acrimelaw,https://chamanlawfirm.com/practice-areas/litigation-dispute-resolution,merge/redirect to stronger existing page,stronger existing practice/service page is the safer target
how-to-legally-evict-a-tenant-in-lagos-state,https://chamanlawfirm.com/how-to-legally-evict-a-tenant-in-lagos-state,https://chamanlawfirm.com/practice-areas/property-real-estate-law,merge/redirect to stronger existing page,stronger existing practice/service page is the safer target
how-to-calculate-and-pay-land-use-charge,https://chamanlawfirm.com/how-to-calculate-and-pay-land-use-charge,https://chamanlawfirm.com/practice-areas/property-real-estate-law/land-use-charge,merge/redirect to stronger existing page,stronger existing practice/service page is the safer target
7-effective-steps-to-take-when-a-landlord-refuses-to-return-your-rent-deposit,https://chamanlawfirm.com/7-effective-steps-to-take-when-a-landlord-refuses-to-return-your-rent-deposit,https://chamanlawfirm.com/practice-areas/property-real-estate-law/landlords-and-tenants-in-nigeria,merge/redirect to stronger existing page,stronger existing practice/service page is the safer target
how-to-resolve-land-disputes-in-nigeria-with,https://chamanlawfirm.com/how-to-resolve-land-disputes-in-nigeria-with,https://chamanlawfirm.com/practice-areas/adr-mediation,merge/redirect to stronger existing page,stronger existing practice/service page is the safer target
breach-of-promise-to-marriage-in-nigeria,https://chamanlawfirm.com/breach-of-promise-to-marriage-in-nigeria,https://chamanlawfirm.com/practice-areas/family-law,merge/redirect to stronger existing page,stronger existing practice/service page is the safer target
proven-steps-onoverview-of-the-child-right-act,https://chamanlawfirm.com/proven-steps-onoverview-of-the-child-right-act,https://chamanlawfirm.com/practice-areas/family-law,merge/redirect to stronger existing page,stronger existing practice/service page is the safer target
clauses-for-drafting-a-tenancy-agreement,https://chamanlawfirm.com/clauses-for-drafting-a-tenancy-agreement,https://chamanlawfirm.com/practice-areas/property-real-estate-law,merge/redirect to stronger existing page,stronger existing practice/service page is the safer target
right-of-an-illegitimate-child,https://chamanlawfirm.com/right-of-an-illegitimate-child,https://chamanlawfirm.com/practice-areas/family-law,merge/redirect to stronger existing page,stronger existing practice/service page is the safer target
limitation-of-action-in-nigeria,https://chamanlawfirm.com/limitation-of-action-in-nigeria,https://chamanlawfirm.com/practice-areas/litigation-dispute-resolution,merge/redirect to stronger existing page,stronger existing practice/service page is the safer target
tenancy-dispute-resolution-in-ogun-state,https://chamanlawfirm.com/tenancy-dispute-resolution-in-ogun-state,https://chamanlawfirm.com/practice-areas/property-real-estate-law/landlords-and-tenants-in-nigeria,merge/redirect to stronger existing page,stronger existing practice/service page is the safer target
how-long-does-it-take-to-get-c-of-o-in-ogun-sta,https://chamanlawfirm.com/how-long-does-it-take-to-get-c-of-o-in-ogun-sta,https://chamanlawfirm.com/practice-areas/property-real-estate-law/certificate-of-occupancy,merge/redirect to stronger existing page,stronger existing practice/service page is the safer target
survey-plans-and-certificates-of-occupancy,https://chamanlawfirm.com/survey-plans-and-certificates-of-occupancy,https://chamanlawfirm.com/practice-areas/property-real-estate-law/certificate-of-occupancy,merge/redirect to stronger existing page,stronger existing practice/service page is the safer target
powerful-steps-what-is-trespass-to-land,https://chamanlawfirm.com/powerful-steps-what-is-trespass-to-land,https://chamanlawfirm.com/practice-areas/property-real-estate-law,merge/redirect to stronger existing page,stronger existing practice/service page is the safer target
issues-land-grabbing-and-encroachment-in-nigeria,https://chamanlawfirm.com/issues-land-grabbing-and-encroachment-in-nigeria,https://chamanlawfirm.com/practice-areas/property-real-estate-law,merge/redirect to stronger existing page,stronger existing practice/service page is the safer target
guardianship-and-custody-rights-of-minors,https://chamanlawfirm.com/guardianship-and-custody-rights-of-minors,https://chamanlawfirm.com/practice-areas/family-law,merge/redirect to stronger existing page,stronger existing practice/service page is the safer target
corporate-affairs-commission-in-nigeria,https://chamanlawfirm.com/corporate-affairs-commission-in-nigeria,https://chamanlawfirm.com/practice-areas/corporate-commercial-law/cac-compliance-and-company-records,merge/redirect to stronger existing page,stronger existing practice/service page is the safer target
what-makes-a-valid-employment-contract-in-nigeria,https://chamanlawfirm.com/what-makes-a-valid-employment-contract-in-nigeria,https://chamanlawfirm.com/practice-areas/employment-law,merge/redirect to stronger existing page,stronger existing practice/service page is the safer target
accountability-in-corporate-governance-in-nigeria,https://chamanlawfirm.com/accountability-in-corporate-governance-in-nigeria,https://chamanlawfirm.com/practice-areas/corporate-commercial-law,merge/redirect to stronger existing page,stronger existing practice/service page is the safer target
business-name-and-a-company-limited-by-shares,https://chamanlawfirm.com/business-name-and-a-company-limited-by-shares,https://chamanlawfirm.com/practice-areas/corporate-commercial-law,merge/redirect to stronger existing page,stronger existing practice/service page is the safer target
legal-aspects-of-employment-contracts,https://chamanlawfirm.com/legal-aspects-of-employment-contracts,https://chamanlawfirm.com/practice-areas/employment-law,merge/redirect to stronger existing page,stronger existing practice/service page is the safer target
ultimate-legal-guide-to-buying-land-in-nigeria,https://chamanlawfirm.com/ultimate-legal-guide-to-buying-land-in-nigeria,https://chamanlawfirm.com/practice-areas/property-real-estate-law/property-due-diligence,merge/redirect to stronger existing page,stronger existing practice/service page is the safer target
registering-property-titles-in-nigeria,https://chamanlawfirm.com/registering-property-titles-in-nigeria,https://chamanlawfirm.com/practice-areas/property-real-estate-law/land-registration,merge/redirect to stronger existing page,stronger existing practice/service page is the safer target
real-estate-and-property-law,https://chamanlawfirm.com/real-estate-and-property-law,https://chamanlawfirm.com/practice-areas/property-real-estate-law,merge/redirect to stronger existing page,stronger existing practice/service page is the safer target
nigerian-shipping-contracts,https://chamanlawfirm.com/nigerian-shipping-contracts,https://chamanlawfirm.com/practice-areas/corporate-commercial-law,merge/redirect to stronger existing page,stronger existing practice/service page is the safer target
debt-recovery-and-consumer-protection-laws,https://chamanlawfirm.com/debt-recovery-and-consumer-protection-laws,https://chamanlawfirm.com/practice-areas/debt-recovery,merge/redirect to stronger existing page,stronger existing practice/service page is the safer target
property-how-to-place-a-caveat,https://chamanlawfirm.com/property-how-to-place-a-caveat,https://chamanlawfirm.com/practice-areas/property-real-estate-law,merge/redirect to stronger existing page,stronger existing practice/service page is the safer target
can-a-landlord-increase-rent-arbitrarily-in-ogun,https://chamanlawfirm.com/can-a-landlord-increase-rent-arbitrarily-in-ogun,https://chamanlawfirm.com/practice-areas/property-real-estate-law/landlords-and-tenants-in-nigeria,merge/redirect to stronger existing page,stronger existing practice/service page is the safer target
void-and-voidable-marriages-in-nigeria,https://chamanlawfirm.com/void-and-voidable-marriages-in-nigeria,https://chamanlawfirm.com/practice-areas/family-law/void-and-voidable-marriage-advisory,merge/redirect to stronger existing page,stronger existing practice/service page is the safer target
stamping-and-up-stamping-of-a-mortgage-document,https://chamanlawfirm.com/stamping-and-up-stamping-of-a-mortgage-document,https://chamanlawfirm.com/practice-areas/property-real-estate-law/mortgage-document-review,merge/redirect to stronger existing page,stronger existing practice/service page is the safer target
land-use-act-1978,https://chamanlawfirm.com/land-use-act-1978,https://chamanlawfirm.com/practice-areas/property-real-estate-law/land-use-act-advisory,merge/redirect to stronger existing page,stronger existing practice/service page is the safer target
how-to-obtain-tax-clearance-certificate,https://chamanlawfirm.com/how-to-obtain-tax-clearance-certificate,https://chamanlawfirm.com/practice-areas/corporate-commercial-law/tax-clearance-certificate,merge/redirect to stronger existing page,stronger existing practice/service page is the safer target
landlords-and-tenants-in-nigeria,https://chamanlawfirm.com/landlords-and-tenants-in-nigeria,https://chamanlawfirm.com/practice-areas/property-real-estate-law/landlords-and-tenants-in-nigeria,merge/redirect to stronger existing page,stronger existing practice/service page is the safer target
doctrine-of-ultra-vires,https://chamanlawfirm.com/doctrine-of-ultra-vires,https://chamanlawfirm.com/practice-areas/corporate-commercial-law/ultra-vires-corporate-powers,merge/redirect to stronger existing page,stronger existing practice/service page is the safer target
land-registration-system-in-nigeria,https://chamanlawfirm.com/land-registration-system-in-nigeria,https://chamanlawfirm.com/practice-areas/property-real-estate-law/land-registration,merge/redirect to stronger existing page,stronger existing practice/service page is the safer target
lagos-tenancy-fixed-and-periodic-tenancies,https://chamanlawfirm.com/lagos-tenancy-fixed-and-periodic-tenancies,https://chamanlawfirm.com/practice-areas/property-real-estate-law/landlords-and-tenants-in-nigeria,merge/redirect to stronger existing page,stronger existing practice/service page is the safer target
board-of-directors-in-nigerian-companies,https://chamanlawfirm.com/board-of-directors-in-nigerian-companies,https://chamanlawfirm.com/practice-areas/corporate-commercial-law/board-governance,merge/redirect to stronger existing page,stronger existing practice/service page is the safer target
how-to-file-a-lawsuit-in-nigeria,https://chamanlawfirm.com/how-to-file-a-lawsuit-in-nigeria,https://chamanlawfirm.com/practice-areas/litigation-dispute-resolution/civil-lawsuit-pre-action-review,merge/redirect to stronger existing page,stronger existing practice/service page is the safer target
how-to-apply-for-certificate-of-good-conduct-in-nigeria,https://chamanlawfirm.com/how-to-apply-for-certificate-of-good-conduct-in-nigeria,https://chamanlawfirm.com/practice-areas/immigration-services/certificate-of-good-conduct-advisory,merge/redirect to stronger existing page,stronger existing practice/service page is the safer target
of-the-securities-and-exchange-commission,https://chamanlawfirm.com/of-the-securities-and-exchange-commission,https://chamanlawfirm.com/practice-areas/corporate-commercial-law/securities-regulatory-compliance,merge/redirect to stronger existing page,stronger existing practice/service page is the safer target
challenges-of-implementing-the-land-use-act,https://chamanlawfirm.com/challenges-of-implementing-the-land-use-act,https://chamanlawfirm.com/practice-areas/property-real-estate-law/land-use-act-advisory,merge/redirect to stronger existing page,stronger existing practice/service page is the safer target
expert-witnesses-in-nigeria-court-proceeding,https://chamanlawfirm.com/expert-witnesses-in-nigeria-court-proceeding,https://chamanlawfirm.com/practice-areas/litigation-dispute-resolution/expert-witnesses,merge/redirect to stronger existing page,stronger existing practice/service page is the safer target
