priority,old URL,slug,current status,topic bucket,reason,recommended action,notes
1,https://chamanlawfirm.com/ultimate-legal-guide-to-buying-land-in-niger/,ultimate-legal-guide-to-buying-land-in-niger,hidden or not approved,property/title,not in controlled approval subset,review for next controlled batch,"Do not redirect until target article is approved, live, sitemap-included, and canonical-safe."
2,https://chamanlawfirm.com/managing-corporate-reputation/,managing-corporate-reputation,hidden or not approved,corporate/debt/tax,not in controlled approval subset,review for next controlled batch,"Do not redirect until target article is approved, live, sitemap-included, and canonical-safe."
3,https://chamanlawfirm.com/land-registration-in-lagos/,land-registration-in-lagos,hidden or not approved,property/title,not in controlled approval subset,review for next controlled batch,"Do not redirect until target article is approved, live, sitemap-included, and canonical-safe."
4,https://chamanlawfirm.com/what-property-taxes-must-i-pay-when-buying/,what-property-taxes-must-i-pay-when-buying,hidden or not approved,property/title,not in controlled approval subset,review for next controlled batch,"Do not redirect until target article is approved, live, sitemap-included, and canonical-safe."
5,https://chamanlawfirm.com/enhancing-nigerian-immigration-security-2/,enhancing-nigerian-immigration-security-2,hidden or not approved,immigration,not in controlled approval subset,review for next controlled batch,"Do not redirect until target article is approved, live, sitemap-included, and canonical-safe."
6,https://chamanlawfirm.com/how-to-start-a-private-lending-company/,how-to-start-a-private-lending-company,hidden or not approved,corporate/debt/tax,not in controlled approval subset,review for next controlled batch,"Do not redirect until target article is approved, live, sitemap-included, and canonical-safe."
7,https://chamanlawfirm.com/lekki-property-when-owner-dies-without-will/,lekki-property-when-owner-dies-without-will,hidden or not approved,property/title,not in controlled approval subset,review for next controlled batch,"Do not redirect until target article is approved, live, sitemap-included, and canonical-safe."
8,https://chamanlawfirm.com/property-developers-guide-to-tax-compliance/,property-developers-guide-to-tax-compliance,hidden or not approved,property/title,not in controlled approval subset,review for next controlled batch,"Do not redirect until target article is approved, live, sitemap-included, and canonical-safe."
9,https://chamanlawfirm.com/challenge-a-fraudulent-probate-application/,challenge-a-fraudulent-probate-application,hidden or not approved,probate/family,not in controlled approval subset,review for next controlled batch,"Do not redirect until target article is approved, live, sitemap-included, and canonical-safe."
10,https://chamanlawfirm.com/how-to-licence-a-trademark-in-nigeria/,how-to-licence-a-trademark-in-nigeria,hidden or not approved,general legal,not in controlled approval subset,review for next controlled batch,"Do not redirect until target article is approved, live, sitemap-included, and canonical-safe."
11,https://chamanlawfirm.com/top-10-questions-about-probate-in-nigeria/,top-10-questions-about-probate-in-nigeria,hidden or not approved,probate/family,not in controlled approval subset,review for next controlled batch,"Do not redirect until target article is approved, live, sitemap-included, and canonical-safe."
12,https://chamanlawfirm.com/what-is-the-significan-and-titles-in-nigeria/,what-is-the-significan-and-titles-in-nigeria,hidden or not approved,property/title,not in controlled approval subset,review for next controlled batch,"Do not redirect until target article is approved, live, sitemap-included, and canonical-safe."
13,https://chamanlawfirm.com/real-estate-and-property-law/,real-estate-and-property-law,hidden or not approved,property/title,Misleading free-service language requires manual revision.,manual legal/editorial recovery before approval,"Do not redirect until target article is approved, live, sitemap-included, and canonical-safe."
14,https://chamanlawfirm.com/breach-of-property-contracts-in-lekki/,breach-of-property-contracts-in-lekki,hidden or not approved,property/title,not in controlled approval subset,review for next controlled batch,"Do not redirect until target article is approved, live, sitemap-included, and canonical-safe."
15,https://chamanlawfirm.com/risk-management-strategies-for-real-estate-investment-in-nigeria/,risk-management-strategies-for-real-estate-investment-in-nigeria,hidden or not approved,property/title,not in controlled approval subset,review for next controlled batch,"Do not redirect until target article is approved, live, sitemap-included, and canonical-safe."
16,https://chamanlawfirm.com/legally-terminate-shipping-contract-in-nigeria/,legally-terminate-shipping-contract-in-nigeria,hidden or not approved,general legal,Placeholder/plugin debris requires cleanup.,manual legal/editorial recovery before approval,"Do not redirect until target article is approved, live, sitemap-included, and canonical-safe."
17,https://chamanlawfirm.com/what-you-need-to-know-when-buying-a-family-g/,what-you-need-to-know-when-buying-a-family-g,hidden or not approved,general legal,not in controlled approval subset,review for next controlled batch,"Do not redirect until target article is approved, live, sitemap-included, and canonical-safe."
18,https://chamanlawfirm.com/can-a-foreigner-buy-property-chaman-law-firm/,can-a-foreigner-buy-property-chaman-law-firm,hidden or not approved,property/title,not in controlled approval subset,review for next controlled batch,"Do not redirect until target article is approved, live, sitemap-included, and canonical-safe."
19,https://chamanlawfirm.com/registering-property-titles-in-nigeria/,registering-property-titles-in-nigeria,hidden or not approved,property/title,"Disallowed Chaman Properties, luxury, casino, or off-brand signal detected.; Placeholder/plugin debris requires cleanup.",manual legal/editorial recovery before approval,"Do not redirect until target article is approved, live, sitemap-included, and canonical-safe."
20,https://chamanlawfirm.com/land-documentation-excision-vs-gazette/,land-documentation-excision-vs-gazette,hidden or not approved,property/title,Placeholder/plugin debris requires cleanup.,manual legal/editorial recovery before approval,"Do not redirect until target article is approved, live, sitemap-included, and canonical-safe."
21,https://chamanlawfirm.com/corporate-debt-management-practices/,corporate-debt-management-practices,hidden or not approved,corporate/debt/tax,not in controlled approval subset,review for next controlled batch,"Do not redirect until target article is approved, live, sitemap-included, and canonical-safe."
22,https://chamanlawfirm.com/consequences-of-defaulting-on-property-tax/,consequences-of-defaulting-on-property-tax,hidden or not approved,property/title,"Disallowed Chaman Properties, luxury, casino, or off-brand signal detected.",manual legal/editorial recovery before approval,"Do not redirect until target article is approved, live, sitemap-included, and canonical-safe."
23,https://chamanlawfirm.com/setting-up-a-fintech-company-in-nigeria/,setting-up-a-fintech-company-in-nigeria,hidden or not approved,corporate/debt/tax,not in controlled approval subset,review for next controlled batch,"Do not redirect until target article is approved, live, sitemap-included, and canonical-safe."
24,https://chamanlawfirm.com/nigerian-shipping-contracts/,nigerian-shipping-contracts,hidden or not approved,general legal,Placeholder/plugin debris requires cleanup.,manual legal/editorial recovery before approval,"Do not redirect until target article is approved, live, sitemap-included, and canonical-safe."
25,https://chamanlawfirm.com/land-valuation-under-the-land-use-act/,land-valuation-under-the-land-use-act,hidden or not approved,property/title,not in controlled approval subset,review for next controlled batch,"Do not redirect until target article is approved, live, sitemap-included, and canonical-safe."
26,https://chamanlawfirm.com/what-is-the-process-for-land-allocation-for-agricultural-purposes-under-the-land-use-act/,what-is-the-process-for-land-allocation-for-agricultural-purposes-under-the-land-use-act,hidden or not approved,property/title,not in controlled approval subset,review for next controlled batch,"Do not redirect until target article is approved, live, sitemap-included, and canonical-safe."
27,https://chamanlawfirm.com/acquire-land-for-real-estate-development/,acquire-land-for-real-estate-development,hidden or not approved,property/title,"Disallowed Chaman Properties, luxury, casino, or off-brand signal detected.",manual legal/editorial recovery before approval,"Do not redirect until target article is approved, live, sitemap-included, and canonical-safe."
28,https://chamanlawfirm.com/child-custody-and-visitations-emergencies/,child-custody-and-visitations-emergencies,hidden or not approved,general legal,not in controlled approval subset,review for next controlled batch,"Do not redirect until target article is approved, live, sitemap-included, and canonical-safe."
29,https://chamanlawfirm.com/strategies-for-preventing-corporate-collapse/,strategies-for-preventing-corporate-collapse,hidden or not approved,corporate/debt/tax,Placeholder/plugin debris requires cleanup.,manual legal/editorial recovery before approval,"Do not redirect until target article is approved, live, sitemap-included, and canonical-safe."
30,https://chamanlawfirm.com/force-majeure-clauses-in-business-contracts/,force-majeure-clauses-in-business-contracts,hidden or not approved,general legal,not in controlled approval subset,review for next controlled batch,"Do not redirect until target article is approved, live, sitemap-included, and canonical-safe."
31,https://chamanlawfirm.com/of-immigration-compliance-lawyers/,of-immigration-compliance-lawyers,hidden or not approved,immigration,not in controlled approval subset,review for next controlled batch,"Do not redirect until target article is approved, live, sitemap-included, and canonical-safe."
32,https://chamanlawfirm.com/evaluating-real-estate-investment-returns/,evaluating-real-estate-investment-returns,hidden or not approved,property/title,not in controlled approval subset,review for next controlled batch,"Do not redirect until target article is approved, live, sitemap-included, and canonical-safe."
33,https://chamanlawfirm.com/protect-your-properties-from-family-disputes/,protect-your-properties-from-family-disputes,hidden or not approved,general legal,"Disallowed Chaman Properties, luxury, casino, or off-brand signal detected.",manual legal/editorial recovery before approval,"Do not redirect until target article is approved, live, sitemap-included, and canonical-safe."
34,https://chamanlawfirm.com/notary-services-chaman-law-firm/,notary-services-chaman-law-firm,hidden or not approved,general legal,Misleading free-service language requires manual revision.,manual legal/editorial recovery before approval,"Do not redirect until target article is approved, live, sitemap-included, and canonical-safe."
35,https://chamanlawfirm.com/how-does-the-land-use-act-affect-forest-reserves/,how-does-the-land-use-act-affect-forest-reserves,hidden or not approved,property/title,not in controlled approval subset,review for next controlled batch,"Do not redirect until target article is approved, live, sitemap-included, and canonical-safe."
36,https://chamanlawfirm.com/top-10-legal-mistakes-property-buyers-make-i/,top-10-legal-mistakes-property-buyers-make-i,hidden or not approved,property/title,not in controlled approval subset,review for next controlled batch,"Do not redirect until target article is approved, live, sitemap-included, and canonical-safe."
37,https://chamanlawfirm.com/3-proven-steps-on-how-to-rolve-land-disputes/,3-proven-steps-on-how-to-rolve-land-disputes,hidden or not approved,property/title,not in controlled approval subset,review for next controlled batch,"Do not redirect until target article is approved, live, sitemap-included, and canonical-safe."
38,https://chamanlawfirm.com/debt-recovery-and-consumer-protection-laws/,debt-recovery-and-consumer-protection-laws,hidden or not approved,corporate/debt/tax,not in controlled approval subset,review for next controlled batch,"Do not redirect until target article is approved, live, sitemap-included, and canonical-safe."
39,https://chamanlawfirm.com/land-use-act-in-nigeria/,land-use-act-in-nigeria,hidden or not approved,property/title,Possible eviction self-help language requires lawyer review.,manual legal/editorial recovery before approval,"Do not redirect until target article is approved, live, sitemap-included, and canonical-safe."
40,https://chamanlawfirm.com/powerful-ways-on-property-ownership-in-nigeria/,powerful-ways-on-property-ownership-in-nigeria,hidden or not approved,property/title,Misleading free-service language requires manual revision.,manual legal/editorial recovery before approval,"Do not redirect until target article is approved, live, sitemap-included, and canonical-safe."
