legacy URL,slug,title,rescue option,recommended target,status,unresolved reason
https://chamanlawfirm.com/polygamy-and-multiple-marriages-in-nigeria,polygamy-and-multiple-marriages-in-nigeria,Polygamy and Multiple Marriages in Nigeria,restore after clearance or exact redirect to closest live equivalent,https://chamanlawfirm.com/resources/blog/polygamy-and-multiple-marriages-in-nigeria,unresolved,redirect conflict - keep hidden
https://chamanlawfirm.com/can-a-minor-enter-into-a-valid-contract-in-nigeria,can-a-minor-enter-into-a-valid-contract-in-nigeria,CAN A MINOR ENTER INTO A VALID CONTRACT IN NIGERIA?,restore after clearance or exact redirect to closest live equivalent,https://chamanlawfirm.com/resources/blog/can-a-minor-enter-into-a-valid-contract-in-nigeria,unresolved,redirect conflict - keep hidden
https://chamanlawfirm.com/powerful-steps-sources-of-tax-law-in-nigeria,powerful-steps-sources-of-tax-law-in-nigeria,Powerful Steps Sources Of Tax Law In Nigeria,restore after clearance or exact redirect to closest live equivalent,https://chamanlawfirm.com/resources/blog/powerful-steps-sources-of-tax-law-in-nigeria,unresolved,redirect conflict - keep hidden
https://chamanlawfirm.com/deed-of-assignment-in-nigeria,deed-of-assignment-in-nigeria,Deed Of Assignment In Nigeria,restore after clearance or exact redirect to closest live equivalent,https://chamanlawfirm.com/resources/blog/deed-of-assignment-in-nigeria,unresolved,redirect conflict - keep hidden
https://chamanlawfirm.com/gain-nigerian-citizenship-by-marriage,gain-nigerian-citizenship-by-marriage,Gain Nigerian Citizenship by Marriage,restore after clearance or exact redirect to closest live equivalent,https://chamanlawfirm.com/resources/blog/gain-nigerian-citizenship-by-marriage,unresolved,redirect conflict - keep hidden
https://chamanlawfirm.com/what-is-the-implication-of-quit-notice,what-is-the-implication-of-quit-notice,Implication of Quit Notice,restore after clearance or exact redirect to closest live equivalent,https://chamanlawfirm.com/resources/blog/what-is-the-implication-of-quit-notice,unresolved,redirect conflict - keep hidden
https://chamanlawfirm.com/individual-tax-clearance-certificate,individual-tax-clearance-certificate,Individual Tax Clearance Certificate,restore after clearance or exact redirect to closest live equivalent,https://chamanlawfirm.com/resources/blog/individual-tax-clearance-certificate,unresolved,redirect conflict - keep hidden
https://chamanlawfirm.com/steps-on-how-to-confidently-report-acrimelaw,steps-on-how-to-confidently-report-acrimelaw,Steps On How To Confidently Report Acrimelaw,restore after clearance or exact redirect to closest live equivalent,https://chamanlawfirm.com/resources/blog/steps-on-how-to-confidently-report-acrimelaw,unresolved,redirect conflict - keep hidden
https://chamanlawfirm.com/how-to-legally-evict-a-tenant-in-lagos-state,how-to-legally-evict-a-tenant-in-lagos-state,How To Legally Evict A Tenant In Lagos State Without Breaking the Law,restore after clearance or exact redirect to closest live equivalent,https://chamanlawfirm.com/resources/blog/how-to-legally-evict-a-tenant-in-lagos-state,unresolved,redirect conflict - keep hidden
https://chamanlawfirm.com/how-to-calculate-and-pay-land-use-charge,how-to-calculate-and-pay-land-use-charge,How To Calculate and Pay Land Use Charge,restore after clearance or exact redirect to closest live equivalent,https://chamanlawfirm.com/resources/blog/how-to-calculate-and-pay-land-use-charge,unresolved,redirect conflict - keep hidden
https://chamanlawfirm.com/7-effective-steps-to-take-when-a-landlord-refuses-to-return-your-rent-deposit,7-effective-steps-to-take-when-a-landlord-refuses-to-return-your-rent-deposit,7 Effective Steps To Take When A Landlord Refuses To Return Your Rent Deposit,restore after clearance or exact redirect to closest live equivalent,https://chamanlawfirm.com/resources/blog/7-effective-steps-to-take-when-a-landlord-refuses-to-return-your-rent-deposit,unresolved,redirect conflict - keep hidden
https://chamanlawfirm.com/how-to-resolve-land-disputes-in-nigeria-with,how-to-resolve-land-disputes-in-nigeria-with,How To Resolve Land Disputes In Nigeria With,restore after clearance or exact redirect to closest live equivalent,https://chamanlawfirm.com/resources/blog/how-to-resolve-land-disputes-in-nigeria-with,unresolved,redirect conflict - keep hidden
https://chamanlawfirm.com/breach-of-promise-to-marriage-in-nigeria,breach-of-promise-to-marriage-in-nigeria,Breach of Promise To Marriage In Nigeria,restore after clearance or exact redirect to closest live equivalent,https://chamanlawfirm.com/resources/blog/breach-of-promise-to-marriage-in-nigeria,unresolved,redirect conflict - keep hidden
https://chamanlawfirm.com/proven-steps-onoverview-of-the-child-right-act,proven-steps-onoverview-of-the-child-right-act,Onoverview of the Child Right Act,restore after clearance or exact redirect to closest live equivalent,https://chamanlawfirm.com/resources/blog/proven-steps-onoverview-of-the-child-right-act,unresolved,redirect conflict - keep hidden
https://chamanlawfirm.com/clauses-for-drafting-a-tenancy-agreement,clauses-for-drafting-a-tenancy-agreement,Clauses For Drafting A Tenancy Agreement,restore after clearance or exact redirect to closest live equivalent,https://chamanlawfirm.com/resources/blog/clauses-for-drafting-a-tenancy-agreement,unresolved,redirect conflict - keep hidden
https://chamanlawfirm.com/right-of-an-illegitimate-child,right-of-an-illegitimate-child,Right of An Illegitimate Child,restore after clearance or exact redirect to closest live equivalent,https://chamanlawfirm.com/resources/blog/right-of-an-illegitimate-child,unresolved,redirect conflict - keep hidden
https://chamanlawfirm.com/limitation-of-action-in-nigeria,limitation-of-action-in-nigeria,Limitation of Action In Nigeria,restore after clearance or exact redirect to closest live equivalent,https://chamanlawfirm.com/resources/blog/limitation-of-action-in-nigeria,unresolved,redirect conflict - keep hidden
https://chamanlawfirm.com/tenancy-dispute-resolution-in-ogun-state,tenancy-dispute-resolution-in-ogun-state,Tenancy Dispute Resolution In Ogun State,restore after clearance or exact redirect to closest live equivalent,https://chamanlawfirm.com/resources/blog/tenancy-dispute-resolution-in-ogun-state,unresolved,redirect conflict - keep hidden
https://chamanlawfirm.com/how-long-does-it-take-to-get-c-of-o-in-ogun-sta,how-long-does-it-take-to-get-c-of-o-in-ogun-sta,How Long Does It Take To Get C Of O In Ogun Sta,restore after clearance or exact redirect to closest live equivalent,https://chamanlawfirm.com/resources/blog/how-long-does-it-take-to-get-c-of-o-in-ogun-sta,unresolved,redirect conflict - keep hidden
https://chamanlawfirm.com/survey-plans-and-certificates-of-occupancy,survey-plans-and-certificates-of-occupancy,Survey Plans And Certificates Of Occupancy,restore after clearance or exact redirect to closest live equivalent,https://chamanlawfirm.com/resources/blog/survey-plans-and-certificates-of-occupancy,unresolved,redirect conflict - keep hidden
https://chamanlawfirm.com/powerful-steps-what-is-trespass-to-land,powerful-steps-what-is-trespass-to-land,Powerful Steps What Is Trespass To Land,restore after clearance or exact redirect to closest live equivalent,https://chamanlawfirm.com/resources/blog/powerful-steps-what-is-trespass-to-land,unresolved,redirect conflict - keep hidden
https://chamanlawfirm.com/issues-land-grabbing-and-encroachment-in-nigeria,issues-land-grabbing-and-encroachment-in-nigeria,Issues Land Grabbing And Encroachment In Nigeria,restore after clearance or exact redirect to closest live equivalent,https://chamanlawfirm.com/resources/blog/issues-land-grabbing-and-encroachment-in-nigeria,unresolved,redirect conflict - keep hidden
https://chamanlawfirm.com/guardianship-and-custody-rights-of-minors,guardianship-and-custody-rights-of-minors,Guardianship And Custody Rights Of Minors,restore after clearance or exact redirect to closest live equivalent,https://chamanlawfirm.com/resources/blog/guardianship-and-custody-rights-of-minors,unresolved,redirect conflict - keep hidden
https://chamanlawfirm.com/corporate-affairs-commission-in-nigeria,corporate-affairs-commission-in-nigeria,Corporate Affairs Commission In Nigeria,restore after clearance or exact redirect to closest live equivalent,https://chamanlawfirm.com/resources/blog/corporate-affairs-commission-in-nigeria,unresolved,redirect conflict - keep hidden
https://chamanlawfirm.com/what-makes-a-valid-employment-contract-in-nigeria,what-makes-a-valid-employment-contract-in-nigeria,What Makes a Valid Employment Contract in Nigeria?,restore after clearance or exact redirect to closest live equivalent,https://chamanlawfirm.com/resources/blog/what-makes-a-valid-employment-contract-in-nigeria,unresolved,redirect conflict - keep hidden
https://chamanlawfirm.com/accountability-in-corporate-governance-in-nigeria,accountability-in-corporate-governance-in-nigeria,Accountability in Corporate Governance in Nigeria,restore after clearance or exact redirect to closest live equivalent,https://chamanlawfirm.com/resources/blog/accountability-in-corporate-governance-in-nigeria,unresolved,redirect conflict - keep hidden
https://chamanlawfirm.com/business-name-and-a-company-limited-by-shares,business-name-and-a-company-limited-by-shares,Business Name vs Company Limited by Shares in Nigeria,restore after clearance or exact redirect to closest live equivalent,https://chamanlawfirm.com/resources/blog/business-name-and-a-company-limited-by-shares,unresolved,redirect conflict - keep hidden
https://chamanlawfirm.com/legal-aspects-of-employment-contracts,legal-aspects-of-employment-contracts,Legal Aspects of Employment Contracts in Nigeria,restore after clearance or exact redirect to closest live equivalent,https://chamanlawfirm.com/resources/blog/legal-aspects-of-employment-contracts,unresolved,redirect conflict - keep hidden
https://chamanlawfirm.com/ultimate-legal-guide-to-buying-land-in-nigeria,ultimate-legal-guide-to-buying-land-in-nigeria,Ultimate Legal Guide To Buying Land In Nigeria,restore after clearance or exact redirect to closest live equivalent,https://chamanlawfirm.com/resources/blog/ultimate-legal-guide-to-buying-land-in-nigeria,unresolved,redirect conflict - keep hidden
https://chamanlawfirm.com/registering-property-titles-in-nigeria,registering-property-titles-in-nigeria,Registering Property Titles In Nigeria,restore after clearance or exact redirect to closest live equivalent,https://chamanlawfirm.com/resources/blog/registering-property-titles-in-nigeria,unresolved,redirect conflict - keep hidden
https://chamanlawfirm.com/real-estate-and-property-law,real-estate-and-property-law,Real Estate And Property Law,restore after clearance or exact redirect to closest live equivalent,https://chamanlawfirm.com/resources/blog/real-estate-and-property-law,unresolved,redirect conflict - keep hidden
https://chamanlawfirm.com/nigerian-shipping-contracts,nigerian-shipping-contracts,Nigerian Shipping Contracts,restore after clearance or exact redirect to closest live equivalent,https://chamanlawfirm.com/resources/blog/nigerian-shipping-contracts,unresolved,redirect conflict - keep hidden
https://chamanlawfirm.com/debt-recovery-and-consumer-protection-laws,debt-recovery-and-consumer-protection-laws,Debt Recovery And Consumer Protection Laws,restore after clearance or exact redirect to closest live equivalent,https://chamanlawfirm.com/resources/blog/debt-recovery-and-consumer-protection-laws,unresolved,redirect conflict - keep hidden
https://chamanlawfirm.com/property-how-to-place-a-caveat,property-how-to-place-a-caveat,Property How To Place A Caveat,restore after clearance or exact redirect to closest live equivalent,https://chamanlawfirm.com/resources/blog/property-how-to-place-a-caveat,unresolved,redirect conflict - keep hidden
https://chamanlawfirm.com/can-a-landlord-increase-rent-arbitrarily-in-ogun,can-a-landlord-increase-rent-arbitrarily-in-ogun,Can A Landlord Increase Rent Arbitrarily In Ogun,restore after clearance or exact redirect to closest live equivalent,https://chamanlawfirm.com/resources/blog/can-a-landlord-increase-rent-arbitrarily-in-ogun,unresolved,redirect conflict - keep hidden
https://chamanlawfirm.com/void-and-voidable-marriages-in-nigeria,void-and-voidable-marriages-in-nigeria,Void and Voidable Marriages in Nigeria: Understanding Legal Implications,restore after clearance or exact redirect to closest live equivalent,https://chamanlawfirm.com/resources/blog/void-and-voidable-marriages-in-nigeria,unresolved,redirect conflict - keep hidden
https://chamanlawfirm.com/the-overall-list-of-federal-laws-in-nigeria,the-overall-list-of-federal-laws-in-nigeria,The Overall List of Federal Laws In Nigeria,restore after clearance or exact redirect to closest live equivalent,https://chamanlawfirm.com/resources/blog/the-overall-list-of-federal-laws-in-nigeria,unresolved,redirect conflict - keep hidden
https://chamanlawfirm.com/stamping-and-up-stamping-of-a-mortgage-document,stamping-and-up-stamping-of-a-mortgage-document,What Is Stamping and Up-Stamping of A Mortgage Document,restore after clearance or exact redirect to closest live equivalent,https://chamanlawfirm.com/resources/blog/stamping-and-up-stamping-of-a-mortgage-document,unresolved,redirect conflict - keep hidden
https://chamanlawfirm.com/land-use-act-1978,land-use-act-1978,Understanding the Land Use Act: How It Affects You,restore after clearance or exact redirect to closest live equivalent,https://chamanlawfirm.com/resources/blog/land-use-act-1978,unresolved,redirect conflict - keep hidden
https://chamanlawfirm.com/how-to-obtain-tax-clearance-certificate,how-to-obtain-tax-clearance-certificate,How To Obtain Tax Clearance Certificate,restore after clearance or exact redirect to closest live equivalent,https://chamanlawfirm.com/resources/blog/how-to-obtain-tax-clearance-certificate,unresolved,redirect conflict - keep hidden
https://chamanlawfirm.com/landlords-and-tenants-in-nigeria,landlords-and-tenants-in-nigeria,Landlords and Tenants In Nigeria,restore after clearance or exact redirect to closest live equivalent,https://chamanlawfirm.com/resources/blog/landlords-and-tenants-in-nigeria,unresolved,redirect conflict - keep hidden
https://chamanlawfirm.com/doctrine-of-ultra-vires,doctrine-of-ultra-vires,Understanding the Doctrine of Ultra Vires: A Legal Safeguard For Businesses,restore after clearance or exact redirect to closest live equivalent,https://chamanlawfirm.com/resources/blog/doctrine-of-ultra-vires,unresolved,redirect conflict - keep hidden
https://chamanlawfirm.com/land-registration-system-in-nigeria,land-registration-system-in-nigeria,Land Registration System In Nigeria,restore after clearance or exact redirect to closest live equivalent,https://chamanlawfirm.com/resources/blog/land-registration-system-in-nigeria,unresolved,redirect conflict - keep hidden
https://chamanlawfirm.com/lagos-tenancy-fixed-and-periodic-tenancies,lagos-tenancy-fixed-and-periodic-tenancies,Lagos Tenancy Fixed and Periodic Tenancies,restore after clearance or exact redirect to closest live equivalent,https://chamanlawfirm.com/resources/blog/lagos-tenancy-fixed-and-periodic-tenancies,unresolved,redirect conflict - keep hidden
https://chamanlawfirm.com/board-of-directors-in-nigerian-companies,board-of-directors-in-nigerian-companies,The Strategic Power of the Board Directors In Nigerian Companies- For A Successful Business,restore after clearance or exact redirect to closest live equivalent,https://chamanlawfirm.com/resources/blog/board-of-directors-in-nigerian-companies,unresolved,redirect conflict - keep hidden
https://chamanlawfirm.com/how-to-file-a-lawsuit-in-nigeria,how-to-file-a-lawsuit-in-nigeria,How To File A Lawsuit In Nigeria,restore after clearance or exact redirect to closest live equivalent,https://chamanlawfirm.com/resources/blog/how-to-file-a-lawsuit-in-nigeria,unresolved,redirect conflict - keep hidden
https://chamanlawfirm.com/how-to-apply-for-certificate-of-good-conduct-in-nigeria,how-to-apply-for-certificate-of-good-conduct-in-nigeria,How To Apply For Certificate of Good Conduct In Nigeria,restore after clearance or exact redirect to closest live equivalent,https://chamanlawfirm.com/resources/blog/how-to-apply-for-certificate-of-good-conduct-in-nigeria,unresolved,redirect conflict - keep hidden
https://chamanlawfirm.com/of-the-securities-and-exchange-commission,of-the-securities-and-exchange-commission,5 Functions of the Securities and Exchange Commission,restore after clearance or exact redirect to closest live equivalent,https://chamanlawfirm.com/resources/blog/of-the-securities-and-exchange-commission,unresolved,redirect conflict - keep hidden
https://chamanlawfirm.com/challenges-of-implementing-the-land-use-act,challenges-of-implementing-the-land-use-act,Challenges of Implementing the Land Use Act,restore after clearance or exact redirect to closest live equivalent,https://chamanlawfirm.com/resources/blog/challenges-of-implementing-the-land-use-act,unresolved,redirect conflict - keep hidden
https://chamanlawfirm.com/expert-witnesses-in-nigeria-court-proceeding,expert-witnesses-in-nigeria-court-proceeding,Expert Witnesses In Nigeria Court Proceeding,restore after clearance or exact redirect to closest live equivalent,https://chamanlawfirm.com/resources/blog/expert-witnesses-in-nigeria-court-proceeding,unresolved,redirect conflict - keep hidden
