old URL,slug,title,approval decision,reason,author,image status,legal status,redirect status,sitemap status,notes
https://chamanlawfirm.com/how-to-appoint-a-company-secretary-in-nigeria,how-to-appoint-a-company-secretary-in-nigeria,How to Appoint a Company Secretary in Nigeria,approved in Sprint 11W,"passes source, image, metadata, author/canonical repair, category, legal-risk, duplicate, and redirect-source gates","Charles Chukwuma Nkwoka, Esq.",image present,low automated risk,eligible after live 200 and sitemap inclusion,expected after approval/revalidation,Sanity public approval applied
https://chamanlawfirm.com/what-are-the-requirements-for-compulsory-acquisition-of-land-in-nigeria,what-are-the-requirements-for-compulsory-acquisition-of-land-in-nigeria,What Are The Requirements For Compulsory Acquisition Of Land In Nigeria,approved in Sprint 11W,"passes source, image, metadata, author/canonical repair, category, legal-risk, duplicate, and redirect-source gates","Charles Chukwuma Nkwoka, Esq.",image present,low automated risk,eligible after live 200 and sitemap inclusion,expected after approval/revalidation,Sanity public approval applied
https://chamanlawfirm.com/land-documentation-excision-vs-gazette,land-documentation-excision-vs-gazette,Land Documentation Excision Vs Gazette,approved in Sprint 11W,"passes source, image, metadata, author/canonical repair, category, legal-risk, duplicate, and redirect-source gates","Charles Chukwuma Nkwoka, Esq.",image present,low automated risk,eligible after live 200 and sitemap inclusion,expected after approval/revalidation,Sanity public approval applied
https://chamanlawfirm.com/legally-terminate-shipping-contract-in-nigeria,legally-terminate-shipping-contract-in-nigeria,Legally Terminate Shipping Contract In Nigeria,approved in Sprint 11W,"passes source, image, metadata, author/canonical repair, category, legal-risk, duplicate, and redirect-source gates","Charles Chukwuma Nkwoka, Esq.",image present,low automated risk,eligible after live 200 and sitemap inclusion,expected after approval/revalidation,Sanity public approval applied
https://chamanlawfirm.com/landlord-and-tenant-rights-in-nigeria/,landlord-and-tenant-rights-in-nigeria,A comprehensive guide on Landlord and Tenant Rights in Nigeria,already public,public canonical article already exists,"Charles Chukwuma Nkwoka, Esq.",image present,possible unsafe self-help wording; current-law or procedure-sensitive topic,no redirect to hidden draft,already public/in sitemap if approved,no public change unless selected
https://chamanlawfirm.com/obtaining-a-certificate-of-occupancy-c-of-o/,obtaining-a-certificate-of-occupancy-c-of-o,REQUIREMENTS FOR OBTAINING A CERTIFICATE OF OCCUPANCY (CofO) IN NIGERIA (LAGOS AND OGUN STATE),keep hidden,body block count below gate; source body too short for approval; featured image missing; alt text missing or weak; author reference needs correction; legacy URL already redirects to /resources/blog/how-do-i-obtain-a-certificate-of-occupancy; not selected for Sprint 11W controlled editorial approval,"Charles Chukwuma Nkwoka, Esq.",image missing,low automated risk,no redirect to hidden draft,excluded while hidden,no public change unless selected
https://chamanlawfirm.com/cac-public-search-guide-nigeria/,cac-public-search-guide-nigeria,How to Use CAC Public Search for Your Business Registration,already public,public canonical article already exists,"Charles Chukwuma Nkwoka, Esq.",image missing,current-law or procedure-sensitive topic; unsupported outcome claim,no redirect to hidden draft,already public/in sitemap if approved,no public change unless selected
https://chamanlawfirm.com/the-jurisdiction-of-courts-in-nigeria/,the-jurisdiction-of-courts-in-nigeria,The Jurisdiction of Courts in Nigeria,already public,public canonical article already exists,"Charles Chukwuma Nkwoka, Esq.",image present,current-law or procedure-sensitive topic; dispute-resolution wording requires lawyer review,no redirect to hidden draft,already public/in sitemap if approved,no public change unless selected
https://chamanlawfirm.com/the-concept-of-rule-of-law-in-nigeria/,the-concept-of-rule-of-law-in-nigeria,The Concept of Rule of Law In Nigeria,already public,public canonical article already exists,"Charles Chukwuma Nkwoka, Esq.",image present,unsupported outcome claim,no redirect to hidden draft,already public/in sitemap if approved,no public change unless selected
https://chamanlawfirm.com/types-of-tenant-in-nigeria/,types-of-tenant-in-nigeria,TYPES OF TENANT IN NIGERIA,already public,public canonical article already exists,"Charles Chukwuma Nkwoka, Esq.",image missing,current-law or procedure-sensitive topic,no redirect to hidden draft,already public/in sitemap if approved,no public change unless selected
https://chamanlawfirm.com/how-to-change-car-ownership-in-nigeria/,how-to-change-car-ownership-in-nigeria,How To Change Car Ownership In Nigeria,keep hidden,featured image missing; alt text missing or weak; current-law or procedure-sensitive topic; not selected for Sprint 11W controlled editorial approval,"Charles Chukwuma Nkwoka, Esq.",image missing,current-law or procedure-sensitive topic,no redirect to hidden draft,excluded while hidden,no public change unless selected
https://chamanlawfirm.com/proper-steps-to-eviction-of-tenants/,proper-steps-to-eviction-of-tenants,STEPS TO EVICTION OF TENANTS,already public,public canonical article already exists,"Charles Chukwuma Nkwoka, Esq.",image present,current-law or procedure-sensitive topic,no redirect to hidden draft,already public/in sitemap if approved,no public change unless selected
https://chamanlawfirm.com/how-to-track-a-stolen-phone-in-nigeria/,how-to-track-a-stolen-phone-in-nigeria,How To Track A Stolen Phone In Nigeria,keep hidden,featured image missing; alt text missing or weak; current-law or procedure-sensitive topic; unsupported outcome claim; not selected for Sprint 11W controlled editorial approval,"Charles Chukwuma Nkwoka, Esq.",image missing,current-law or procedure-sensitive topic; unsupported outcome claim,no redirect to hidden draft,excluded while hidden,no public change unless selected
https://chamanlawfirm.com/the-ogun-state-tenancy-law-chaman-law-firm/,the-ogun-state-tenancy-law-chaman-law-firm,Understanding the Ogun State Tenancy Law: A Comprehensive Guide,already public,public canonical article already exists,"Charles Chukwuma Nkwoka, Esq.",image present,current-law or procedure-sensitive topic,no redirect to hidden draft,already public/in sitemap if approved,no public change unless selected
https://chamanlawfirm.com/building-permit-approval-in-ogun-state/,building-permit-approval-in-ogun-state,How to Get Building Permit Approval in Ogun State (Full Guide),already public,public canonical article already exists,"Charles Chukwuma Nkwoka, Esq.",image present,current-law or procedure-sensitive topic,no redirect to hidden draft,already public/in sitemap if approved,no public change unless selected
https://chamanlawfirm.com/list-of-government-agencies-of-nigeria/,list-of-government-agencies-of-nigeria,List of Government Agencies of Nigeria,already public,public canonical article already exists,"Charles Chukwuma Nkwoka, Esq.",approved fallback image attached,low automated risk,no redirect to hidden draft,already public/in sitemap if approved,no public change unless selected
https://chamanlawfirm.com/4-steps-on-how-to-deal-with-a-bad-landlordin/,4-steps-on-how-to-deal-with-a-bad-landlordin,How to Deal with a Bad Landlord,already public,public canonical article already exists,"Charles Chukwuma Nkwoka, Esq.",image present,possible unsafe self-help wording; current-law or procedure-sensitive topic,no redirect to hidden draft,already public/in sitemap if approved,no public change unless selected
https://chamanlawfirm.com/joinder-of-parties-misjoinder-of-parties/,joinder-of-parties-misjoinder-of-parties,Joinder and Misjoinder of Parties,already public,public canonical article already exists,"Charles Chukwuma Nkwoka, Esq.",image present,dispute-resolution wording requires lawyer review,no redirect to hidden draft,already public/in sitemap if approved,no public change unless selected
https://chamanlawfirm.com/how-to-change-name-with-deed-poll/,how-to-change-name-with-deed-poll,Effortless Name Change: How to Change Name with Deed Poll Successfully,already public,public canonical article already exists,"Charles Chukwuma Nkwoka, Esq.",image missing,current-law or procedure-sensitive topic,no redirect to hidden draft,already public/in sitemap if approved,no public change unless selected
https://chamanlawfirm.com/statutory-right-of-occupancy-vs-customary-right/,statutory-right-of-occupancy-vs-customary-right,Statutory Right of Occupancy vs Customary Right,already public,public canonical article already exists,"Charles Chukwuma Nkwoka, Esq.",image present,current-law or procedure-sensitive topic; dispute-resolution wording requires lawyer review,no redirect to hidden draft,already public/in sitemap if approved,no public change unless selected
https://chamanlawfirm.com/ways-to-prove-ownership-of-land/,ways-to-prove-ownership-of-land,What are Five Ways to Prove Ownership of Land,already public,public canonical article already exists,"Charles Chukwuma Nkwoka, Esq.",image missing,dispute-resolution wording requires lawyer review,no redirect to hidden draft,already public/in sitemap if approved,no public change unless selected
https://chamanlawfirm.com/5-steps-on-how-to-obtain-restraining-order/,5-steps-on-how-to-obtain-restraining-order,How to Obtain a Restraining Order,already public,public canonical article already exists,"Charles Chukwuma Nkwoka, Esq.",image present,current-law or procedure-sensitive topic,no redirect to hidden draft,already public/in sitemap if approved,no public change unless selected
https://chamanlawfirm.com/steps-on-how-to-confidently-report-acrimelaw/,steps-on-how-to-confidently-report-acrimelaw,Steps On How To Confidently Report Acrimelaw,keep hidden,current-law or procedure-sensitive topic; not selected for Sprint 11W controlled editorial approval,"Charles Chukwuma Nkwoka, Esq.",image present,current-law or procedure-sensitive topic,no redirect to hidden draft,excluded while hidden,no public change unless selected
https://chamanlawfirm.com/what-are-elements-of-tax-law/,what-are-elements-of-tax-law,Elements of Tax Law,already public,public canonical article already exists,"Charles Chukwuma Nkwoka, Esq.",image present,current-law or procedure-sensitive topic,no redirect to hidden draft,already public/in sitemap if approved,no public change unless selected
https://chamanlawfirm.com/apply-for-drivers-licence-in-nigeria/,apply-for-drivers-licence-in-nigeria,Guide: How To Apply For A Driver'S Licence In Nigeria Without Stress,keep hidden,featured image missing; alt text missing or weak; current-law or procedure-sensitive topic; not selected for Sprint 11W controlled editorial approval,"Charles Chukwuma Nkwoka, Esq.",image missing,current-law or procedure-sensitive topic,no redirect to hidden draft,excluded while hidden,no public change unless selected
https://chamanlawfirm.com/tax-administration-in-nigeria/,tax-administration-in-nigeria,Tax Administration in Nigeria,already public,public canonical article already exists,"Charles Chukwuma Nkwoka, Esq.",image present,current-law or procedure-sensitive topic,no redirect to hidden draft,already public/in sitemap if approved,no public change unless selected
https://chamanlawfirm.com/difference-between-ownership-and-possession/,difference-between-ownership-and-possession,Difference Between Ownership and Possession,already public,public canonical article already exists,"Charles Chukwuma Nkwoka, Esq.",image present,current-law or procedure-sensitive topic; dispute-resolution wording requires lawyer review,no redirect to hidden draft,already public/in sitemap if approved,no public change unless selected
https://chamanlawfirm.com/community-development-associations-law/,community-development-associations-law,Transforming Communities: The Powerful Impact of the Community Development Associations Law of Lagos State,already public,public canonical article already exists,"Charles Chukwuma Nkwoka, Esq.",image present,possible unsafe self-help wording,no redirect to hidden draft,already public/in sitemap if approved,no public change unless selected
https://chamanlawfirm.com/child-support-and-maintenance-payment/,child-support-and-maintenance-payment,Child Support and Maintenance Payment,already public,public canonical article already exists,"Charles Chukwuma Nkwoka, Esq.",image present,family-status topic requires lawyer review,no redirect to hidden draft,already public/in sitemap if approved,no public change unless selected
https://chamanlawfirm.com/how-to-notarize-a-document-in-nigeria/,how-to-notarize-a-document-in-nigeria,Effortless Success: How to Notarize a Document in Nigeria Without Legal Hassles,already public,public canonical article already exists,"Charles Chukwuma Nkwoka, Esq.",image missing,current-law or procedure-sensitive topic,no redirect to hidden draft,already public/in sitemap if approved,no public change unless selected
https://chamanlawfirm.com/how-to-replace-a-lost-a-marriage-certificate/,how-to-replace-a-lost-a-marriage-certificate,HOW TO REPLACE A LOST A MARRIAGE CERTIFICATE,already public,public canonical article already exists,"Charles Chukwuma Nkwoka, Esq.",image present,current-law or procedure-sensitive topic,no redirect to hidden draft,already public/in sitemap if approved,no public change unless selected
https://chamanlawfirm.com/the-statutory-right-of-occupancy-in-nigeria/,the-statutory-right-of-occupancy-in-nigeria,What is the Statutory Right of Occupancy in Nigeria?,already public,public canonical article already exists,"Charles Chukwuma Nkwoka, Esq.",image present,dispute-resolution wording requires lawyer review,no redirect to hidden draft,already public/in sitemap if approved,no public change unless selected
https://chamanlawfirm.com/legal-steps-to-take-when-our-land-has-been/,legal-steps-to-take-when-our-land-has-been,5 Powerful Legal Steps to Take When Your Land Has Been Encroached Upon in Nigeria,already public,public canonical article already exists,"Charles Chukwuma Nkwoka, Esq.",image present,current-law or procedure-sensitive topic; dispute-resolution wording requires lawyer review,no redirect to hidden draft,already public/in sitemap if approved,no public change unless selected
https://chamanlawfirm.com/transfer-of-company-shares-in-nigeria/,transfer-of-company-shares-in-nigeria,TRANSFER OF COMPANY SHARES IN NIGERIA,already public,public canonical article already exists,"Charles Chukwuma Nkwoka, Esq.",image present,low automated risk,no redirect to hidden draft,already public/in sitemap if approved,no public change unless selected
https://chamanlawfirm.com/rights-of-tenants-in-ogun-chaman-law-firm/,rights-of-tenants-in-ogun-chaman-law-firm,What Are the Rights of Tenants in Ogun State?,already public,public canonical article already exists,"Charles Chukwuma Nkwoka, Esq.",image present,current-law or procedure-sensitive topic,no redirect to hidden draft,already public/in sitemap if approved,no public change unless selected
https://chamanlawfirm.com/5-vital-role-of-consumer-protection-agencies/,5-vital-role-of-consumer-protection-agencies,Role of Consumer Protection Agencies,already public,public canonical article already exists,"Charles Chukwuma Nkwoka, Esq.",image present,low automated risk,no redirect to hidden draft,already public/in sitemap if approved,no public change unless selected
https://chamanlawfirm.com/the-overall-list-of-federal-laws-in-nigeria/,the-overall-list-of-federal-laws-in-nigeria,The Overall List of Federal Laws In Nigeria,keep hidden,body block count below gate; source body too short for approval; not selected for Sprint 11W controlled editorial approval,"Charles Chukwuma Nkwoka, Esq.",image present,low automated risk,no redirect to hidden draft,excluded while hidden,no public change unless selected
https://chamanlawfirm.com/polygamy-and-multiple-marriages-in-nigeria/,polygamy-and-multiple-marriages-in-nigeria,Polygamy and Multiple Marriages in Nigeria,keep hidden,featured image missing; alt text missing or weak; author reference needs correction; current-law or procedure-sensitive topic; family-status topic requires lawyer review; unsupported outcome claim; legacy URL already redirects to /practice-areas/family-law; not selected for Sprint 11W controlled editorial approval,"Charles Chukwuma Nkwoka, Esq.",image missing,current-law or procedure-sensitive topic; family-status topic requires lawyer review; unsupported outcome claim,no redirect to hidden draft,excluded while hidden,no public change unless selected
https://chamanlawfirm.com/steps-to-permanent-residency-in-nigeria/,steps-to-permanent-residency-in-nigeria,Steps to Permanent Residency in Nigeria,already public,public canonical article already exists,"Charles Chukwuma Nkwoka, Esq.",image present,current-law or procedure-sensitive topic,no redirect to hidden draft,already public/in sitemap if approved,no public change unless selected
https://chamanlawfirm.com/what-are-the-sources-of-nigerian-law/,what-are-the-sources-of-nigerian-law,What Are the Sources of Nigerian Law?,already public,public canonical article already exists,"Charles Chukwuma Nkwoka, Esq.",image present,low automated risk,no redirect to hidden draft,already public/in sitemap if approved,no public change unless selected
https://chamanlawfirm.com/taxation-of-the-construction-sector-in-nigeria/,taxation-of-the-construction-sector-in-nigeria,Taxation of the Construction Sector in Nigeria,already public,public canonical article already exists,"Charles Chukwuma Nkwoka, Esq.",image missing,current-law or procedure-sensitive topic,no redirect to hidden draft,already public/in sitemap if approved,no public change unless selected
https://chamanlawfirm.com/sharing-of-property-after-divorce-in-nigeria/,sharing-of-property-after-divorce-in-nigeria,Sharing of Property after Divorce in Nigeria,already public,public canonical article already exists,"Charles Chukwuma Nkwoka, Esq.",image missing,low automated risk,no redirect to hidden draft,already public/in sitemap if approved,no public change unless selected
https://chamanlawfirm.com/challenges-facing-the-nigerian-court-system/,challenges-facing-the-nigerian-court-system,Challenges Facing the Nigerian Court System,already public,public canonical article already exists,"Charles Chukwuma Nkwoka, Esq.",image missing,current-law or procedure-sensitive topic,no redirect to hidden draft,already public/in sitemap if approved,no public change unless selected
https://chamanlawfirm.com/statute-of-limitations-on-debt-in-nigeria/,statute-of-limitations-on-debt-in-nigeria,Empowering Insights: Understanding the Statute of Limitations on Debt in Nigeria: Unlock Success,already public,public canonical article already exists,"Charles Chukwuma Nkwoka, Esq.",image missing,current-law or procedure-sensitive topic,no redirect to hidden draft,already public/in sitemap if approved,no public change unless selected
https://chamanlawfirm.com/is-foreign-marriage-under-the-nigerian-law/,is-foreign-marriage-under-the-nigerian-law,HOW VALID IS FOREIGN MARRIAGE UNDER NIGERIAN LAW,already public,public canonical article already exists,"Charles Chukwuma Nkwoka, Esq.",image present,low automated risk,no redirect to hidden draft,already public/in sitemap if approved,no public change unless selected
https://chamanlawfirm.com/the-role-of-technology-in-nigerian-education/,the-role-of-technology-in-nigerian-education,Learning: the Impact of Technology On Nigerian Education,keep hidden,featured image missing; alt text missing or weak; not selected for Sprint 11W controlled editorial approval,"Charles Chukwuma Nkwoka, Esq.",image missing,low automated risk,no redirect to hidden draft,excluded while hidden,no public change unless selected
https://chamanlawfirm.com/taxation-of-sole-proprietorship/,taxation-of-sole-proprietorship,Taxation of Sole Proprietorships in Nigeria,already public,public canonical article already exists,"Charles Chukwuma Nkwoka, Esq.",image present,current-law or procedure-sensitive topic,no redirect to hidden draft,already public/in sitemap if approved,no public change unless selected
https://chamanlawfirm.com/customary-vs-statutory-marriage-in-nigeria/,customary-vs-statutory-marriage-in-nigeria,Customary vs Statutory Marriage in Nigeria,already public,public canonical article already exists,"Charles Chukwuma Nkwoka, Esq.",image present,current-law or procedure-sensitive topic,no redirect to hidden draft,already public/in sitemap if approved,no public change unless selected
https://chamanlawfirm.com/powerful-steps-what-is-trespass-to-land-2/,powerful-steps-what-is-trespass-to-land-2,What is Trespass to Land,already public,public canonical article already exists,"Charles Chukwuma Nkwoka, Esq.",image present,possible unsafe self-help wording; current-law or procedure-sensitive topic; dispute-resolution wording requires lawyer review,no redirect to hidden draft,already public/in sitemap if approved,no public change unless selected
https://chamanlawfirm.com/duties-of-correctional-institutions-in-nigeria/,duties-of-correctional-institutions-in-nigeria,What Are the Duties of Correctional Institutions In Nigeria?,keep hidden,featured image missing; alt text missing or weak; current-law or procedure-sensitive topic; not selected for Sprint 11W controlled editorial approval,"Charles Chukwuma Nkwoka, Esq.",image missing,current-law or procedure-sensitive topic,no redirect to hidden draft,excluded while hidden,no public change unless selected
https://chamanlawfirm.com/the-duties-of-lawyers-to-client/,the-duties-of-lawyers-to-client,Duties of Lawyers to Clients in Nigeria,already public,public canonical article already exists,"Charles Chukwuma Nkwoka, Esq.",image present,low automated risk,no redirect to hidden draft,already public/in sitemap if approved,no public change unless selected
https://chamanlawfirm.com/how-to-secure-child-support-and-maintenance/,how-to-secure-child-support-and-maintenance,How to Secure Child Support and Maintenance in Nigeria,already public,public canonical article already exists,"Charles Chukwuma Nkwoka, Esq.",image present,possible unsafe self-help wording; family-status topic requires lawyer review,no redirect to hidden draft,already public/in sitemap if approved,no public change unless selected
https://chamanlawfirm.com/to-apply-for-and-get-certificate-of-occupancy/,to-apply-for-and-get-certificate-of-occupancy,How to Apply For and Obtain a Certificate of Occupancy in Nigeria,already public,public canonical article already exists,"Charles Chukwuma Nkwoka, Esq.",image present,current-law or procedure-sensitive topic; dispute-resolution wording requires lawyer review,no redirect to hidden draft,already public/in sitemap if approved,no public change unless selected
https://chamanlawfirm.com/stamping-and-up-stamping-of-a-mortgage-document/,stamping-and-up-stamping-of-a-mortgage-document,What Is Stamping and Up-Stamping of A Mortgage Document,keep hidden,current-law or procedure-sensitive topic; unsupported outcome claim; legacy URL already redirects to /practice-areas/property-real-estate-law/mortgage-document-review; not selected for Sprint 11W controlled editorial approval,"Charles Chukwuma Nkwoka, Esq.",image present,current-law or procedure-sensitive topic; unsupported outcome claim,no redirect to hidden draft,excluded while hidden,no public change unless selected
https://chamanlawfirm.com/dissolution-of-marriage-under-the-nigeria-law/,dissolution-of-marriage-under-the-nigeria-law,Ground for Dissolution of Marriage Under the Nigeria Law,already public,public canonical article already exists,"Charles Chukwuma Nkwoka, Esq.",image missing,current-law or procedure-sensitive topic; family-status topic requires lawyer review,no redirect to hidden draft,already public/in sitemap if approved,no public change unless selected
https://chamanlawfirm.com/family-property-and-right-of-individual-member-in-family-property/,family-property-and-right-of-individual-member-in-family-property,FAMILY PROPERTY AND THE RIGHTS OF INDIVIDUAL MEMBER,already public,public canonical article already exists,"Charles Chukwuma Nkwoka, Esq.",image missing,low automated risk,no redirect to hidden draft,already public/in sitemap if approved,no public change unless selected
https://chamanlawfirm.com/annulment-of-marriage-under-the-nigerian-law/,annulment-of-marriage-under-the-nigerian-law,Annulment of Marriage Under Nigerian Law: 5 Essential Insights for Positive Legal Clarity,already public,public canonical article already exists,"Charles Chukwuma Nkwoka, Esq.",image present,low automated risk,no redirect to hidden draft,already public/in sitemap if approved,no public change unless selected
https://chamanlawfirm.com/the-nigerian-legal-system/,the-nigerian-legal-system,The Strengths and Weaknesses of the Nigerian Legal System,already public,public canonical article already exists,"Charles Chukwuma Nkwoka, Esq.",image present,current-law or procedure-sensitive topic,no redirect to hidden draft,already public/in sitemap if approved,no public change unless selected
https://chamanlawfirm.com/what-are-rights-of-women-to-inheritance-in-nigeria/,what-are-rights-of-women-to-inheritance-in-nigeria,WHAT ARE RIGHTS OF WOMEN TO INHERITANCE IN NIGERIA,already public,public canonical article already exists,"Charles Chukwuma Nkwoka, Esq.",image missing,low automated risk,no redirect to hidden draft,already public/in sitemap if approved,no public change unless selected
https://chamanlawfirm.com/communal-land-and-family-land/,communal-land-and-family-land,WHAT ARE THE DIFFERENCES BETWEEN COMMUNAL LAND AND FAMILY LAND,already public,public canonical article already exists,"Charles Chukwuma Nkwoka, Esq.",image missing,low automated risk,no redirect to hidden draft,already public/in sitemap if approved,no public change unless selected
https://chamanlawfirm.com/land-ownership-disputes-in-nigeria/,land-ownership-disputes-in-nigeria,The Role of Courts in Resolving Land Ownership Disputes in Nigeria: Legal Insights and Case Studies,already public,public canonical article already exists,"Charles Chukwuma Nkwoka, Esq.",image present,possible unsafe self-help wording; current-law or procedure-sensitive topic; dispute-resolution wording requires lawyer review; unsupported outcome claim,no redirect to hidden draft,already public/in sitemap if approved,no public change unless selected
https://chamanlawfirm.com/overview-of-the-concept-recovery-of-premises/,overview-of-the-concept-recovery-of-premises,Overview of the Concept Recovery of Premises in Lagos State,keep hidden,featured image missing; alt text missing or weak; author reference needs correction; possible unsafe self-help wording; current-law or procedure-sensitive topic; dispute-resolution wording requires lawyer review; legacy URL already redirects to /practice-areas/property-real-estate-law; not selected for Sprint 11W controlled editorial approval,"Charles Chukwuma Nkwoka, Esq.",image missing,possible unsafe self-help wording; current-law or procedure-sensitive topic; dispute-resolution wording requires lawyer review,no redirect to hidden draft,excluded while hidden,no public change unless selected
https://chamanlawfirm.com/how-do-i-legally-evict-a-tenant-in-ogun-state/,how-do-i-legally-evict-a-tenant-in-ogun-state,How Do I Legally Evict a Tenant in Ogun State?,keep hidden,canonical missing or mismatched; author reference needs correction; off-brand/property-sales wording; possible unsafe self-help wording; current-law or procedure-sensitive topic; unsupported outcome claim; legacy URL already redirects to /practice-areas/property-real-estate-law; not selected for Sprint 11W controlled editorial approval,"Charles Chukwuma Nkwoka, Esq.",image present,off-brand/property-sales wording; possible unsafe self-help wording; current-law or procedure-sensitive topic; unsupported outcome claim,no redirect to hidden draft,excluded while hidden,no public change unless selected
https://chamanlawfirm.com/types-of-land-registration-in-nigeria/,types-of-land-registration-in-nigeria,Types of Land Registration in Nigeria,already public,public canonical article already exists,"Charles Chukwuma Nkwoka, Esq.",image missing,current-law or procedure-sensitive topic; dispute-resolution wording requires lawyer review; unsupported outcome claim,no redirect to hidden draft,already public/in sitemap if approved,no public change unless selected
https://chamanlawfirm.com/land-grabbing-the-legal-consequences-of/,land-grabbing-the-legal-consequences-of,Severe Repercussions of Land Grabbing in Nigeria: What Property Owners Must Know,keep hidden,body block count below gate; source body too short for approval; featured image missing; alt text missing or weak; author reference needs correction; legacy URL already redirects to /practice-areas/property-real-estate-law; not selected for Sprint 11W controlled editorial approval,"Charles Chukwuma Nkwoka, Esq.",image missing,low automated risk,no redirect to hidden draft,excluded while hidden,no public change unless selected
https://chamanlawfirm.com/what-to-know-about-company-resolution/,what-to-know-about-company-resolution,What to Know About Company Resolution,already public,public canonical article already exists,"Charles Chukwuma Nkwoka, Esq.",image missing,unsupported outcome claim,no redirect to hidden draft,already public/in sitemap if approved,no public change unless selected
https://chamanlawfirm.com/powerful-steps-sources-of-tax-law-in-nigeria/,powerful-steps-sources-of-tax-law-in-nigeria,Powerful Steps Sources Of Tax Law In Nigeria,keep hidden,author reference needs correction; current-law or procedure-sensitive topic; legacy URL already redirects to /practice-areas/corporate-commercial-law; not selected for Sprint 11W controlled editorial approval,"Charles Chukwuma Nkwoka, Esq.",image present,current-law or procedure-sensitive topic,no redirect to hidden draft,excluded while hidden,no public change unless selected
https://chamanlawfirm.com/what-is-the-process-of-land-acquisition/,what-is-the-process-of-land-acquisition,What is the Process of Land Acquisition in Nigeria?,already public,public canonical article already exists,"Charles Chukwuma Nkwoka, Esq.",image missing,dispute-resolution wording requires lawyer review,no redirect to hidden draft,already public/in sitemap if approved,no public change unless selected
https://chamanlawfirm.com/the-role-of-family-court-in-relation-to-child-protect-in-nigeria/,the-role-of-family-court-in-relation-to-child-protect-in-nigeria,THE ROLE OF FAMILY COURT IN RELATION TO CHILD PROTECTION IN NIGERIA,already public,public canonical article already exists,"Charles Chukwuma Nkwoka, Esq.",image missing,current-law or procedure-sensitive topic; family-status topic requires lawyer review,no redirect to hidden draft,already public/in sitemap if approved,no public change unless selected
https://chamanlawfirm.com/cost-of-building-approval-chaman-law-firm/,cost-of-building-approval-chaman-law-firm,What is the Cost of Building Approval in Ogun State?,keep hidden,featured image missing; alt text missing or weak; author reference needs correction; current-law or procedure-sensitive topic; legacy URL already redirects to /practice-areas/property-real-estate-law; not selected for Sprint 11W controlled editorial approval,"Charles Chukwuma Nkwoka, Esq.",image missing,current-law or procedure-sensitive topic,no redirect to hidden draft,excluded while hidden,no public change unless selected
https://chamanlawfirm.com/complete-guide-to-probate-registry-in-lagos/,complete-guide-to-probate-registry-in-lagos,Complete Guide to the Probate Registry in Lagos,already public,public canonical article already exists,"Charles Chukwuma Nkwoka, Esq.",image present,low automated risk,no redirect to hidden draft,already public/in sitemap if approved,no public change unless selected
https://chamanlawfirm.com/property-how-to-place-a-caveat/,property-how-to-place-a-caveat,Property How To Place A Caveat,keep hidden,source body too short for approval; author reference needs correction; legacy URL already redirects to /practice-areas/property-real-estate-law; not selected for Sprint 11W controlled editorial approval,"Charles Chukwuma Nkwoka, Esq.",image present,low automated risk,no redirect to hidden draft,excluded while hidden,no public change unless selected
https://chamanlawfirm.com/how-to-calculate-stamp-duty-chaman-law-firm/,how-to-calculate-stamp-duty-chaman-law-firm,How to calculate stamp duty for property transactions in Ogun?,already public,public canonical article already exists,"Charles Chukwuma Nkwoka, Esq.",image missing,off-brand/property-sales wording,no redirect to hidden draft,already public/in sitemap if approved,no public change unless selected
https://chamanlawfirm.com/nigeria-prohibited-items-list/,nigeria-prohibited-items-list,Truths Behind Nigeria'S Prohibited Items List; What You Must Know!,keep hidden,featured image missing; alt text missing or weak; current-law or procedure-sensitive topic; not selected for Sprint 11W controlled editorial approval,"Charles Chukwuma Nkwoka, Esq.",image missing,current-law or procedure-sensitive topic,no redirect to hidden draft,excluded while hidden,no public change unless selected
https://chamanlawfirm.com/can-a-landlord-increase-rent-arbitrarily-in-ogun/,can-a-landlord-increase-rent-arbitrarily-in-ogun,Can A Landlord Increase Rent Arbitrarily In Ogun,keep hidden,author reference needs correction; current-law or procedure-sensitive topic; legacy URL already redirects to /practice-areas/property-real-estate-law; not selected for Sprint 11W controlled editorial approval,"Charles Chukwuma Nkwoka, Esq.",image present,current-law or procedure-sensitive topic,no redirect to hidden draft,excluded while hidden,no public change unless selected
https://chamanlawfirm.com/how-to-legally-sublet-a-property-in-nigeria/,how-to-legally-sublet-a-property-in-nigeria,How to Legally Sublet a Property in Nigeria: 7 Step-by-Step Guide,already public,public canonical article already exists,"Charles Chukwuma Nkwoka, Esq.",image missing,current-law or procedure-sensitive topic,no redirect to hidden draft,already public/in sitemap if approved,no public change unless selected
https://chamanlawfirm.com/enforcing-fundamental-human-right/,enforcing-fundamental-human-right,Fundamental Human Right; What Are the Procedures For Enforcing Fundamental Human Right?,keep hidden,featured image missing; alt text missing or weak; current-law or procedure-sensitive topic; legacy URL already redirects to /practice-areas/litigation-dispute-resolution/fundamental-rights-enforcement; not selected for Sprint 11W controlled editorial approval,"Charles Chukwuma Nkwoka, Esq.",image missing,current-law or procedure-sensitive topic,no redirect to hidden draft,excluded while hidden,no public change unless selected
https://chamanlawfirm.com/revocation-of-power-of-attorney/,revocation-of-power-of-attorney,REVOCATION OF POWER OF ATTORNEY,already public,public canonical article already exists,"Charles Chukwuma Nkwoka, Esq.",image present,low automated risk,no redirect to hidden draft,already public/in sitemap if approved,no public change unless selected
https://chamanlawfirm.com/what-governs-contract-in-nigeria/,what-governs-contract-in-nigeria,What Governs Contracts in Nigeria?,already public,public canonical article already exists,"Charles Chukwuma Nkwoka, Esq.",image present,low automated risk,no redirect to hidden draft,already public/in sitemap if approved,no public change unless selected
https://chamanlawfirm.com/documents-apostilled-in-nigeria/,documents-apostilled-in-nigeria,Documents Apostilled In Nigeria,keep hidden,hidden Sanity source missing; publishedAt missing or future-dated; featured image missing; alt text missing or weak; practice/category relationship missing; author reference missing; legacy URL already redirects to /practice-areas/notary-public-services/apostille-and-document-legalization; not selected for Sprint 11W controlled editorial approval,"Charles Chukwuma Nkwoka, Esq.",image missing,low automated risk,no redirect to hidden draft,excluded while hidden,no public change unless selected
https://chamanlawfirm.com/obtaining-governor-consent-for-land-transactions/,obtaining-governor-consent-for-land-transactions,Obtaining Governor's Consent for Land Transactions in Nigeria,already public,public canonical article already exists,"Charles Chukwuma Nkwoka, Esq.",image present,current-law or procedure-sensitive topic; dispute-resolution wording requires lawyer review,no redirect to hidden draft,already public/in sitemap if approved,no public change unless selected
https://chamanlawfirm.com/rights-of-a-property-owner-in-nigeria/,rights-of-a-property-owner-in-nigeria,Your Rights As A Property Owner In Nigeria: What the Law Says,keep hidden,off-brand/property-sales wording; current-law or procedure-sensitive topic; dispute-resolution wording requires lawyer review; unsupported outcome claim; legacy URL already redirects to /practice-areas/property-real-estate-law/property-owner-rights; not selected for Sprint 11W controlled editorial approval,"Charles Chukwuma Nkwoka, Esq.",image present,off-brand/property-sales wording; current-law or procedure-sensitive topic; dispute-resolution wording requires lawyer review; unsupported outcome claim,no redirect to hidden draft,excluded while hidden,no public change unless selected
https://chamanlawfirm.com/deed-of-assignment-in-nigeria/,deed-of-assignment-in-nigeria,Deed Of Assignment In Nigeria,keep hidden,body block count below gate; source body too short for approval; author reference needs correction; legacy URL already redirects to /practice-areas/property-real-estate-law; not selected for Sprint 11W controlled editorial approval,"Charles Chukwuma Nkwoka, Esq.",image present,low automated risk,no redirect to hidden draft,excluded while hidden,no public change unless selected
https://chamanlawfirm.com/the-land-use-and-allocation-committee-luac/,the-land-use-and-allocation-committee-luac,The Land Use and Allocation Committee (LUAC) in Nigeria,already public,public canonical article already exists,"Charles Chukwuma Nkwoka, Esq.",image present,low automated risk,no redirect to hidden draft,already public/in sitemap if approved,no public change unless selected
https://chamanlawfirm.com/the-concept-of-restitution-of-conjugal-rights/,the-concept-of-restitution-of-conjugal-rights,The Concept of Restitution of Conjugal Rights,keep hidden,featured image missing; alt text missing or weak; not selected for Sprint 11W controlled editorial approval,"Charles Chukwuma Nkwoka, Esq.",image missing,low automated risk,no redirect to hidden draft,excluded while hidden,no public change unless selected
https://chamanlawfirm.com/5-lis-pendens-understanding-the-doctrine/,5-lis-pendens-understanding-the-doctrine,5 Critical Insights Into The Doctrine Of Lis Pendens In Real Estate Transactions; Legal Implications And Protection,keep hidden,featured image missing; alt text missing or weak; off-brand/property-sales wording; not selected for Sprint 11W controlled editorial approval,"Charles Chukwuma Nkwoka, Esq.",image missing,off-brand/property-sales wording,no redirect to hidden draft,excluded while hidden,no public change unless selected
https://chamanlawfirm.com/legal-implications-of-joint-property/,legal-implications-of-joint-property,The Legal Implications of Joint Property Ownership In Nigeria,keep hidden,featured image missing; alt text missing or weak; current-law or procedure-sensitive topic; legacy URL already redirects to /practice-areas/property-real-estate-law/legal-implications-of-joint-property; not selected for Sprint 11W controlled editorial approval,"Charles Chukwuma Nkwoka, Esq.",image missing,current-law or procedure-sensitive topic,no redirect to hidden draft,excluded while hidden,no public change unless selected
https://chamanlawfirm.com/property-insurance-in-nigeria/,property-insurance-in-nigeria,Property Insurance in Nigeria,already public,public canonical article already exists,"Charles Chukwuma Nkwoka, Esq.",image present,current-law or procedure-sensitive topic,no redirect to hidden draft,already public/in sitemap if approved,no public change unless selected
https://chamanlawfirm.com/insightful-overview-of-family-law-in-nigeria/,insightful-overview-of-family-law-in-nigeria,Overview of Family Law in Nigeria,already public,public canonical article already exists,"Charles Chukwuma Nkwoka, Esq.",image present,current-law or procedure-sensitive topic; family-status topic requires lawyer review,no redirect to hidden draft,already public/in sitemap if approved,no public change unless selected
https://chamanlawfirm.com/land-use-act-1978/,land-use-act-1978,Understanding the Land Use Act: How It Affects You,keep hidden,current-law or procedure-sensitive topic; dispute-resolution wording requires lawyer review; unsupported outcome claim; legacy URL already redirects to /practice-areas/property-real-estate-law/land-use-act-advisory; not selected for Sprint 11W controlled editorial approval,"Charles Chukwuma Nkwoka, Esq.",image present,current-law or procedure-sensitive topic; dispute-resolution wording requires lawyer review; unsupported outcome claim,no redirect to hidden draft,excluded while hidden,no public change unless selected
https://chamanlawfirm.com/maxims-of-equity/,maxims-of-equity,Maxims of Equity in Nigerian Legal Practice,already public,public canonical article already exists,"Charles Chukwuma Nkwoka, Esq.",image present,low automated risk,no redirect to hidden draft,already public/in sitemap if approved,no public change unless selected
https://chamanlawfirm.com/of-the-securities-and-exchange-commission/,of-the-securities-and-exchange-commission,5 Functions of the Securities and Exchange Commission,keep hidden,legacy URL already redirects to /practice-areas/corporate-commercial-law/securities-regulatory-compliance; not selected for Sprint 11W controlled editorial approval,"Charles Chukwuma Nkwoka, Esq.",image present,low automated risk,no redirect to hidden draft,excluded while hidden,no public change unless selected
https://chamanlawfirm.com/digital-evidence-admissibility-in-nigeria/,digital-evidence-admissibility-in-nigeria,Powerful Insight: Challenges And Solutions In Digital Evidence Admissibility In Nigeria,keep hidden,featured image missing; alt text missing or weak; current-law or procedure-sensitive topic; unsupported outcome claim; legacy URL already redirects to /practice-areas/litigation-dispute-resolution/digital-evidence; not selected for Sprint 11W controlled editorial approval,"Charles Chukwuma Nkwoka, Esq.",image missing,current-law or procedure-sensitive topic; unsupported outcome claim,no redirect to hidden draft,excluded while hidden,no public change unless selected
https://chamanlawfirm.com/proven-steps-the-canons-of-interpretation/,proven-steps-the-canons-of-interpretation,What Are the Canons of Interpretation,already public,public canonical article already exists,"Charles Chukwuma Nkwoka, Esq.",image missing,current-law or procedure-sensitive topic; family-status topic requires lawyer review,no redirect to hidden draft,already public/in sitemap if approved,no public change unless selected
https://chamanlawfirm.com/rights-of-parties-to-a-mortgage/,rights-of-parties-to-a-mortgage,Rights of Parties To A Mortgage,keep hidden,legacy URL already redirects to /practice-areas/property-real-estate-law/mortgage-document-review; not selected for Sprint 11W controlled editorial approval,"Charles Chukwuma Nkwoka, Esq.",image present,low automated risk,no redirect to hidden draft,excluded while hidden,no public change unless selected
https://chamanlawfirm.com/how-to-obtain-tax-clearance-certificate/,how-to-obtain-tax-clearance-certificate,How To Obtain Tax Clearance Certificate,keep hidden,current-law or procedure-sensitive topic; legacy URL already redirects to /practice-areas/corporate-commercial-law/tax-clearance-certificate; not selected for Sprint 11W controlled editorial approval,"Charles Chukwuma Nkwoka, Esq.",image present,current-law or procedure-sensitive topic,no redirect to hidden draft,excluded while hidden,no public change unless selected
https://chamanlawfirm.com/who-holds-authority-over-land-under-the-land/,who-holds-authority-over-land-under-the-land,Who Holds Authority Over Land Under the Land Use Act?,already public,public canonical article already exists,"Charles Chukwuma Nkwoka, Esq.",image present,low automated risk,no redirect to hidden draft,already public/in sitemap if approved,no public change unless selected
https://chamanlawfirm.com/developer-fails-to-deliver-property/,developer-fails-to-deliver-property,What to Do When a Developer Fails to Deliver Property,already public,public canonical article already exists,"Charles Chukwuma Nkwoka, Esq.",image present,current-law or procedure-sensitive topic; dispute-resolution wording requires lawyer review,no redirect to hidden draft,already public/in sitemap if approved,no public change unless selected
https://chamanlawfirm.com/pohistory-of-legal-profession-in-nigeria/,pohistory-of-legal-profession-in-nigeria,History of the Legal Profession in Nigeria,already public,public canonical article already exists,"Charles Chukwuma Nkwoka, Esq.",image present,current-law or procedure-sensitive topic,no redirect to hidden draft,already public/in sitemap if approved,no public change unless selected
https://chamanlawfirm.com/land-registration-system-in-nigeria/,land-registration-system-in-nigeria,Land Registration System In Nigeria,keep hidden,body block count below gate; legacy URL already redirects to /practice-areas/property-real-estate-law/land-registration; not selected for Sprint 11W controlled editorial approval,"Charles Chukwuma Nkwoka, Esq.",image present,low automated risk,no redirect to hidden draft,excluded while hidden,no public change unless selected
https://chamanlawfirm.com/board-of-directors-in-nigerian-companies/,board-of-directors-in-nigerian-companies,The Strategic Power of the Board Directors In Nigerian Companies- For A Successful Business,keep hidden,current-law or procedure-sensitive topic; legacy URL already redirects to /practice-areas/corporate-commercial-law/board-governance; not selected for Sprint 11W controlled editorial approval,"Charles Chukwuma Nkwoka, Esq.",image present,current-law or procedure-sensitive topic,no redirect to hidden draft,excluded while hidden,no public change unless selected
https://chamanlawfirm.com/lagos-tenancy-fixed-and-periodic-tenancies/,lagos-tenancy-fixed-and-periodic-tenancies,Lagos Tenancy Fixed and Periodic Tenancies,keep hidden,featured image missing; alt text missing or weak; possible unsafe self-help wording; current-law or procedure-sensitive topic; not selected for Sprint 11W controlled editorial approval,"Charles Chukwuma Nkwoka, Esq.",image missing,possible unsafe self-help wording; current-law or procedure-sensitive topic,no redirect to hidden draft,excluded while hidden,no public change unless selected
https://chamanlawfirm.com/expert-witnesses-in-nigeria-court-proceeding/,expert-witnesses-in-nigeria-court-proceeding,Expert Witnesses In Nigeria Court Proceeding,keep hidden,current-law or procedure-sensitive topic; legacy URL already redirects to /practice-areas/litigation-dispute-resolution/expert-witnesses; not selected for Sprint 11W controlled editorial approval,"Charles Chukwuma Nkwoka, Esq.",image present,current-law or procedure-sensitive topic,no redirect to hidden draft,excluded while hidden,no public change unless selected
https://chamanlawfirm.com/how-to-conduct-search-at-land-registry/,how-to-conduct-search-at-land-registry,How to Conduct a Search at the Land Registry in Nigeria,already public,public canonical article already exists,"Charles Chukwuma Nkwoka, Esq.",image present,current-law or procedure-sensitive topic,no redirect to hidden draft,already public/in sitemap if approved,no public change unless selected
https://chamanlawfirm.com/importance-of-covenants-in-a-tenancy-agreement/,importance-of-covenants-in-a-tenancy-agreement,Importance of Covenants in a Tenancy Agreement,already public,public canonical article already exists,"Charles Chukwuma Nkwoka, Esq.",image present,low automated risk,no redirect to hidden draft,already public/in sitemap if approved,no public change unless selected
https://chamanlawfirm.com/methods-of-transfer-of-shares/,methods-of-transfer-of-shares,Methods Of Transfer Of Shares,keep hidden,hidden Sanity source missing; publishedAt missing or future-dated; featured image missing; alt text missing or weak; practice/category relationship missing; author reference missing; legacy URL already redirects to /practice-areas/corporate-commercial-law/share-transfer; not selected for Sprint 11W controlled editorial approval,"Charles Chukwuma Nkwoka, Esq.",image missing,low automated risk,no redirect to hidden draft,excluded while hidden,no public change unless selected
https://chamanlawfirm.com/how-to-prove-ownership-of-land-in-nigeria/,how-to-prove-ownership-of-land-in-nigeria,How to Prove Ownership of Land in Nigeria,already public,public canonical article already exists,"Charles Chukwuma Nkwoka, Esq.",image present,off-brand/property-sales wording; dispute-resolution wording requires lawyer review,no redirect to hidden draft,already public/in sitemap if approved,no public change unless selected
https://chamanlawfirm.com/deed-of-partition-in-nigeria/,deed-of-partition-in-nigeria,Deed Of Partition In Nigeria,already public,public canonical article already exists,"Charles Chukwuma Nkwoka, Esq.",image missing,low automated risk,no redirect to hidden draft,already public/in sitemap if approved,no public change unless selected
https://chamanlawfirm.com/can-a-member-be-expelled-from-a-trade-union/,can-a-member-be-expelled-from-a-trade-union,5 Powerful Reasons A Member Can Be Expelled From A Trade Union,keep hidden,featured image missing; alt text missing or weak; unsupported outcome claim; legacy URL already redirects to /practice-areas/employment-law/trade-union-membership-disputes; not selected for Sprint 11W controlled editorial approval,"Charles Chukwuma Nkwoka, Esq.",image missing,unsupported outcome claim,no redirect to hidden draft,excluded while hidden,no public change unless selected
https://chamanlawfirm.com/international-law-in-conflict-resolution/,international-law-in-conflict-resolution,Powerful Impact Of International Law In Resolving Global Conflicts,keep hidden,featured image missing; alt text missing or weak; current-law or procedure-sensitive topic; not selected for Sprint 11W controlled editorial approval,"Charles Chukwuma Nkwoka, Esq.",image missing,current-law or procedure-sensitive topic,no redirect to hidden draft,excluded while hidden,no public change unless selected
https://chamanlawfirm.com/landlords-and-tenants-in-nigeria/,landlords-and-tenants-in-nigeria,Landlords and Tenants In Nigeria,keep hidden,possible unsafe self-help wording; current-law or procedure-sensitive topic; legacy URL already redirects to /practice-areas/property-real-estate-law/landlords-and-tenants-in-nigeria; not selected for Sprint 11W controlled editorial approval,"Charles Chukwuma Nkwoka, Esq.",image present,possible unsafe self-help wording; current-law or procedure-sensitive topic,no redirect to hidden draft,excluded while hidden,no public change unless selected
https://chamanlawfirm.com/step-by-step-guide-on-how-to-conduct-a-statutory-marriage-in-nigeria/,step-by-step-guide-on-how-to-conduct-a-statutory-marriage-in-nigeria,How to Conduct a Statutory Marriage in Nigeria,already public,public canonical article already exists,"Charles Chukwuma Nkwoka, Esq.",image present,low automated risk,no redirect to hidden draft,already public/in sitemap if approved,no public change unless selected
https://chamanlawfirm.com/probate-in-lagos-everything-you-need-to-know/,probate-in-lagos-everything-you-need-to-know,Probate In Lagos Everything You Need To Know,keep hidden,featured image missing; alt text missing or weak; author reference needs correction; current-law or procedure-sensitive topic; legacy URL already redirects to /practice-areas/probate-estate-administration/probate-in-lagos-everything-you-need-to-know; not selected for Sprint 11W controlled editorial approval,"Charles Chukwuma Nkwoka, Esq.",image missing,current-law or procedure-sensitive topic,no redirect to hidden draft,excluded while hidden,no public change unless selected
https://chamanlawfirm.com/the-role-of-regulatory-bodies/,the-role-of-regulatory-bodies,The Role of Regulatory Bodies in Nigeria,already public,public canonical article already exists,"Charles Chukwuma Nkwoka, Esq.",image present,low automated risk,no redirect to hidden draft,already public/in sitemap if approved,no public change unless selected
https://chamanlawfirm.com/legally-combat-police-harassment-in-nigeria/,legally-combat-police-harassment-in-nigeria,Legally Combat Police Harassment In Nigeria,keep hidden,current-law or procedure-sensitive topic; unsupported outcome claim; not selected for Sprint 11W controlled editorial approval,"Charles Chukwuma Nkwoka, Esq.",image present,current-law or procedure-sensitive topic; unsupported outcome claim,no redirect to hidden draft,excluded while hidden,no public change unless selected
https://chamanlawfirm.com/minority-protection-rights-and-remedies/,minority-protection-rights-and-remedies,Minority Protection: Rights and Remedies of Minorities,already public,public canonical article already exists,"Charles Chukwuma Nkwoka, Esq.",image missing,low automated risk,no redirect to hidden draft,already public/in sitemap if approved,no public change unless selected
https://chamanlawfirm.com/legal-obligations-for-debt-collectors/,legal-obligations-for-debt-collectors,LEGAL OBLIGATIONS FOR DEBT COLLECTORS IN NIGERIA,already public,public canonical article already exists,"Charles Chukwuma Nkwoka, Esq.",image missing,current-law or procedure-sensitive topic,no redirect to hidden draft,already public/in sitemap if approved,no public change unless selected
https://chamanlawfirm.com/challenges-of-implementing-the-land-use-act/,challenges-of-implementing-the-land-use-act,Challenges of Implementing the Land Use Act,keep hidden,current-law or procedure-sensitive topic; dispute-resolution wording requires lawyer review; legacy URL already redirects to /practice-areas/property-real-estate-law/land-use-act-advisory; not selected for Sprint 11W controlled editorial approval,"Charles Chukwuma Nkwoka, Esq.",image present,current-law or procedure-sensitive topic; dispute-resolution wording requires lawyer review,no redirect to hidden draft,excluded while hidden,no public change unless selected
https://chamanlawfirm.com/legal-restrictions-to-sale-of-land/,legal-restrictions-to-sale-of-land,Crucial Insights: Understanding the Legal Restrictions To Sale of Land,keep hidden,off-brand/property-sales wording; legacy URL already redirects to /practice-areas/property-real-estate-law/legal-restrictions-to-sale-of-land; not selected for Sprint 11W controlled editorial approval,"Charles Chukwuma Nkwoka, Esq.",image present,off-brand/property-sales wording,no redirect to hidden draft,excluded while hidden,no public change unless selected
https://chamanlawfirm.com/two-years-rule-as-regards-dissolution-of/,two-years-rule-as-regards-dissolution-of,Two Years Rule As Regards Dissolution Of,keep hidden,hidden Sanity source missing; publishedAt missing or future-dated; featured image missing; alt text missing or weak; practice/category relationship missing; author reference missing; not selected for Sprint 11W controlled editorial approval; title appears truncated or incomplete,"Charles Chukwuma Nkwoka, Esq.",image missing,low automated risk,no redirect to hidden draft,excluded while hidden,no public change unless selected
https://chamanlawfirm.com/legal-processofobtaininga-deed-of-assignment/,legal-processofobtaininga-deed-of-assignment,Legal Processofobtaininga Deed Of Assignment,already public,public canonical article already exists,"Charles Chukwuma Nkwoka, Esq.",image present,low automated risk,no redirect to hidden draft,already public/in sitemap if approved,no public change unless selected
https://chamanlawfirm.com/establishing-paternity-and-maternity-under/,establishing-paternity-and-maternity-under,Establishing Paternity and Maternity Under Nigerian Law: A Comprehensive 3 Steps Guide,keep hidden,family-status topic requires lawyer review; not selected for Sprint 11W controlled editorial approval,"Charles Chukwuma Nkwoka, Esq.",image present,family-status topic requires lawyer review,no redirect to hidden draft,excluded while hidden,no public change unless selected
https://chamanlawfirm.com/the-difference-between-adoption-and-fostering-in-nigeria/,the-difference-between-adoption-and-fostering-in-nigeria,The Difference Between Adoption And Fostering In Nigeria,keep hidden,hidden Sanity source missing; publishedAt missing or future-dated; featured image missing; alt text missing or weak; practice/category relationship missing; author reference missing; not selected for Sprint 11W controlled editorial approval,"Charles Chukwuma Nkwoka, Esq.",image missing,low automated risk,no redirect to hidden draft,excluded while hidden,no public change unless selected
https://chamanlawfirm.com/limitations-to-testamentary-freedom/,limitations-to-testamentary-freedom,Limitations To Testamentary Freedom,keep hidden,hidden Sanity source missing; publishedAt missing or future-dated; featured image missing; alt text missing or weak; practice/category relationship missing; author reference missing; legacy URL already redirects to /practice-areas/probate-estate-administration/testamentary-freedom-advisory; not selected for Sprint 11W controlled editorial approval,"Charles Chukwuma Nkwoka, Esq.",image missing,low automated risk,no redirect to hidden draft,excluded while hidden,no public change unless selected
https://chamanlawfirm.com/doctrine-of-ultra-vires,doctrine-of-ultra-vires,Understanding the Doctrine of Ultra Vires: A Legal Safeguard For Businesses,keep hidden,legacy URL already redirects to /practice-areas/corporate-commercial-law/ultra-vires-corporate-powers; not selected for Sprint 11W controlled editorial approval,"Charles Chukwuma Nkwoka, Esq.",image present,low automated risk,no redirect to hidden draft,excluded while hidden,no public change unless selected
https://chamanlawfirm.com/how-to-file-a-lawsuit-in-nigeria,how-to-file-a-lawsuit-in-nigeria,How To File A Lawsuit In Nigeria,keep hidden,legacy URL already redirects to /practice-areas/litigation-dispute-resolution/civil-lawsuit-pre-action-review; not selected for Sprint 11W controlled editorial approval,"Charles Chukwuma Nkwoka, Esq.",image present,low automated risk,no redirect to hidden draft,excluded while hidden,no public change unless selected
https://chamanlawfirm.com/analysis-of-the-nigerian-legal-system,analysis-of-the-nigerian-legal-system,Unmasking the Flaws and Triumphs of the Nigerian Legal System: A Power Analysis,keep hidden,featured image missing; alt text missing or weak; possible unsafe self-help wording; current-law or procedure-sensitive topic; unsupported outcome claim; not selected for Sprint 11W controlled editorial approval,"Charles Chukwuma Nkwoka, Esq.",image missing,possible unsafe self-help wording; current-law or procedure-sensitive topic; unsupported outcome claim,no redirect to hidden draft,excluded while hidden,no public change unless selected
https://chamanlawfirm.com/how-to-apply-for-certificate-of-good-conduct-in-nigeria,how-to-apply-for-certificate-of-good-conduct-in-nigeria,How To Apply For Certificate of Good Conduct In Nigeria,keep hidden,current-law or procedure-sensitive topic; legacy URL already redirects to /practice-areas/immigration-services/certificate-of-good-conduct-advisory; not selected for Sprint 11W controlled editorial approval,"Charles Chukwuma Nkwoka, Esq.",image present,current-law or procedure-sensitive topic,no redirect to hidden draft,excluded while hidden,no public change unless selected
https://chamanlawfirm.com/how-to-legally-evict-a-tenant-in-lagos-state,how-to-legally-evict-a-tenant-in-lagos-state,How To Legally Evict A Tenant In Lagos State Without Breaking the Law,keep hidden,possible unsafe self-help wording; current-law or procedure-sensitive topic; not selected for Sprint 11W controlled editorial approval,"Charles Chukwuma Nkwoka, Esq.",image present,possible unsafe self-help wording; current-law or procedure-sensitive topic,no redirect to hidden draft,excluded while hidden,no public change unless selected
https://chamanlawfirm.com/how-to-calculate-and-pay-land-use-charge,how-to-calculate-and-pay-land-use-charge,How To Calculate and Pay Land Use Charge,keep hidden,current-law or procedure-sensitive topic; legacy URL already redirects to /practice-areas/property-real-estate-law/land-use-charge; not selected for Sprint 11W controlled editorial approval,"Charles Chukwuma Nkwoka, Esq.",image present,current-law or procedure-sensitive topic,no redirect to hidden draft,excluded while hidden,no public change unless selected
https://chamanlawfirm.com/selling-a-family-land-without-everyones-consent,selling-a-family-land-without-everyones-consent,Selling A Family Land Without Everyones Consent,keep hidden,off-brand/property-sales wording; current-law or procedure-sensitive topic; legacy URL already redirects to /practice-areas/property-real-estate-law/selling-a-family-land-without-everyones-consent; not selected for Sprint 11W controlled editorial approval,"Charles Chukwuma Nkwoka, Esq.",image present,off-brand/property-sales wording; current-law or procedure-sensitive topic,no redirect to hidden draft,excluded while hidden,no public change unless selected
https://chamanlawfirm.com/right-of-an-illegitimate-child,right-of-an-illegitimate-child,Right of An Illegitimate Child,keep hidden,family-status topic requires lawyer review; not selected for Sprint 11W controlled editorial approval,"Charles Chukwuma Nkwoka, Esq.",image present,family-status topic requires lawyer review,no redirect to hidden draft,excluded while hidden,no public change unless selected
https://chamanlawfirm.com/taxes-on-real-estate-transactions-in-nigeria,taxes-on-real-estate-transactions-in-nigeria,Taxes On Real Estate Transactions In Nigeria,keep hidden,featured image missing; alt text missing or weak; off-brand/property-sales wording; current-law or procedure-sensitive topic; not selected for Sprint 11W controlled editorial approval,"Charles Chukwuma Nkwoka, Esq.",image missing,off-brand/property-sales wording; current-law or procedure-sensitive topic,no redirect to hidden draft,excluded while hidden,no public change unless selected
https://chamanlawfirm.com/breach-of-promise-to-marriage-in-nigeria,breach-of-promise-to-marriage-in-nigeria,Breach of Promise To Marriage In Nigeria,keep hidden,current-law or procedure-sensitive topic; not selected for Sprint 11W controlled editorial approval,"Charles Chukwuma Nkwoka, Esq.",image present,current-law or procedure-sensitive topic,no redirect to hidden draft,excluded while hidden,no public change unless selected
https://chamanlawfirm.com/individual-tax-clearance-certificate,individual-tax-clearance-certificate,Individual Tax Clearance Certificate,keep hidden,current-law or procedure-sensitive topic; not selected for Sprint 11W controlled editorial approval,"Charles Chukwuma Nkwoka, Esq.",image present,current-law or procedure-sensitive topic,no redirect to hidden draft,excluded while hidden,no public change unless selected
https://chamanlawfirm.com/7-effective-steps-to-take-when-a-landlord-refuses-to-return-your-rent-deposit,7-effective-steps-to-take-when-a-landlord-refuses-to-return-your-rent-deposit,7 Effective Steps To Take When A Landlord Refuses To Return Your Rent Deposit,keep hidden,current-law or procedure-sensitive topic; not selected for Sprint 11W controlled editorial approval,"Charles Chukwuma Nkwoka, Esq.",image present,current-law or procedure-sensitive topic,no redirect to hidden draft,excluded while hidden,no public change unless selected
https://chamanlawfirm.com/laspppa-what-it-is-and-why-it-matters-in-lagos,laspppa-what-it-is-and-why-it-matters-in-lagos,Laspppa: What It Is and Why It Matters For Property Owners In Lagos,keep hidden,current-law or procedure-sensitive topic; legacy URL already redirects to /practice-areas/property-real-estate-law/lagos-physical-planning-compliance; not selected for Sprint 11W controlled editorial approval,"Charles Chukwuma Nkwoka, Esq.",image present,current-law or procedure-sensitive topic,no redirect to hidden draft,excluded while hidden,no public change unless selected
https://chamanlawfirm.com/proven-steps-onoverview-of-the-child-right-act,proven-steps-onoverview-of-the-child-right-act,Onoverview of the Child Right Act,keep hidden,current-law or procedure-sensitive topic; dispute-resolution wording requires lawyer review; unsupported outcome claim; not selected for Sprint 11W controlled editorial approval,"Charles Chukwuma Nkwoka, Esq.",image present,current-law or procedure-sensitive topic; dispute-resolution wording requires lawyer review; unsupported outcome claim,no redirect to hidden draft,excluded while hidden,no public change unless selected
https://chamanlawfirm.com/clauses-for-drafting-a-tenancy-agreement,clauses-for-drafting-a-tenancy-agreement,Clauses For Drafting A Tenancy Agreement,keep hidden,unsupported outcome claim; not selected for Sprint 11W controlled editorial approval,"Charles Chukwuma Nkwoka, Esq.",image present,unsupported outcome claim,no redirect to hidden draft,excluded while hidden,no public change unless selected
https://chamanlawfirm.com/how-to-resolve-land-disputes-in-nigeria-with,how-to-resolve-land-disputes-in-nigeria-with,How To Resolve Land Disputes In Nigeria With,keep hidden,dispute-resolution wording requires lawyer review; not selected for Sprint 11W controlled editorial approval; title appears truncated or incomplete,"Charles Chukwuma Nkwoka, Esq.",image present,dispute-resolution wording requires lawyer review,no redirect to hidden draft,excluded while hidden,no public change unless selected
https://chamanlawfirm.com/limitation-of-action-in-nigeria,limitation-of-action-in-nigeria,Limitation of Action In Nigeria,keep hidden,current-law or procedure-sensitive topic; not selected for Sprint 11W controlled editorial approval,"Charles Chukwuma Nkwoka, Esq.",image present,current-law or procedure-sensitive topic,no redirect to hidden draft,excluded while hidden,no public change unless selected
https://chamanlawfirm.com/powerful-steps-who-is-mercantile-agent,powerful-steps-who-is-mercantile-agent,Who Is Mercantile Agent,keep hidden,featured image missing; alt text missing or weak; off-brand/property-sales wording; unsupported outcome claim; not selected for Sprint 11W controlled editorial approval,"Charles Chukwuma Nkwoka, Esq.",image missing,off-brand/property-sales wording; unsupported outcome claim,no redirect to hidden draft,excluded while hidden,no public change unless selected
