old URL,clicks,impressions,decision,proposed target
https://chamanlawfirm.com/,1598,78655,validate live status before new redirect or publication,https://chamanlawfirm.com/
https://chamanlawfirm.com/landlord-and-tenant-rights-in-nigeria/,1579,59489,validate live status before new redirect or publication,https://chamanlawfirm.com/resources/blog/landlord-and-tenant-rights-in-nigeria
https://www.chamanlawfirm.com/,1452,96316,validate live status before new redirect or publication,https://chamanlawfirm.com/
https://chamanlawfirm.com/obtaining-a-certificate-of-occupancy-c-of-o/,1173,39662,validate live status before new redirect or publication,https://chamanlawfirm.com/resources/blog/obtaining-a-certificate-of-occupancy-c-of-o
https://chamanlawfirm.com/cac-public-search-guide-nigeria/,1009,77699,validate live status before new redirect or publication,https://chamanlawfirm.com/resources/blog/cac-public-search-guide-nigeria
https://chamanlawfirm.com/the-jurisdiction-of-courts-in-nigeria/,770,40707,validate live status before new redirect or publication,https://chamanlawfirm.com/resources/blog/the-jurisdiction-of-courts-in-nigeria
https://chamanlawfirm.com/the-concept-of-rule-of-law-in-nigeria/,763,51092,validate live status before new redirect or publication,https://chamanlawfirm.com/resources/blog/the-concept-of-rule-of-law-in-nigeria
https://chamanlawfirm.com/types-of-tenant-in-nigeria/,758,23316,validate live status before new redirect or publication,https://chamanlawfirm.com/resources/blog/types-of-tenant-in-nigeria
https://chamanlawfirm.com/about-us/,733,41803,validate live status before new redirect or publication,https://chamanlawfirm.com/resources/blog/about-us
https://chamanlawfirm.com/how-to-change-car-ownership-in-nigeria/,731,34973,validate live status before new redirect or publication,https://chamanlawfirm.com/resources/blog/how-to-change-car-ownership-in-nigeria
https://chamanlawfirm.com/proper-steps-to-eviction-of-tenants/,708,32444,validate live status before new redirect or publication,https://chamanlawfirm.com/resources/blog/proper-steps-to-eviction-of-tenants
https://chamanlawfirm.com/how-to-track-a-stolen-phone-in-nigeria/,689,48652,validate live status before new redirect or publication,https://chamanlawfirm.com/resources/blog/how-to-track-a-stolen-phone-in-nigeria
https://chamanlawfirm.com/the-ogun-state-tenancy-law-chaman-law-firm/,646,10043,validate live status before new redirect or publication,https://chamanlawfirm.com/resources/blog/the-ogun-state-tenancy-law-chaman-law-firm
https://chamanlawfirm.com/building-permit-approval-in-ogun-state/,629,22729,validate live status before new redirect or publication,https://chamanlawfirm.com/resources/blog/building-permit-approval-in-ogun-state
https://chamanlawfirm.com/list-of-government-agencies-of-nigeria/,608,70716,validate live status before new redirect or publication,https://chamanlawfirm.com/resources/blog/list-of-government-agencies-of-nigeria
https://chamanlawfirm.com/4-steps-on-how-to-deal-with-a-bad-landlordin/,570,14414,validate live status before new redirect or publication,https://chamanlawfirm.com/resources/blog/4-steps-on-how-to-deal-with-a-bad-landlordin
https://chamanlawfirm.com/joinder-of-parties-misjoinder-of-parties/,553,15775,validate live status before new redirect or publication,https://chamanlawfirm.com/resources/blog/joinder-of-parties-misjoinder-of-parties
https://chamanlawfirm.com/how-to-change-name-with-deed-poll/,531,24126,validate live status before new redirect or publication,https://chamanlawfirm.com/resources/blog/how-to-change-name-with-deed-poll
https://chamanlawfirm.com/gain-nigerian-citizenship-by-marriage/,505,34961,validate live status before new redirect or publication,https://chamanlawfirm.com/resources/blog/gain-nigerian-citizenship-by-marriage
https://chamanlawfirm.com/statutory-right-of-occupancy-vs-customary-right/,503,14711,validate live status before new redirect or publication,https://chamanlawfirm.com/resources/blog/statutory-right-of-occupancy-vs-customary-right
https://chamanlawfirm.com/ways-to-prove-ownership-of-land/,442,28020,validate live status before new redirect or publication,https://chamanlawfirm.com/resources/blog/ways-to-prove-ownership-of-land
https://chamanlawfirm.com/5-steps-on-how-to-obtain-restraining-order/,421,7829,validate live status before new redirect or publication,https://chamanlawfirm.com/resources/blog/5-steps-on-how-to-obtain-restraining-order
https://chamanlawfirm.com/steps-on-how-to-confidently-report-acrimelaw/,414,30229,validate live status before new redirect or publication,https://chamanlawfirm.com/resources/blog/steps-on-how-to-confidently-report-acrimelaw
https://chamanlawfirm.com/what-are-elements-of-tax-law/,397,10170,validate live status before new redirect or publication,https://chamanlawfirm.com/resources/blog/what-are-elements-of-tax-law
https://chamanlawfirm.com/tax-administration-in-nigeria/,376,16882,validate live status before new redirect or publication,https://chamanlawfirm.com/resources/blog/tax-administration-in-nigeria
https://chamanlawfirm.com/difference-between-ownership-and-possession/,375,13367,validate live status before new redirect or publication,https://chamanlawfirm.com/resources/blog/difference-between-ownership-and-possession
https://chamanlawfirm.com/apply-for-drivers-licence-in-nigeria/,373,102871,validate live status before new redirect or publication,https://chamanlawfirm.com/resources/blog/apply-for-drivers-licence-in-nigeria
https://chamanlawfirm.com/community-development-associations-law/,372,16011,validate live status before new redirect or publication,https://chamanlawfirm.com/resources/blog/community-development-associations-law
https://chamanlawfirm.com/child-support-and-maintenance-payment/,366,29484,validate live status before new redirect or publication,https://chamanlawfirm.com/resources/blog/child-support-and-maintenance-payment
https://chamanlawfirm.com/how-to-notarize-a-document-in-nigeria/,351,27073,validate live status before new redirect or publication,https://chamanlawfirm.com/resources/blog/how-to-notarize-a-document-in-nigeria
https://chamanlawfirm.com/how-to-replace-a-lost-a-marriage-certificate/,336,7917,validate live status before new redirect or publication,https://chamanlawfirm.com/resources/blog/how-to-replace-a-lost-a-marriage-certificate
https://chamanlawfirm.com/the-statutory-right-of-occupancy-in-nigeria/,328,24757,validate live status before new redirect or publication,https://chamanlawfirm.com/resources/blog/the-statutory-right-of-occupancy-in-nigeria
http://www.chamanlawfirm.com/,319,23150,validate live status before new redirect or publication,https://chamanlawfirm.com/
https://chamanlawfirm.com/legal-steps-to-take-when-our-land-has-been/,315,8372,validate live status before new redirect or publication,https://chamanlawfirm.com/resources/blog/legal-steps-to-take-when-our-land-has-been
https://chamanlawfirm.com/transfer-of-company-shares-in-nigeria/,295,8083,validate live status before new redirect or publication,https://chamanlawfirm.com/resources/blog/transfer-of-company-shares-in-nigeria
https://chamanlawfirm.com/rights-of-tenants-in-ogun-chaman-law-firm/,286,6542,validate live status before new redirect or publication,https://chamanlawfirm.com/resources/blog/rights-of-tenants-in-ogun-chaman-law-firm
https://chamanlawfirm.com/5-vital-role-of-consumer-protection-agencies/,284,44484,validate live status before new redirect or publication,https://chamanlawfirm.com/resources/blog/5-vital-role-of-consumer-protection-agencies
https://chamanlawfirm.com/what-is-the-implication-of-quit-notice/,283,30132,validate live status before new redirect or publication,https://chamanlawfirm.com/resources/blog/what-is-the-implication-of-quit-notice
https://chamanlawfirm.com/the-overall-list-of-federal-laws-in-nigeria/,263,22517,validate live status before new redirect or publication,https://chamanlawfirm.com/resources/blog/the-overall-list-of-federal-laws-in-nigeria
https://chamanlawfirm.com/polygamy-and-multiple-marriages-in-nigeria/,262,65029,validate live status before new redirect or publication,https://chamanlawfirm.com/resources/blog/polygamy-and-multiple-marriages-in-nigeria
https://chamanlawfirm.com/steps-to-permanent-residency-in-nigeria/,244,22900,validate live status before new redirect or publication,https://chamanlawfirm.com/resources/blog/steps-to-permanent-residency-in-nigeria
https://chamanlawfirm.com/taxation-of-the-construction-sector-in-nigeria/,234,4891,validate live status before new redirect or publication,https://chamanlawfirm.com/resources/blog/taxation-of-the-construction-sector-in-nigeria
https://chamanlawfirm.com/what-are-the-sources-of-nigerian-law/,231,30286,validate live status before new redirect or publication,https://chamanlawfirm.com/resources/blog/what-are-the-sources-of-nigerian-law
https://chamanlawfirm.com/sharing-of-property-after-divorce-in-nigeria/,231,14184,validate live status before new redirect or publication,https://chamanlawfirm.com/resources/blog/sharing-of-property-after-divorce-in-nigeria
https://chamanlawfirm.com/challenges-facing-the-nigerian-court-system/,230,26691,validate live status before new redirect or publication,https://chamanlawfirm.com/resources/blog/challenges-facing-the-nigerian-court-system
https://chamanlawfirm.com/statute-of-limitations-on-debt-in-nigeria/,229,10391,validate live status before new redirect or publication,https://chamanlawfirm.com/resources/blog/statute-of-limitations-on-debt-in-nigeria
https://chamanlawfirm.com/registration-of-trade-union-in-nigeria/,227,11085,validate live status before new redirect or publication,https://chamanlawfirm.com/resources/blog/registration-of-trade-union-in-nigeria
https://chamanlawfirm.com/is-foreign-marriage-under-the-nigerian-law/,227,9164,validate live status before new redirect or publication,https://chamanlawfirm.com/resources/blog/is-foreign-marriage-under-the-nigerian-law
https://chamanlawfirm.com/how-to-file-complaint-against-police-officers-in-nigeria/,226,14028,validate live status before new redirect or publication,https://chamanlawfirm.com/resources/blog/how-to-file-complaint-against-police-officers-in-nigeria
https://chamanlawfirm.com/abandonment-and-withdrew-of-court-action/,219,10144,validate live status before new redirect or publication,https://chamanlawfirm.com/resources/blog/abandonment-and-withdrew-of-court-action
