batch rank,priority rank,old URL,new URL,slug,title,body exists,SEO title exists,meta description exists,canonical exists,publishedAt valid,author governance,image status,alt text exists,category exists,no Chaman Properties content,no placeholder,no old legacy footer,consultation CTA exists,automated approval readiness,notes
1,4,https://chamanlawfirm.com/obtaining-a-certificate-of-occupancy-c-of-o/,/resources/blog/obtaining-a-certificate-of-occupancy-c-of-o,obtaining-a-certificate-of-occupancy-c-of-o,REQUIREMENTS FOR OBTAINING A CERTIFICATE OF OCCUPANCY (CofO) IN NIGERIA (LAGOS AND OGUN STATE),no,yes,yes,yes,yes,"Charles Chukwuma Nkwoka, Esq.",failed,no,yes,yes,yes,yes,needs review,not approved - lawyer review required,Body missing or too short for safe approval.
2,5,https://chamanlawfirm.com/cac-public-search-guide-nigeria/,/resources/blog/cac-public-search-guide-nigeria,cac-public-search-guide-nigeria,How to Use CAC Public Search for Your Business Registration,yes,yes,yes,yes,yes,"Charles Chukwuma Nkwoka, Esq.",failed,no,yes,yes,yes,no,yes,not approved - lawyer review required,Legacy footer/contact content must be cleaned.
3,7,https://chamanlawfirm.com/the-concept-of-rule-of-law-in-nigeria/,/resources/blog/the-concept-of-rule-of-law-in-nigeria,the-concept-of-rule-of-law-in-nigeria,THE CONCEPT OF RULE OF LAW IN NIGERIA,yes,yes,yes,yes,yes,"Charles Chukwuma Nkwoka, Esq.",failed,no,yes,yes,yes,no,yes,not approved - lawyer review required,Legacy footer/contact content must be cleaned.
4,8,https://chamanlawfirm.com/types-of-tenant-in-nigeria/,/resources/blog/types-of-tenant-in-nigeria,types-of-tenant-in-nigeria,TYPES OF TENANT IN NIGERIA,yes,yes,yes,yes,yes,"Charles Chukwuma Nkwoka, Esq.",failed,no,yes,yes,yes,no,yes,not approved - lawyer review required,Legacy footer/contact content must be cleaned.
5,10,https://chamanlawfirm.com/how-to-change-car-ownership-in-nigeria/,/resources/blog/how-to-change-car-ownership-in-nigeria,how-to-change-car-ownership-in-nigeria,How To Change Car Ownership In Nigeria,no,no,no,no,no,"Charles Chukwuma Nkwoka, Esq.",image-needed,no,no,yes,yes,yes,needs review,not approved - lawyer review required,No prepared source body in Phase 5C JSON.; Body missing or too short for safe approval.; Rewrite required before approval.
6,12,https://chamanlawfirm.com/how-to-track-a-stolen-phone-in-nigeria/,/resources/blog/how-to-track-a-stolen-phone-in-nigeria,how-to-track-a-stolen-phone-in-nigeria,How To Track A Stolen Phone In Nigeria,no,no,no,no,no,"Charles Chukwuma Nkwoka, Esq.",image-needed,no,no,yes,yes,yes,needs review,not approved - lawyer review required,No prepared source body in Phase 5C JSON.; Body missing or too short for safe approval.; Rewrite required before approval.
7,15,https://chamanlawfirm.com/list-of-government-agencies-of-nigeria/,/resources/blog/list-of-government-agencies-of-nigeria,list-of-government-agencies-of-nigeria,List Of Government Agencies Of Nigeria,no,no,no,no,no,"Charles Chukwuma Nkwoka, Esq.",image-needed,no,no,yes,yes,yes,needs review,not approved - lawyer review required,No prepared source body in Phase 5C JSON.; Body missing or too short for safe approval.; Rewrite required before approval.
8,16,https://chamanlawfirm.com/4-steps-on-how-to-deal-with-a-bad-landlordin/,/resources/blog/4-steps-on-how-to-deal-with-a-bad-landlordin,4-steps-on-how-to-deal-with-a-bad-landlordin,4 Steps On How To Deal With A Bad Landlordin,no,no,no,no,no,"Charles Chukwuma Nkwoka, Esq.",image-needed,no,no,yes,yes,yes,needs review,not approved - lawyer review required,No prepared source body in Phase 5C JSON.; Body missing or too short for safe approval.; Rewrite required before approval.
9,17,https://chamanlawfirm.com/joinder-of-parties-misjoinder-of-parties/,/resources/blog/joinder-of-parties-misjoinder-of-parties,joinder-of-parties-misjoinder-of-parties,Joinder Of Parties Misjoinder Of Parties,no,no,no,no,no,"Charles Chukwuma Nkwoka, Esq.",image-needed,no,no,yes,yes,yes,needs review,not approved - lawyer review required,No prepared source body in Phase 5C JSON.; Body missing or too short for safe approval.; Rewrite required before approval.
10,18,https://chamanlawfirm.com/how-to-change-name-with-deed-poll/,/resources/blog/how-to-change-name-with-deed-poll,how-to-change-name-with-deed-poll,Effortless Name Change: How to Change Name with Deed Poll Successfully,yes,yes,yes,yes,yes,"Charles Chukwuma Nkwoka, Esq.",failed,no,yes,yes,yes,no,needs review,not approved - lawyer review required,Legacy footer/contact content must be cleaned.
11,21,https://chamanlawfirm.com/ways-to-prove-ownership-of-land/,/resources/blog/ways-to-prove-ownership-of-land,ways-to-prove-ownership-of-land,What are Five Ways to Prove Ownership of Land,yes,yes,yes,yes,yes,"Charles Chukwuma Nkwoka, Esq.",failed,no,yes,yes,yes,no,needs review,not approved - lawyer review required,Legacy footer/contact content must be cleaned.
12,22,https://chamanlawfirm.com/5-steps-on-how-to-obtain-restraining-order/,/resources/blog/5-steps-on-how-to-obtain-restraining-order,5-steps-on-how-to-obtain-restraining-order,5 Steps On How To Obtain Restraining Order,no,no,no,no,no,"Charles Chukwuma Nkwoka, Esq.",image-needed,no,no,yes,yes,yes,needs review,not approved - lawyer review required,No prepared source body in Phase 5C JSON.; Body missing or too short for safe approval.; Rewrite required before approval.
13,23,https://chamanlawfirm.com/steps-on-how-to-confidently-report-acrimelaw/,/resources/blog/steps-on-how-to-confidently-report-acrimelaw,steps-on-how-to-confidently-report-acrimelaw,Steps On How To Confidently Report Acrimelaw,no,no,no,no,no,"Charles Chukwuma Nkwoka, Esq.",image-needed,no,no,yes,yes,yes,needs review,not approved - lawyer review required,No prepared source body in Phase 5C JSON.; Body missing or too short for safe approval.; Rewrite required before approval.
14,24,https://chamanlawfirm.com/what-are-elements-of-tax-law/,/resources/blog/what-are-elements-of-tax-law,what-are-elements-of-tax-law,What Are Elements Of Tax Law,no,no,no,no,no,"Charles Chukwuma Nkwoka, Esq.",image-needed,no,no,yes,yes,yes,needs review,not approved - lawyer review required,No prepared source body in Phase 5C JSON.; Body missing or too short for safe approval.; Rewrite required before approval.
15,25,https://chamanlawfirm.com/tax-administration-in-nigeria/,/resources/blog/tax-administration-in-nigeria,tax-administration-in-nigeria,Tax Administration In Nigeria,no,no,no,no,no,"Charles Chukwuma Nkwoka, Esq.",image-needed,no,no,yes,yes,yes,needs review,not approved - lawyer review required,No prepared source body in Phase 5C JSON.; Body missing or too short for safe approval.; Rewrite required before approval.
16,26,https://chamanlawfirm.com/difference-between-ownership-and-possession/,/resources/blog/difference-between-ownership-and-possession,difference-between-ownership-and-possession,Difference Between Ownership and Possession,yes,yes,yes,yes,yes,"Charles Chukwuma Nkwoka, Esq.",patched,no,yes,yes,yes,no,needs review,not approved - lawyer review required,Legacy footer/contact content must be cleaned.
17,27,https://chamanlawfirm.com/apply-for-drivers-licence-in-nigeria/,/resources/blog/apply-for-drivers-licence-in-nigeria,apply-for-drivers-licence-in-nigeria,Apply For Drivers Licence In Nigeria,no,no,no,no,no,"Charles Chukwuma Nkwoka, Esq.",image-needed,no,no,yes,yes,yes,needs review,not approved - lawyer review required,No prepared source body in Phase 5C JSON.; Body missing or too short for safe approval.; Rewrite required before approval.
18,28,https://chamanlawfirm.com/community-development-associations-law/,/resources/blog/community-development-associations-law,community-development-associations-law,Transforming Communities: The Powerful Impact of the Community Development Associations Law of Lagos State,yes,yes,yes,yes,yes,"Charles Chukwuma Nkwoka, Esq.",patched,no,yes,yes,yes,no,yes,not approved - lawyer review required,Legacy footer/contact content must be cleaned.
19,29,https://chamanlawfirm.com/child-support-and-maintenance-payment/,/resources/blog/child-support-and-maintenance-payment,child-support-and-maintenance-payment,Child Support And Maintenance Payment,no,no,no,no,no,"Charles Chukwuma Nkwoka, Esq.",image-needed,no,no,yes,yes,yes,needs review,not approved - lawyer review required,No prepared source body in Phase 5C JSON.; Body missing or too short for safe approval.; Rewrite required before approval.
20,30,https://chamanlawfirm.com/how-to-notarize-a-document-in-nigeria/,/resources/blog/how-to-notarize-a-document-in-nigeria,how-to-notarize-a-document-in-nigeria,Effortless Success: How to Notarize a Document in Nigeria Without Legal Hassles,yes,yes,yes,yes,yes,"Charles Chukwuma Nkwoka, Esq.",failed,no,yes,yes,yes,yes,needs review,not approved - lawyer review required,
21,31,https://chamanlawfirm.com/how-to-replace-a-lost-a-marriage-certificate/,/resources/blog/how-to-replace-a-lost-a-marriage-certificate,how-to-replace-a-lost-a-marriage-certificate,HOW TO REPLACE A LOST A MARRIAGE CERTIFICATE,yes,yes,yes,yes,yes,"Charles Chukwuma Nkwoka, Esq.",image present,yes,yes,yes,yes,yes,yes,not approved - lawyer review required,
22,32,https://chamanlawfirm.com/the-statutory-right-of-occupancy-in-nigeria/,/resources/blog/the-statutory-right-of-occupancy-in-nigeria,the-statutory-right-of-occupancy-in-nigeria,What is the Statutory Right of Occupancy in Nigeria?,yes,yes,yes,yes,yes,"Charles Chukwuma Nkwoka, Esq.",patched,no,yes,yes,yes,no,needs review,not approved - lawyer review required,Legacy footer/contact content must be cleaned.
23,34,https://chamanlawfirm.com/legal-steps-to-take-when-our-land-has-been/,/resources/blog/legal-steps-to-take-when-our-land-has-been,legal-steps-to-take-when-our-land-has-been,5 Powerful Legal Steps to Take When Your Land Has Been Encroached Upon in Nigeria,yes,yes,yes,yes,yes,"Charles Chukwuma Nkwoka, Esq.",image present,yes,yes,yes,yes,no,yes,not approved - lawyer review required,Legacy footer/contact content must be cleaned.
24,35,https://chamanlawfirm.com/transfer-of-company-shares-in-nigeria/,/resources/blog/transfer-of-company-shares-in-nigeria,transfer-of-company-shares-in-nigeria,TRANSFER OF COMPANY SHARES IN NIGERIA,yes,yes,yes,yes,yes,"Charles Chukwuma Nkwoka, Esq.",patched,no,yes,yes,yes,no,yes,not approved - lawyer review required,Legacy footer/contact content must be cleaned.
25,36,https://chamanlawfirm.com/rights-of-tenants-in-ogun-chaman-law-firm/,/resources/blog/rights-of-tenants-in-ogun-chaman-law-firm,rights-of-tenants-in-ogun-chaman-law-firm,What Are the Rights of Tenants in Ogun State?,yes,yes,yes,yes,yes,"Charles Chukwuma Nkwoka, Esq.",patched,no,yes,yes,yes,no,yes,not approved - lawyer review required,Legacy footer/contact content must be cleaned.
26,37,https://chamanlawfirm.com/5-vital-role-of-consumer-protection-agencies/,/resources/blog/5-vital-role-of-consumer-protection-agencies,5-vital-role-of-consumer-protection-agencies,5 Vital Role Of Consumer Protection Agencies,no,no,no,no,no,"Charles Chukwuma Nkwoka, Esq.",image-needed,no,no,yes,yes,yes,needs review,not approved - lawyer review required,No prepared source body in Phase 5C JSON.; Body missing or too short for safe approval.; Rewrite required before approval.
27,38,https://chamanlawfirm.com/what-is-the-implication-of-quit-notice/,/resources/blog/what-is-the-implication-of-quit-notice,what-is-the-implication-of-quit-notice,What Is The Implication Of Quit Notice,no,no,no,no,no,"Charles Chukwuma Nkwoka, Esq.",image-needed,no,no,yes,yes,yes,needs review,not approved - lawyer review required,No prepared source body in Phase 5C JSON.; Body missing or too short for safe approval.; Rewrite required before approval.
28,39,https://chamanlawfirm.com/the-overall-list-of-federal-laws-in-nigeria/,/resources/blog/the-overall-list-of-federal-laws-in-nigeria,the-overall-list-of-federal-laws-in-nigeria,THE OVERALL LIST OF FEDERAL LAWS IN NIGERIA,no,yes,yes,yes,yes,"Charles Chukwuma Nkwoka, Esq.",patched,no,yes,yes,yes,yes,needs review,not approved - lawyer review required,Body missing or too short for safe approval.
29,40,https://chamanlawfirm.com/polygamy-and-multiple-marriages-in-nigeria/,/resources/blog/polygamy-and-multiple-marriages-in-nigeria,polygamy-and-multiple-marriages-in-nigeria,Polygamy And Multiple Marriages In Nigeria,no,no,no,no,no,"Charles Chukwuma Nkwoka, Esq.",image-needed,no,no,yes,yes,yes,needs review,not approved - lawyer review required,No prepared source body in Phase 5C JSON.; Body missing or too short for safe approval.; Rewrite required before approval.
30,41,https://chamanlawfirm.com/steps-to-permanent-residency-in-nigeria/,/resources/blog/steps-to-permanent-residency-in-nigeria,steps-to-permanent-residency-in-nigeria,Steps To Permanent Residency In Nigeria,no,no,no,no,no,"Charles Chukwuma Nkwoka, Esq.",image-needed,no,no,yes,yes,yes,needs review,not approved - lawyer review required,No prepared source body in Phase 5C JSON.; Body missing or too short for safe approval.; Rewrite required before approval.
31,42,https://chamanlawfirm.com/taxation-of-the-construction-sector-in-nigeria/,/resources/blog/taxation-of-the-construction-sector-in-nigeria,taxation-of-the-construction-sector-in-nigeria,Taxation Of The Construction Sector In Nigeria,no,no,no,no,no,"Charles Chukwuma Nkwoka, Esq.",image-needed,no,no,yes,yes,yes,needs review,not approved - lawyer review required,No prepared source body in Phase 5C JSON.; Body missing or too short for safe approval.; Rewrite required before approval.
32,43,https://chamanlawfirm.com/what-are-the-sources-of-nigerian-law/,/resources/blog/what-are-the-sources-of-nigerian-law,what-are-the-sources-of-nigerian-law,What Are The Sources Of Nigerian Law,no,no,no,no,no,"Charles Chukwuma Nkwoka, Esq.",image-needed,no,no,yes,yes,yes,needs review,not approved - lawyer review required,No prepared source body in Phase 5C JSON.; Body missing or too short for safe approval.; Rewrite required before approval.
33,44,https://chamanlawfirm.com/sharing-of-property-after-divorce-in-nigeria/,/resources/blog/sharing-of-property-after-divorce-in-nigeria,sharing-of-property-after-divorce-in-nigeria,Sharing Of Property After Divorce In Nigeria,no,no,no,no,no,"Charles Chukwuma Nkwoka, Esq.",image-needed,no,no,yes,yes,yes,needs review,not approved - lawyer review required,No prepared source body in Phase 5C JSON.; Body missing or too short for safe approval.; Rewrite required before approval.
34,45,https://chamanlawfirm.com/challenges-facing-the-nigerian-court-system/,/resources/blog/challenges-facing-the-nigerian-court-system,challenges-facing-the-nigerian-court-system,Challenges Facing The Nigerian Court System,no,no,no,no,no,"Charles Chukwuma Nkwoka, Esq.",image-needed,no,no,yes,yes,yes,needs review,not approved - lawyer review required,No prepared source body in Phase 5C JSON.; Body missing or too short for safe approval.; Rewrite required before approval.
35,46,https://chamanlawfirm.com/statute-of-limitations-on-debt-in-nigeria/,/resources/blog/statute-of-limitations-on-debt-in-nigeria,statute-of-limitations-on-debt-in-nigeria,Empowering Insights: Understanding the Statute of Limitations on Debt in Nigeria: Unlock Success,yes,yes,yes,yes,yes,"Charles Chukwuma Nkwoka, Esq.",failed,no,yes,yes,yes,no,yes,not approved - lawyer review required,Legacy footer/contact content must be cleaned.
36,47,https://chamanlawfirm.com/registration-of-trade-union-in-nigeria/,/resources/blog/registration-of-trade-union-in-nigeria,registration-of-trade-union-in-nigeria,Registration Of Trade Union In Nigeria,no,no,no,no,no,"Charles Chukwuma Nkwoka, Esq.",image-needed,no,no,yes,yes,yes,needs review,not approved - lawyer review required,No prepared source body in Phase 5C JSON.; Body missing or too short for safe approval.; Rewrite required before approval.
37,48,https://chamanlawfirm.com/is-foreign-marriage-under-the-nigerian-law/,/resources/blog/is-foreign-marriage-under-the-nigerian-law,is-foreign-marriage-under-the-nigerian-law,HOW VALID IS FOREIGN MARRIAGE UNDER NIGERIAN LAW,yes,yes,yes,yes,yes,"Charles Chukwuma Nkwoka, Esq.",failed,no,yes,yes,yes,no,yes,not approved - lawyer review required,Legacy footer/contact content must be cleaned.
38,49,https://chamanlawfirm.com/how-to-file-complaint-against-police-officers-in-nigeria/,/resources/blog/how-to-file-complaint-against-police-officers-in-nigeria,how-to-file-complaint-against-police-officers-in-nigeria,How To File Complaint Against Police Officers In Nigeria,no,no,no,no,no,"Charles Chukwuma Nkwoka, Esq.",image-needed,no,no,yes,yes,yes,needs review,not approved - lawyer review required,No prepared source body in Phase 5C JSON.; Body missing or too short for safe approval.; Rewrite required before approval.
39,50,https://chamanlawfirm.com/abandonment-and-withdrew-of-court-action/,/resources/blog/abandonment-and-withdrew-of-court-action,abandonment-and-withdrew-of-court-action,What You Need to Know About Consequence of Abandonment and Withdrew of Court Action in Nigeria,yes,yes,yes,yes,yes,"Charles Chukwuma Nkwoka, Esq.",patched,no,yes,yes,yes,no,yes,not approved - lawyer review required,Legacy footer/contact content must be cleaned.
40,51,https://chamanlawfirm.com/taxation-of-sole-proprietorship/,/resources/blog/taxation-of-sole-proprietorship,taxation-of-sole-proprietorship,Taxation Of Sole Proprietorship,no,no,no,no,no,"Charles Chukwuma Nkwoka, Esq.",image-needed,no,no,yes,yes,yes,needs review,not approved - lawyer review required,No prepared source body in Phase 5C JSON.; Body missing or too short for safe approval.; Rewrite required before approval.
41,52,https://chamanlawfirm.com/customary-vs-statutory-marriage-in-nigeria/,/resources/blog/customary-vs-statutory-marriage-in-nigeria,customary-vs-statutory-marriage-in-nigeria,Customary Vs Statutory Marriage In Nigeria,no,no,no,no,no,"Charles Chukwuma Nkwoka, Esq.",image-needed,no,no,yes,yes,yes,needs review,not approved - lawyer review required,No prepared source body in Phase 5C JSON.; Body missing or too short for safe approval.; Rewrite required before approval.
42,53,https://chamanlawfirm.com/powerful-steps-what-is-trespass-to-land-2/,/resources/blog/powerful-steps-what-is-trespass-to-land-2,powerful-steps-what-is-trespass-to-land-2,What is Trespass to Land,yes,yes,yes,yes,yes,"Charles Chukwuma Nkwoka, Esq.",failed,no,yes,yes,yes,no,needs review,not approved - lawyer review required,Legacy footer/contact content must be cleaned.
43,54,https://chamanlawfirm.com/the-role-of-technology-in-nigerian-education/,/resources/blog/the-role-of-technology-in-nigerian-education,the-role-of-technology-in-nigerian-education,The Role Of Technology In Nigerian Education,no,no,no,no,no,"Charles Chukwuma Nkwoka, Esq.",image-needed,no,no,yes,yes,yes,needs review,not approved - lawyer review required,No prepared source body in Phase 5C JSON.; Body missing or too short for safe approval.; Rewrite required before approval.
44,55,https://chamanlawfirm.com/certificate-of-occupancy-in-rivers-state/,/resources/blog/certificate-of-occupancy-in-rivers-state,certificate-of-occupancy-in-rivers-state,Certificate Of Occupancy In Rivers State,no,no,no,no,no,"Charles Chukwuma Nkwoka, Esq.",image-needed,no,no,yes,yes,yes,needs review,not approved - lawyer review required,No prepared source body in Phase 5C JSON.; Body missing or too short for safe approval.; Rewrite required before approval.
45,56,https://chamanlawfirm.com/the-duties-of-lawyers-to-client/,/resources/blog/the-duties-of-lawyers-to-client,the-duties-of-lawyers-to-client,The Duties of Lawyers to Clients: 6 Essential Responsibilities for Trust and Success,yes,yes,yes,yes,yes,"Charles Chukwuma Nkwoka, Esq.",patched,no,yes,yes,yes,no,yes,not approved - lawyer review required,Legacy footer/contact content must be cleaned.
