priority rank,old URL,post title,image source,image found yes/no,image uploaded to Sanity yes/no,Sanity image asset reference,alt text,fallback used yes/no,repeated image risk,old repeated image refreshed yes/no,notes
1,https://chamanlawfirm.com/subcontracting-in-nigerian-construction-projects/,Subcontracting In Nigerian Construction Projects,./domains/chamanlawfirm.com/public_html/wp-content/uploads/2024/09/Subcontractor_IMG-1170x694.jpeg,yes,no,,Subcontracting In Nigerian Construction Projects legal guide | Chaman Law Firm,no,not detected in Sprint 10O recovered image evidence,no,ready for upload
2,https://chamanlawfirm.com/rights-of-citizens-in-government-surveillance/,Rights Of Citizens In Government Surveillance,./domains/chamanlawfirm.com/public_html/wp-content/uploads/2024/09/01-1.webp,yes,no,,Rights Of Citizens In Government Surveillance legal guide | Chaman Law Firm,no,not detected in Sprint 10O recovered image evidence,no,ready for upload
3,https://chamanlawfirm.com/corporate-finance-laws-in-nigeria/,Corporate Finance Laws In Nigeria,./domains/chamanlawfirm.com/public_html/wp-content/uploads/2024/09/Corporate-Finance_IMG-1024x694.jpg,yes,no,,Corporate Finance Laws In Nigeria legal guide | Chaman Law Firm,no,not detected in Sprint 10O recovered image evidence,no,ready for upload
4,https://chamanlawfirm.com/first-aid-certificate-in-nigeria/,First Aid Certificate In Nigeria,./domains/chamanlawfirm.com/public_html/wp-content/uploads/2024/09/how-to-apply-for-certificate-of-occupancy-in-nigeria-d95ywLbOvOI4PoXK-768x456.jpg,yes,no,,First Aid Certificate In Nigeria legal guide | Chaman Law Firm,no,not detected in Sprint 10O recovered image evidence,no,ready for upload
5,https://chamanlawfirm.com/legal-steps-to-perfecting-title-documents/,Legal Steps to Perfecting Title Documents in Nigeria,./domains/chamanlawfirm.com/public_html/wp-content/uploads/2024/12/Legal-Steps-to-Perfecting-Title-Documents-1024x694.webp,yes,yes,image-d432fc810fb33bb49b2ef0c75d3511d84b4e1bac-1024x694-webp,Legal Steps to Perfecting Title Documents in Nigeria legal guide | Chaman Law Firm,no,not detected in Sprint 10O recovered image evidence,no,existing_asset_reused
6,https://chamanlawfirm.com/how-does-the-land-use-act-affect-land-title/,How the Land Use Act Affects Land Title in Nigeria,./domains/chamanlawfirm.com/public_html/wp-content/uploads/2024/09/How-Does-the-Land-Use-Act-Impact-Land-Ownership-and-Titles-in-Nigeria-1024x694.png,yes,yes,image-61bea2879aaea0549ed92c144d86a7dd8f2d40ec-1024x694-png,How the Land Use Act Affects Land Title in Nigeria legal guide | Chaman Law Firm,no,not detected in Sprint 10O recovered image evidence,no,existing_asset_reused
7,https://chamanlawfirm.com/legal-remedies-for-breach-of-contract/,Legal Remedies for Breach of Contract in Nigeria,./domains/chamanlawfirm.com/public_html/wp-content/uploads/2025/10/What-Legal-Remedies-Are-Available-for-Breach-of-Property-Contracts-in-Lekki-768x456.jpg,yes,yes,image-8886624dc92f6fe95aa2232308a4afcd27f00e8b-768x456-jpg,Legal Remedies for Breach of Contract in Nigeria legal guide | Chaman Law Firm,no,not detected in Sprint 10O recovered image evidence,no,existing_asset_reused
8,https://chamanlawfirm.com/when-a-loved-one-dies-without-a-will/,What Happens When a Loved One Dies Without a Will in Nigeria,./domains/chamanlawfirm.com/public_html/wp-content/uploads/2025/10/What-Happens-to-Lekki-Property-When-Owner-Dies-Without-Will-768x1152.png,yes,yes,image-c44900c84ed197e36a5b527f436e7c5ad996a8b4-768x1152-png,What Happens When a Loved One Dies Without a Will in Nigeria legal guide | Chaman Law Firm,no,not detected in Sprint 10O recovered image evidence,no,existing_asset_reused
9,https://chamanlawfirm.com/contract-of-sale-of-land-and-what-it-takes/,Contract of Sale of Land in Nigeria,./domains/chamanlawfirm.com/public_html/wp-content/uploads/2024/09/images-8-1.jpeg,yes,yes,image-264629cec6bc4034bd5583857cd1b56ea017537c-298x169-jpg,Contract of Sale of Land in Nigeria legal guide | Chaman Law Firm,no,not detected in Sprint 10O recovered image evidence,no,existing_asset_reused
10,https://chamanlawfirm.com/acquire-and-secure-industrial-land-in-ogun/,How to Acquire and Secure Industrial Land in Ogun State,./domains/chamanlawfirm.com/public_html/wp-content/uploads/2024/09/portrait-native-american-engineer-technician-wearing-safty-uniform-hand-contril-automation-robot-arm-welding-machine-with-laptop-industrial-40-factory-background-concept-2-768x456.jpg,yes,yes,image-f1fc43aabaa052e207d434566f275fdd140742ef-768x456-jpg,How to Acquire and Secure Industrial Land in Ogun State legal guide | Chaman Law Firm,no,not detected in Sprint 10O recovered image evidence,no,existing_asset_reused
11,https://chamanlawfirm.com/8-steps-to-enforce-court-judgments-innigeria/,Steps to Enforce Court Judgments in Nigeria,./domains/chamanlawfirm.com/public_html/wp-content/uploads/2024/10/court-1.jpg,yes,yes,image-4a45241b5fb58735810ef6d2ed8669b53ef89680-880x587-jpg,Steps to Enforce Court Judgments in Nigeria legal guide | Chaman Law Firm,no,not detected in Sprint 10O recovered image evidence,no,existing_asset_reused
12,https://chamanlawfirm.com/remedies-for-breach-of-maritime-contracts/,Remedies For Breach Of Maritime Contracts,./domains/chamanlawfirm.com/public_html/wp-content/uploads/2024/09/remedies-for-breach-of-Contract.jpg,yes,no,,Remedies For Breach Of Maritime Contracts legal guide | Chaman Law Firm,no,not detected in Sprint 10O recovered image evidence,no,ready for upload
13,https://chamanlawfirm.com/the-impact-of-the-land-use-act-on-land-allocation-for-public-marketplaces-in-nigeria/,The Impact Of The Land Use Act On Land Allocation For Public Marketplaces In Nigeria,./domains/chamanlawfirm.com/public_html/wp-content/uploads/2024/09/What-is-the-Impact-of-Land-Titles-on-the-Allocation-of-Land-for-Cultural-Festivals-and-Events-768x456.webp,yes,no,,The Impact Of The Land Use Act On Land Allocation For Public Marketplaces In Nigeria legal guide | Chaman Law Firm,no,not detected in Sprint 10O recovered image evidence,no,ready for upload
14,https://chamanlawfirm.com/intellectual-property-rights/,Intellectual Property Rights,./domains/chamanlawfirm.com/public_html/wp-content/uploads/2024/10/intellectual-property-768x403.jpg,yes,no,,Intellectual Property Rights legal guide | Chaman Law Firm,no,not detected in Sprint 10O recovered image evidence,no,ready for upload
15,https://chamanlawfirm.com/roles-of-a-cybercrime-lawyer-in-nigeria/,Roles of a Cybercrime Lawyer in Nigeria,./domains/chamanlawfirm.com/public_html/wp-content/uploads/2024/10/cybercrime-jpg-1170x694.webp,yes,yes,image-d1706b56b2c2cf8170390f8c185b8bda210b034c-1170x694-webp,Roles of a Cybercrime Lawyer in Nigeria legal guide | Chaman Law Firm,no,not detected in Sprint 10O recovered image evidence,no,existing_asset_reused
16,https://chamanlawfirm.com/dealing-with-land-encroachment-in-ogun-state/,Dealing With Land Encroachment In Ogun State,./domains/chamanlawfirm.com/public_html/wp-content/uploads/2025/10/Can-a-landlord-increase-rent-arbitrarily-in-Ogun-State-1170x694.png,yes,no,,Dealing With Land Encroachment In Ogun State legal guide | Chaman Law Firm,no,not detected in Sprint 10O recovered image evidence,no,ready for upload
17,https://chamanlawfirm.com/effects-of-exchange-of-contract/,Effects of Exchange of Contract in Property Transactions,./domains/chamanlawfirm.com/public_html/wp-content/uploads/2024/09/what-does-exchange-of-contracts-in-conveyancing-mean-768x456.webp,yes,yes,image-64968a06e5717c1c1e7336a05b4cf4efb2258dc2-768x456-webp,Effects of Exchange of Contract in Property Transactions legal guide | Chaman Law Firm,no,not detected in Sprint 10O recovered image evidence,no,existing_asset_reused
18,https://chamanlawfirm.com/hidden-costs-when-buying-land-in-lagos/,Hidden Costs When Buying Land In Lagos,./domains/chamanlawfirm.com/public_html/wp-content/uploads/2025/11/Buying-Family-Land-in-Lagos-Common-Challenges-and-Risks-768x456.webp,yes,no,,Hidden Costs When Buying Land In Lagos legal guide | Chaman Law Firm,no,not detected in Sprint 10O recovered image evidence,no,ready for upload
19,https://chamanlawfirm.com/floodplain-management-under-the-land-use-act/,Floodplain Management Under the Land Use Act in Nigeria,./domains/chamanlawfirm.com/public_html/wp-content/uploads/2024/09/Floodplain-Management-under-the-Land-Use-Act-in-Nigeria-768x640.webp,yes,yes,image-953ad3b1240d9d67ab232d1ee4c0b7572f4106ae-768x640-webp,Floodplain Management Under the Land Use Act in Nigeria legal guide | Chaman Law Firm,no,not detected in Sprint 10O recovered image evidence,no,existing_asset_reused
20,https://chamanlawfirm.com/the-central-bank-of-nigeria-in-debt-recovery/,The Central Bank Of Nigeria In Debt Recovery,./domains/chamanlawfirm.com/public_html/wp-content/uploads/2024/09/debtrecovery_IMG.jpg,yes,no,,The Central Bank Of Nigeria In Debt Recovery legal guide | Chaman Law Firm,no,not detected in Sprint 10O recovered image evidence,no,ready for upload
21,https://chamanlawfirm.com/ways-nigerian-lawprotectstherightsofchildren/,Ways Nigerian Lawprotectstherightsofchildren,./domains/chamanlawfirm.com/public_html/wp-content/uploads/2024/10/Illegitimate-Child-Blog-Graphic.webp,yes,no,,Ways Nigerian Lawprotectstherightsofchildren legal guide | Chaman Law Firm,no,not detected in Sprint 10O recovered image evidence,no,ready for upload
22,https://chamanlawfirm.com/what-is-the-cost-of-perfecting-land-titles-2/,Cost of Perfecting Land Titles in Nigeria,./domains/chamanlawfirm.com/public_html/wp-content/uploads/2025/10/What-is-the-Cost-of-Perfecting-Land-Titles-in-Lekki-768x456.png,yes,yes,image-ad3bc7ce86619ea1a82d113ece34c359eff7bab4-768x456-png,Cost of Perfecting Land Titles in Nigeria legal guide | Chaman Law Firm,no,not detected in Sprint 10O recovered image evidence,no,existing_asset_reused
23,https://chamanlawfirm.com/the-custody-of-a-child-under-nigerian-law/,The Custody Of A Child Under Nigerian Law,./domains/chamanlawfirm.com/public_html/wp-content/uploads/2024/09/What-are-the-Rights-of-an-Employee-Under-the-Nigerian-Legal-System-768x456.jpg,yes,no,,The Custody Of A Child Under Nigerian Law legal guide | Chaman Law Firm,no,not detected in Sprint 10O recovered image evidence,no,ready for upload
24,https://chamanlawfirm.com/what-are-the-best-mechanism-in-recovery-of-debt/,What Are The Best Mechanism In Recovery Of Debt,./domains/chamanlawfirm.com/public_html/wp-content/uploads/2024/10/debt-recovery-768x768.jpg,yes,no,,What Are The Best Mechanism In Recovery Of Debt legal guide | Chaman Law Firm,no,not detected in Sprint 10O recovered image evidence,no,ready for upload
25,https://chamanlawfirm.com/what-is-the-relationship-between-mining-activities-and-the-land-use-act/,What Is The Relationship Between Mining Activities And The Land Use Act,./domains/chamanlawfirm.com/public_html/wp-content/uploads/2024/09/What-is-the-Relationship-Between-Parent-and-Subsidiary-Company.webp,yes,no,,What Is The Relationship Between Mining Activities And The Land Use Act legal guide | Chaman Law Firm,no,not detected in Sprint 10O recovered image evidence,no,ready for upload
26,https://chamanlawfirm.com/what-is-the-process-of-obtaining-a-c-of-o/,Process of Obtaining a Certificate of Occupancy in Nigeria,./domains/chamanlawfirm.com/public_html/wp-content/uploads/2025/11/What-is-the-process-of-obtaining-a-C-of-O-in-Ikoyi-768x480.webp,yes,yes,image-a5abdec097dc8648dfc395b64b57eb4832c5d65f-768x480-webp,Process of Obtaining a Certificate of Occupancy in Nigeria legal guide | Chaman Law Firm,no,not detected in Sprint 10O recovered image evidence,no,existing_asset_reused
27,https://chamanlawfirm.com/difference-between-c-of-o-and-governors-consent/,Difference Between C of O and Governor's Consent,./domains/chamanlawfirm.com/public_html/wp-content/uploads/2025/10/What-is-the-difference-between-Excision-Gazette-C-of-O-and-Governors-Consent-in-Lekki-properties-1170x694.png,yes,yes,image-87712bb52a47e3475e30638056d8454d72393f5b-1170x694-png,Difference Between C of O and Governor's Consent legal guide | Chaman Law Firm,no,not detected in Sprint 10O recovered image evidence,no,existing_asset_reused
28,https://chamanlawfirm.com/cyber-crime-investigation-techniques/,Cybercrime Investigation Techniques in Nigeria,./domains/chamanlawfirm.com/public_html/wp-content/uploads/2024/09/01-12.jpg,yes,yes,image-5334996bd7c112e4c5ef02b4d97b898ee805807e-268x188-jpg,Cybercrime Investigation Techniques in Nigeria legal guide | Chaman Law Firm,no,not detected in Sprint 10O recovered image evidence,no,existing_asset_reused
29,https://chamanlawfirm.com/family-law-issues-for-expatriate-families/,Family Law Issues for Expatriate Families in Nigeria,./domains/chamanlawfirm.com/public_html/wp-content/uploads/2024/09/01-66.jpg,yes,yes,image-6a3260c3939c7c748dc3466921e0892fe1c16b10-318x159-jpg,Family Law Issues for Expatriate Families in Nigeria legal guide | Chaman Law Firm,no,not detected in Sprint 10O recovered image evidence,no,existing_asset_reused
30,https://chamanlawfirm.com/how-to-handle-land-encroachment-in-lagos/,How To Handle Land Encroachment In Lagos,,no,no,,How To Handle Land Encroachment In Lagos legal guide | Chaman Law Firm,no,not detected in Sprint 10O recovered image evidence,no,image not found in archive from SQL/RankMath/body evidence
31,https://chamanlawfirm.com/the-role-of-town-planners-in-land-allocation-under-the-land-use-act/,Role of Town Planners in Land Allocation Under the Land Use Act,./domains/chamanlawfirm.com/public_html/wp-content/uploads/2024/09/Understanding-the-Land-Use-Act-and-Its-Role-in-Land-Allocation-for-Public-Private-Partnership-Projects-768x512.jpg,yes,yes,image-799e4049133b691212f5ca03ba281e2a20112f07-768x512-jpg,Role of Town Planners in Land Allocation Under the Land Use Act legal guide | Chaman Law Firm,no,not detected in Sprint 10O recovered image evidence,no,existing_asset_reused
32,https://chamanlawfirm.com/ways-to-resolve-property-disputes-in-ogun/,Ways to Resolve Property Disputes in Ogun State,./domains/chamanlawfirm.com/public_html/wp-content/uploads/2024/12/Common-Property-Ownership-Disputes-in-Nigeria-and-How-to-Resolve-Them.webp,yes,yes,image-e2bfa0b2cfa2a8d6e5494739ded4278f8095b8fd-1024x694-webp,Ways to Resolve Property Disputes in Ogun State legal guide | Chaman Law Firm,no,not detected in Sprint 10O recovered image evidence,no,existing_asset_reused
33,https://chamanlawfirm.com/land-encumbrances-and-burdens-be-addressed/,Land Encumbrances And Burdens Be Addressed,,no,no,,Land Encumbrances And Burdens Be Addressed legal guide | Chaman Law Firm,no,not detected in Sprint 10O recovered image evidence,no,image not found in archive from SQL/RankMath/body evidence
34,https://chamanlawfirm.com/tax-clearance-in-lagos-for-property-sales/,Tax Clearance In Lagos For Property Sales,./domains/chamanlawfirm.com/public_html/wp-content/uploads/2024/12/How-to-Verify-a-Property-Title-in-Lagos.webp,yes,no,,Tax Clearance In Lagos For Property Sales legal guide | Chaman Law Firm,no,not detected in Sprint 10O recovered image evidence,no,ready for upload
35,https://chamanlawfirm.com/8-step-business-registration-process-in-lag/,Business Registration Process in Lagos,./domains/chamanlawfirm.com/public_html/wp-content/uploads/2024/10/business-registration-in-Nigeria.jpg,yes,yes,image-8b61f07a45b9c2bf4c1b6c8392d57f07a363b468-870x537-jpg,Business Registration Process in Lagos legal guide | Chaman Law Firm,no,not detected in Sprint 10O recovered image evidence,no,existing_asset_reused
36,https://chamanlawfirm.com/capital-gains-tax-a-step-by-step-guide/,Capital Gains Tax A Step By Step Guide,,no,no,,Capital Gains Tax A Step By Step Guide legal guide | Chaman Law Firm,no,not detected in Sprint 10O recovered image evidence,no,image not found in archive from SQL/RankMath/body evidence
37,https://chamanlawfirm.com/property-recovery-reclaim-your-rental-space/,Property Recovery Reclaim Your Rental Space,./domains/chamanlawfirm.com/public_html/wp-content/uploads/2025/11/Lagos-Property-Investment-Calculating-Your-Return-on-Investment-ROI-1170x694.jpg,yes,no,,Property Recovery Reclaim Your Rental Space legal guide | Chaman Law Firm,no,not detected in Sprint 10O recovered image evidence,no,ready for upload
38,https://chamanlawfirm.com/legal-pitfalls-in-debt-recovery/,Legal Pitfalls in Debt Recovery in Nigeria,./domains/chamanlawfirm.com/public_html/wp-content/uploads/2024/09/01-13.png,yes,yes,image-b683d053a16a503566df3d6587c452f1646a72af-298x169-png,Legal Pitfalls in Debt Recovery in Nigeria legal guide | Chaman Law Firm,no,not detected in Sprint 10O recovered image evidence,no,existing_asset_reused
39,https://chamanlawfirm.com/proven-steps-how-to-file-patent-in-nigeria/,How to File a Patent in Nigeria,./domains/chamanlawfirm.com/public_html/wp-content/uploads/2024/09/How-to-File-Patent-in-Nigeria.webp,yes,yes,image-5a00f97d0415548addce7fb9f0037fbb0d111944-750x460-webp,How to File a Patent in Nigeria legal guide | Chaman Law Firm,no,not detected in Sprint 10O recovered image evidence,no,existing_asset_reused
40,https://chamanlawfirm.com/debt-recovery-in-banking-sector/,Debt Recovery in the Banking Sector in Nigeria,./domains/chamanlawfirm.com/public_html/wp-content/uploads/2024/09/01-51.jpg,yes,yes,image-2b71ae5e09f4f958bbaecaf0dfb6ddaaf71ef939-275x183-jpg,Debt Recovery in the Banking Sector in Nigeria legal guide | Chaman Law Firm,no,not detected in Sprint 10O recovered image evidence,no,existing_asset_reused
41,https://chamanlawfirm.com/legal-aspects-of-commercial-litigation/,Legal Aspects of Commercial Litigation in Nigeria,./domains/chamanlawfirm.com/public_html/wp-content/uploads/2024/09/images-4.jpeg,yes,yes,image-03744389bb036ee214e9a96be6cd779eed3d9de3-295x171-jpg,Legal Aspects of Commercial Litigation in Nigeria legal guide | Chaman Law Firm,no,not detected in Sprint 10O recovered image evidence,no,existing_asset_reused
42,https://chamanlawfirm.com/what-are-the-property-taxes-in-ogun-state/,What Are The Property Taxes In Ogun State,./domains/chamanlawfirm.com/public_html/wp-content/uploads/2025/10/What-Property-Taxes-Must-I-Pay-When-Buying-Real-Estate-in-Lekki-768x456.png,yes,no,,What Are The Property Taxes In Ogun State legal guide | Chaman Law Firm,no,not detected in Sprint 10O recovered image evidence,no,ready for upload
43,https://chamanlawfirm.com/proven-steps-on-capacity-to-make-a-will/,Capacity to Make a Will in Nigeria,./domains/chamanlawfirm.com/public_html/wp-content/uploads/2024/09/Capacity-to-Make-a-Wil.webp,yes,yes,image-42d5b6a180fb5ed41cedbcd4ffac87cc2e402826-1024x1024-webp,Capacity to Make a Will in Nigeria legal guide | Chaman Law Firm,no,not detected in Sprint 10O recovered image evidence,no,existing_asset_reused
44,https://chamanlawfirm.com/landlord-and-tenant-relationship-on-property/,Landlord and Tenant Relationship in Property Law,./domains/chamanlawfirm.com/public_html/wp-content/uploads/2024/09/image-13-768x433-1.jpeg,yes,yes,image-e76966c70ce731add697f5fb94f841b0c66a0c8f-768x433-jpg,Landlord and Tenant Relationship in Property Law legal guide | Chaman Law Firm,no,not detected in Sprint 10O recovered image evidence,no,existing_asset_reused
45,https://chamanlawfirm.com/the-process-of-transferring-land-in-nigeria/,Process of Transferring Land in Nigeria,./domains/chamanlawfirm.com/public_html/wp-content/uploads/2024/09/What-is-the-Process-for-Transferring-Land-titles-from-one-Individual-to-Another-in-Nigeria-768x640.webp,yes,yes,image-5b5ab3e4c01beb14cd7cbc071fb67b8d31475c25-768x640-webp,Process of Transferring Land in Nigeria legal guide | Chaman Law Firm,no,not detected in Sprint 10O recovered image evidence,no,existing_asset_reused
46,https://chamanlawfirm.com/4-proven-cross-border-cybercrime-issues/,Cross-Border Cybercrime Issues in Nigeria,./domains/chamanlawfirm.com/public_html/wp-content/uploads/2024/10/images-82.jpeg,yes,yes,image-88c5c62729de3be3f35df4bcecf1ae1b6d19e0f0-389x129-jpg,Cross-Border Cybercrime Issues in Nigeria legal guide | Chaman Law Firm,no,not detected in Sprint 10O recovered image evidence,no,existing_asset_reused
47,https://chamanlawfirm.com/nigeria-visa-on-arrival-policy-eligibility/,Nigeria Visa On Arrival Policy Eligibility,./domains/chamanlawfirm.com/public_html/wp-content/uploads/2024/09/Service-visa-on-arrival_IMG.jpg,yes,no,,Nigeria Visa On Arrival Policy Eligibility legal guide | Chaman Law Firm,no,not detected in Sprint 10O recovered image evidence,no,ready for upload
48,https://chamanlawfirm.com/contractual-dispute-resolution/,Contractual Dispute Resolution in Nigeria,./domains/chamanlawfirm.com/public_html/wp-content/uploads/2024/09/Capture1-1-1170x694.jpg,yes,yes,image-627f11b0dceda47a969f860ec87865dad5cc66c8-1170x694-jpg,Contractual Dispute Resolution in Nigeria legal guide | Chaman Law Firm,no,not detected in Sprint 10O recovered image evidence,no,existing_asset_reused
49,https://chamanlawfirm.com/fast-track-your-probate-process-in-nigeria/,Fast Track Your Probate Process In Nigeria,./domains/chamanlawfirm.com/public_html/wp-content/uploads/2025/08/Fast-Track-Your-Probate-Process-in-Nigeria-Work-with-a-Leading-Law-Firm-Today-768x456.png,yes,no,,Fast Track Your Probate Process In Nigeria legal guide | Chaman Law Firm,no,not detected in Sprint 10O recovered image evidence,no,ready for upload
50,https://chamanlawfirm.com/why-do-i-need-a-family-lawyer-in-nigeria/,Why Do I Need A Family Lawyer In Nigeria,./domains/chamanlawfirm.com/public_html/wp-content/uploads/2025/09/3-Proven-Reasons-Why-You-Need-a-Property-Land-amp-Real-Estate-Lawyers-in-Lagos-Nigeria-1200x800.png,yes,no,,Why Do I Need A Family Lawyer In Nigeria legal guide | Chaman Law Firm,no,not detected in Sprint 10O recovered image evidence,no,ready for upload
51,https://chamanlawfirm.com/the-land-use-act-relate-to-land-conflicts/,How the Land Use Act Relates to Land Conflicts,./domains/chamanlawfirm.com/public_html/wp-content/uploads/2024/09/How-Does-the-Land-Use-Act-Relate-to-Land-Conflicts-in-Nigeria-1080x694.webp,yes,yes,image-c51cc9d480229a70a80041b92d5405507de679cd-1080x694-webp,How the Land Use Act Relates to Land Conflicts legal guide | Chaman Law Firm,no,not detected in Sprint 10O recovered image evidence,no,existing_asset_reused
52,https://chamanlawfirm.com/consumer-contracts-and-guarantee/,Consumer Contracts And Guarantee,./domains/chamanlawfirm.com/public_html/wp-content/uploads/2024/09/CLM-Software-_-Revnue.jpg,yes,no,,Consumer Contracts And Guarantee legal guide | Chaman Law Firm,no,not detected in Sprint 10O recovered image evidence,no,ready for upload
53,https://chamanlawfirm.com/mastering-nigerian-company-law-essentialstep/,Essential Steps in Nigerian Company Law,./domains/chamanlawfirm.com/public_html/wp-content/uploads/2024/10/mnb.jpg,yes,yes,image-f40e2a38c68cb8f3778fdfc1c12413515d8f78f1-820x400-jpg,Essential Steps in Nigerian Company Law legal guide | Chaman Law Firm,no,not detected in Sprint 10O recovered image evidence,no,existing_asset_reused
54,https://chamanlawfirm.com/letter-of-administration-vs-grant-of-probate/,Letter Of Administration Vs Grant Of Probate,./domains/chamanlawfirm.com/public_html/wp-content/uploads/2024/09/letter-of-administration-and-grant-of-probate-in-nigeria-A85297nOPlHa7Qxj-3.webp,yes,no,,Letter Of Administration Vs Grant Of Probate legal guide | Chaman Law Firm,no,not detected in Sprint 10O recovered image evidence,no,ready for upload
55,https://chamanlawfirm.com/how-does-the-land-use-act-influence-real-estate-development/,How the Land Use Act Influences Real Estate Development,./domains/chamanlawfirm.com/public_html/wp-content/uploads/2024/09/How-Does-the-Land-Use-Act-Influence-Infrastructure-Development-1024x694.webp,yes,yes,image-a7b5da2ad01e9211ce398288a31e456f4d4c9967-1024x694-webp,How the Land Use Act Influences Real Estate Development legal guide | Chaman Law Firm,no,not detected in Sprint 10O recovered image evidence,no,existing_asset_reused
56,https://chamanlawfirm.com/company-registration-in-nigeria/,Company Registration in Nigeria,./domains/chamanlawfirm.com/public_html/wp-content/uploads/2024/09/procedure-for-company-registration-in-nigeria-mjEkrWwVkouG1a9o-768x432.jpg,yes,yes,image-73860abf17d076120981c67c828e70956c10769f-768x432-jpg,Company Registration in Nigeria legal guide | Chaman Law Firm,no,not detected in Sprint 10O recovered image evidence,no,existing_asset_reused
57,https://chamanlawfirm.com/land-tenure-systems-coexist-with-statutory-land/,How Land Tenure Systems Coexist With Statutory Land Ownership,./domains/chamanlawfirm.com/public_html/wp-content/uploads/2024/09/How-Can-Customary-Land-Tenure-Systems-Coexist-with-Statutory-Land-Ownership-768x456.jpg,yes,yes,image-7063488192012fd29acc9138658f4e9db4b15cea-768x456-jpg,How Land Tenure Systems Coexist With Statutory Land Ownership legal guide | Chaman Law Firm,no,not detected in Sprint 10O recovered image evidence,no,existing_asset_reused
58,https://chamanlawfirm.com/effective-legal-framework-for-loan-recovery/,Effective Legal Framework For Loan Recovery,./domains/chamanlawfirm.com/public_html/wp-content/uploads/2024/09/legal-framework-in-place-in-nigeria-to-fight-cyber-crime-AQEG6Bl8RVFv4o0M-1-768x432.png,yes,no,,Effective Legal Framework For Loan Recovery legal guide | Chaman Law Firm,no,not detected in Sprint 10O recovered image evidence,no,ready for upload
59,https://chamanlawfirm.com/the-cyber-crime-investigation-procedure/,Cybercrime Investigation Procedure in Nigeria,./domains/chamanlawfirm.com/public_html/wp-content/uploads/2024/10/images-3-1.png,yes,yes,image-dd994d0a0ba7354e4087b2faf2512459a832c2c3-213x237-png,Cybercrime Investigation Procedure in Nigeria legal guide | Chaman Law Firm,no,not detected in Sprint 10O recovered image evidence,no,existing_asset_reused
60,https://chamanlawfirm.com/aim-to-improve-land-titles-and-ownership/,Reforms to Improve Land Titles and Ownership in Nigeria,./domains/chamanlawfirm.com/public_html/wp-content/uploads/2024/09/What-Proposed-Reforms-Aim-to-Improve-Land-Titles-and-Ownership-in-Nigeria-768x456.jpg,yes,yes,image-a8240cc3cc89575acdee3717ee26c7a709b03458-768x456-jpg,Reforms to Improve Land Titles and Ownership in Nigeria legal guide | Chaman Law Firm,no,not detected in Sprint 10O recovered image evidence,no,existing_asset_reused
61,https://chamanlawfirm.com/investigating-title-in-property-transaction/,Investigating Title in Property Transactions,./domains/chamanlawfirm.com/public_html/wp-content/uploads/2025/10/How-do-I-appoint-a-lawyer-to-represent-me-in-a-Lekki-property-transaction-while-abroad-1170x694.jpg,yes,yes,image-a1a055b2819ffef28bcec317dcb856fd0b40f1a5-1170x694-jpg,Investigating Title in Property Transactions legal guide | Chaman Law Firm,no,not detected in Sprint 10O recovered image evidence,no,existing_asset_reused
62,https://chamanlawfirm.com/challenging-forged-property-documents-in-lagos/,Challenging Forged Property Documents in Lagos,./domains/chamanlawfirm.com/public_html/wp-content/uploads/2024/12/How-to-Verify-a-Property-Title-in-Lagos.webp,yes,yes,image-6c7ca1401e6015716890413afe652ba4c3941683-1024x1024-webp,Challenging Forged Property Documents in Lagos legal guide | Chaman Law Firm,no,not detected in Sprint 10O recovered image evidence,no,existing_asset_reused
63,https://chamanlawfirm.com/child-education-and-religious-upbringing/,Child Education And Religious Upbringing,./domains/chamanlawfirm.com/public_html/wp-content/uploads/2024/09/01-65.jpg,yes,no,,Child Education And Religious Upbringing legal guide | Chaman Law Firm,no,not detected in Sprint 10O recovered image evidence,no,ready for upload
64,https://chamanlawfirm.com/process-probate-in-ogun-state-chaman-law-firm/,Process Probate In Ogun State Chaman Law Firm,./domains/chamanlawfirm.com/public_html/wp-content/uploads/2025/07/Best-Probate-Lawyers-in-Ogun-State-for-Grant-of-Probate-and-Estate-Services-768x456.jpg,yes,no,,Process Probate In Ogun State Chaman Law Firm legal guide | Chaman Law Firm,no,not detected in Sprint 10O recovered image evidence,no,ready for upload
65,https://chamanlawfirm.com/how-long-does-a-title-search-take-in-nigeria/,How Long Does A Title Search Take In Nigeria,./domains/chamanlawfirm.com/public_html/wp-content/uploads/2024/09/How-Does-the-Land-Use-Act-Impact-Land-Ownership-and-Titles-in-Nigeria-1024x694.png,yes,no,,How Long Does A Title Search Take In Nigeria legal guide | Chaman Law Firm,no,not detected in Sprint 10O recovered image evidence,no,ready for upload
66,https://chamanlawfirm.com/how-can-issues-of-land-fraud-and-illegal-land-transactions-be-addressed-in-nigeria/,Addressing Land Fraud and Illegal Land Transactions in Nigeria,./domains/chamanlawfirm.com/public_html/wp-content/uploads/2024/09/Process-for-Obtaining-Governors-Consent-for-Land-Transactions-in-Nigeria-1-768x456.webp,yes,yes,image-317290dc6c5ce2188314b11919c02cd69769db28-768x456-webp,Addressing Land Fraud and Illegal Land Transactions in Nigeria legal guide | Chaman Law Firm,no,not detected in Sprint 10O recovered image evidence,no,existing_asset_reused
67,https://chamanlawfirm.com/how-to-register-a-company-in-nigeria-2024/,How to Register a Company in Nigeria,./domains/chamanlawfirm.com/public_html/wp-content/uploads/2024/09/company-registration-in-nigeria-A85gZByM4OH8qREZ-3.jpg,yes,yes,image-f94c2c1b6abcd6da9e561a41171c08c48c2d66e4-577x313-jpg,How to Register a Company in Nigeria legal guide | Chaman Law Firm,no,not detected in Sprint 10O recovered image evidence,no,existing_asset_reused
68,https://chamanlawfirm.com/duties-of-company-board-of-directors/,Duties of Company Board Directors in Nigeria,./domains/chamanlawfirm.com/public_html/wp-content/uploads/2024/09/duties-of-company-board-of-directors-m2WoM3yRXyiblRLr-1-768x432.jpg.webp,yes,yes,image-f6be5d8c04e95f786e9b5a2f305cc736a9369748-768x432-webp,Duties of Company Board Directors in Nigeria legal guide | Chaman Law Firm,no,not detected in Sprint 10O recovered image evidence,no,existing_asset_reused
69,https://chamanlawfirm.com/how-do-i-process-probate-for-an-estate/,How Do I Process Probate For An Estate,,no,no,,How Do I Process Probate For An Estate legal guide | Chaman Law Firm,no,not detected in Sprint 10O recovered image evidence,no,image not found in archive from SQL/RankMath/body evidence
70,https://chamanlawfirm.com/10-proven-insights-into-tenancy-law-in-lago/,10 Proven Insights Into Tenancy Law In Lago,./domains/chamanlawfirm.com/public_html/wp-content/uploads/2024/12/download-1.jpg,yes,no,,10 Proven Insights Into Tenancy Law In Lago legal guide | Chaman Law Firm,no,not detected in Sprint 10O recovered image evidence,no,ready for upload
71,https://chamanlawfirm.com/termination-of-construction-contracts/,Termination Of Construction Contracts,./domains/chamanlawfirm.com/public_html/wp-content/uploads/2024/09/Terminate_IMG-1000x694.webp,yes,no,,Termination Of Construction Contracts legal guide | Chaman Law Firm,no,not detected in Sprint 10O recovered image evidence,no,ready for upload
72,https://chamanlawfirm.com/steps-on-how-to-company-in-nigeria/,Steps On How To Company In Nigeria,./domains/chamanlawfirm.com/public_html/wp-content/uploads/2024/10/incorporation-400x400-1-1.jpg,yes,no,,Steps On How To Company In Nigeria legal guide | Chaman Law Firm,no,not detected in Sprint 10O recovered image evidence,no,ready for upload
73,https://chamanlawfirm.com/foreigners-visa-challenges-in-nigeria/,Foreigners Visa Challenges In Nigeria,./domains/chamanlawfirm.com/public_html/wp-content/uploads/2024/09/02-41.jpg,yes,no,,Foreigners Visa Challenges In Nigeria legal guide | Chaman Law Firm,no,not detected in Sprint 10O recovered image evidence,no,ready for upload
74,https://chamanlawfirm.com/compliance-with-debt-recovery-regulations/,Compliance With Debt Recovery Regulations in Nigeria,./domains/chamanlawfirm.com/public_html/wp-content/uploads/2024/09/01-75.jpg,yes,yes,image-9e1d499285a3735222ebe6bead7528f68c364fe7-275x183-jpg,Compliance With Debt Recovery Regulations in Nigeria legal guide | Chaman Law Firm,no,not detected in Sprint 10O recovered image evidence,no,existing_asset_reused
75,https://chamanlawfirm.com/due-diligence-in-real-estate-transaction/,Due Diligence in Real Estate Transactions,./domains/chamanlawfirm.com/public_html/wp-content/uploads/2024/09/taxes-on-real-estate-transactions.-dOq05a1326s6yJ7J-2-768x456.jpg,yes,yes,image-e6cdc68a890ddee1691068961145e9bea0d6034e-768x456-jpg,Due Diligence in Real Estate Transactions legal guide | Chaman Law Firm,no,not detected in Sprint 10O recovered image evidence,no,existing_asset_reused
76,https://chamanlawfirm.com/invest-in-land-banking-or-developed-estates/,Invest In Land Banking Or Developed Estates,./domains/chamanlawfirm.com/public_html/wp-content/uploads/2025/10/Is-It-Better-to-Invest-in-Land-Banking-or-Developed-Estates-in-Lekki.jpg,yes,no,,Invest In Land Banking Or Developed Estates legal guide | Chaman Law Firm,no,not detected in Sprint 10O recovered image evidence,no,ready for upload
77,https://chamanlawfirm.com/key-differences-explained-deeds-chaman-law-firm/,Key Differences Explained Deeds Chaman Law Firm,./domains/chamanlawfirm.com/public_html/wp-content/uploads/2024/12/ai-act-explained-768x456.jpg,yes,no,,Key Differences Explained Deeds Chaman Law Firm legal guide | Chaman Law Firm,no,not detected in Sprint 10O recovered image evidence,no,ready for upload
78,https://chamanlawfirm.com/the-role-of-lawyers-in-debt-recovery-5-keys/,Role of Lawyers in Debt Recovery in Nigeria,./domains/chamanlawfirm.com/public_html/wp-content/uploads/2024/09/debtrecovery_IMG.jpg,yes,yes,image-24a8eb7cbbd9da064592a7b32cdf5b817fce1e05-800x500-jpg,Role of Lawyers in Debt Recovery in Nigeria legal guide | Chaman Law Firm,no,not detected in Sprint 10O recovered image evidence,no,existing_asset_reused
79,https://chamanlawfirm.com/intellectual-property-in-franchise-operations/,Intellectual Property in Franchise Operations,./domains/chamanlawfirm.com/public_html/wp-content/uploads/2024/09/intellectualproperty_IMG.jpg,yes,yes,image-5d469de6e030adf04f2e82903ab73b2091fc01d9-400x300-jpg,Intellectual Property in Franchise Operations legal guide | Chaman Law Firm,no,not detected in Sprint 10O recovered image evidence,no,existing_asset_reused
80,https://chamanlawfirm.com/powerful-step-buying-family-land-in-lagos/,Powerful Step Buying Family Land In Lagos,./domains/chamanlawfirm.com/public_html/wp-content/uploads/2024/12/5-Powerful-Future-Trends-in-Cyber-Law-Navigating-the-Evolving-Digital-Landscape-for-Positive-768x456.jpg,yes,no,,Powerful Step Buying Family Land In Lagos legal guide | Chaman Law Firm,no,not detected in Sprint 10O recovered image evidence,no,ready for upload
81,https://chamanlawfirm.com/the-role-of-real-estate-investment-trusts/,The Role Of Real Estate Investment Trusts,./domains/chamanlawfirm.com/public_html/wp-content/uploads/2024/09/REITs.jpg,yes,no,,The Role Of Real Estate Investment Trusts legal guide | Chaman Law Firm,no,not detected in Sprint 10O recovered image evidence,no,ready for upload
82,https://chamanlawfirm.com/5-ways-to-avoid-property-scam-in-nigeria/,5 Ways To Avoid Property Scam In Nigeria,./domains/chamanlawfirm.com/public_html/wp-content/uploads/2025/02/DALL-+E-2025-02-12-16.04.30-An-informative-and-eye-catching-illustration-titled-5-Ways-to-Avoid-Property-Scams-in-Nigeria.-The-image-should-feature-five-distinct-visual-element.webp,yes,no,,5 Ways To Avoid Property Scam In Nigeria legal guide | Chaman Law Firm,no,not detected in Sprint 10O recovered image evidence,no,ready for upload
83,https://chamanlawfirm.com/disputes-arising-from-property-ownership/,Disputes Arising From Property Ownership in Nigeria,./domains/chamanlawfirm.com/public_html/wp-content/uploads/2024/10/images-23.jpeg,yes,yes,image-a7e8a02e7018179eff031856e2a2218fa22c963f-318x159-jpg,Disputes Arising From Property Ownership in Nigeria legal guide | Chaman Law Firm,no,not detected in Sprint 10O recovered image evidence,no,existing_asset_reused
84,https://chamanlawfirm.com/corporate-fraud-and-mismanagement/,Corporate Fraud and Mismanagement in Nigeria,./domains/chamanlawfirm.com/public_html/wp-content/uploads/2024/09/corporate-fraud-1078x694.webp,yes,yes,image-c73826e8efca9ea6500882d645981d72884309b9-1078x694-webp,Corporate Fraud and Mismanagement in Nigeria legal guide | Chaman Law Firm,no,not detected in Sprint 10O recovered image evidence,no,existing_asset_reused
85,https://chamanlawfirm.com/environmental-law-and-corporate/,Environmental Law And Corporate,./domains/chamanlawfirm.com/public_html/wp-content/uploads/2024/12/Charles-Chukwuma-Nkwoka-Corporate-Picture-13-768x1152.jpg,yes,no,,Environmental Law And Corporate legal guide | Chaman Law Firm,no,not detected in Sprint 10O recovered image evidence,no,ready for upload
86,https://chamanlawfirm.com/corporate-governance-failures-on-debt/,Corporate Governance Failures On Debt,./domains/chamanlawfirm.com/public_html/wp-content/uploads/2024/09/01-12.png,yes,no,,Corporate Governance Failures On Debt legal guide | Chaman Law Firm,no,not detected in Sprint 10O recovered image evidence,no,ready for upload
87,https://chamanlawfirm.com/available-remedies-in-civil-litigation/,Available Remedies In Civil Litigation,./domains/chamanlawfirm.com/public_html/wp-content/uploads/2024/09/01-45.jpg,yes,no,,Available Remedies In Civil Litigation legal guide | Chaman Law Firm,no,not detected in Sprint 10O recovered image evidence,no,ready for upload
88,https://chamanlawfirm.com/legal-assistance-for-visa-appeals-5-step/,Legal Assistance for Visa Appeals in Nigeria,./domains/chamanlawfirm.com/public_html/wp-content/uploads/2024/10/image-40.png,yes,yes,image-d230c4e9855a1742b8f1b05955a2904185ded1c8-512x340-png,Legal Assistance for Visa Appeals in Nigeria legal guide | Chaman Law Firm,no,not detected in Sprint 10O recovered image evidence,no,existing_asset_reused
89,https://chamanlawfirm.com/thing-you-need-to-know-about-a-legal-will/,What to Know About a Legal Will in Nigeria,./domains/chamanlawfirm.com/public_html/wp-content/uploads/2024/12/images-2024-12-10T095757.415.jpeg,yes,yes,image-6cbe035954b4ebbad0d91d504d3ddc83f1ce7aeb-275x184-jpg,What to Know About a Legal Will in Nigeria legal guide | Chaman Law Firm,no,not detected in Sprint 10O recovered image evidence,no,existing_asset_reused
90,https://chamanlawfirm.com/matrimonial-reliefs-in-nigeria/,Matrimonial Reliefs In Nigeria,,no,no,,Matrimonial Reliefs In Nigeria legal guide | Chaman Law Firm,no,not detected in Sprint 10O recovered image evidence,no,image not found in archive from SQL/RankMath/body evidence
91,https://chamanlawfirm.com/obtaining-land-titles-in-rural-areas/,Obtaining Land Titles In Rural Areas,./domains/chamanlawfirm.com/public_html/wp-content/uploads/2024/09/What-Challenges-do-Women-Face-in-Obtaining-Land-Titles-in-Nigeria-768x640.webp,yes,no,,Obtaining Land Titles In Rural Areas legal guide | Chaman Law Firm,no,not detected in Sprint 10O recovered image evidence,no,ready for upload
92,https://chamanlawfirm.com/obtaining-letters-of-administration-in-ogun/,Obtaining Letters Of Administration In Ogun,./domains/chamanlawfirm.com/public_html/wp-content/uploads/2024/09/A-Comprehensive-Guide-to-Obtaining-a-C-of-O-in-Ogun-State-768x768.webp,yes,no,,Obtaining Letters Of Administration In Ogun legal guide | Chaman Law Firm,no,not detected in Sprint 10O recovered image evidence,no,ready for upload
93,https://chamanlawfirm.com/challenges-women-face-in-obtaining-land-titles/,Challenges Women Face in Obtaining Land Titles in Nigeria,./domains/chamanlawfirm.com/public_html/wp-content/uploads/2024/09/What-Challenges-do-Women-Face-in-Obtaining-Land-Titles-in-Nigeria-768x640.webp,yes,yes,image-5d322ffd3038167c8875584f5537c0148d3dc034-768x640-webp,Challenges Women Face in Obtaining Land Titles in Nigeria legal guide | Chaman Law Firm,no,not detected in Sprint 10O recovered image evidence,no,existing_asset_reused
94,https://chamanlawfirm.com/what-are-the-implications-of-land-use-conversion-on-land-ownership-in-nigeria/,What Are The Implications Of Land Use Conversion On Land Ownership In Nigeria,./domains/chamanlawfirm.com/public_html/wp-content/uploads/2024/09/What-are-the-Implications-of-Land-Titles-on-Cultural-Heritage-Preservation-in-Nigeria-1080x694.webp,yes,no,,What Are The Implications Of Land Use Conversion On Land Ownership In Nigeria legal guide | Chaman Law Firm,no,not detected in Sprint 10O recovered image evidence,no,ready for upload
95,https://chamanlawfirm.com/digitization-impact-land-title-registration/,Impact of Digitization on Land Title Registration,./domains/chamanlawfirm.com/public_html/wp-content/uploads/2024/09/procedure-for-land-registration-ALpG39peV9uyaZGa-3.webp,yes,yes,image-8910081fa28ef07cf577cfcdeded519b48e39460-857x467-webp,Impact of Digitization on Land Title Registration legal guide | Chaman Law Firm,no,not detected in Sprint 10O recovered image evidence,no,existing_asset_reused
96,https://chamanlawfirm.com/newblogpost-ztnezvare-non-resident-companies-liable-to-tax-in-nigeria/,Newblogpost Ztnezvare Non Resident Companies Liable To Tax In Nigeria,./domains/chamanlawfirm.com/public_html/wp-content/uploads/2024/05/Companies-Act-Amendment-768x456.jpg,yes,no,,Newblogpost Ztnezvare Non Resident Companies Liable To Tax In Nigeria legal guide | Chaman Law Firm,no,not detected in Sprint 10O recovered image evidence,no,ready for upload
97,https://chamanlawfirm.com/a-will-made-abroad-cover-property-in-ogun/,A Will Made Abroad Cover Property In Ogun,./domains/chamanlawfirm.com/public_html/wp-content/uploads/2024/09/Property-Guru-in-Lagos-and-Ogun-State-Charles-Chukwuma-Nkwoka-Esq.-AVLLzM4byoFNjnQ6-1-490x456.jpeg.webp,yes,no,,A Will Made Abroad Cover Property In Ogun legal guide | Chaman Law Firm,no,not detected in Sprint 10O recovered image evidence,no,ready for upload
98,https://chamanlawfirm.com/legally-binding-contracts/,Legally Binding Contracts in Nigeria,./domains/chamanlawfirm.com/public_html/wp-content/uploads/2024/09/05.webp,yes,yes,image-a4b7497b9712ca8ce42afd14d41e3b29dfecb514-1024x512-webp,Legally Binding Contracts in Nigeria legal guide | Chaman Law Firm,no,not detected in Sprint 10O recovered image evidence,no,existing_asset_reused
99,https://chamanlawfirm.com/why-is-lekki-the-best-location-for-luxury/,Why Is Lekki The Best Location For Luxury,./domains/chamanlawfirm.com/public_html/wp-content/uploads/2025/10/Why-Is-Lekki-the-Best-Location-for-Luxury-Real-Estate-Investment.webp,yes,no,,Why Is Lekki The Best Location For Luxury legal guide | Chaman Law Firm,no,not detected in Sprint 10O recovered image evidence,no,ready for upload
100,https://chamanlawfirm.com/ultimate-legal-guide-to-buying-land-in-niger/,Ultimate Legal Guide To Buying Land In Niger,./domains/chamanlawfirm.com/public_html/wp-content/uploads/2024/12/images-2024-11-18T173442.411.jpeg,yes,no,,Ultimate Legal Guide To Buying Land In Niger legal guide | Chaman Law Firm,no,not detected in Sprint 10O recovered image evidence,no,ready for upload
