old URL,old content type,legal safety status,approval status,recommended legal action,redirect guardrail
"https://chamanlawfirm.com/","general legal education","low/medium - editorial and legal review still required","not restored","editorial review plus current-law check","do not redirect yet"
"https://chamanlawfirm.com/landlord-and-tenant-rights-in-nigeria/","property/title","medium - verify current law and facts before publication","approved public","editorial review plus current-law check","redirect only if target returns 200 and is not hidden"
"https://chamanlawfirm.com/obtaining-a-certificate-of-occupancy-c-of-o/","property/title","medium - verify current law and facts before publication","hidden/not approved","editorial review plus current-law check","do not redirect yet"
"https://chamanlawfirm.com/cac-public-search-guide-nigeria/","corporate/commercial","low/medium - editorial and legal review still required","approved public","editorial review plus current-law check","redirect only if target returns 200 and is not hidden"
"https://chamanlawfirm.com/the-jurisdiction-of-courts-in-nigeria/","litigation/ADR","low/medium - editorial and legal review still required","approved public","editorial review plus current-law check","redirect only if target returns 200 and is not hidden"
"https://chamanlawfirm.com/the-concept-of-rule-of-law-in-nigeria/","general legal education","low/medium - editorial and legal review still required","hidden/not approved","editorial review plus current-law check","do not redirect yet"
"https://chamanlawfirm.com/types-of-tenant-in-nigeria/","property/title","medium - verify current law and facts before publication","approved public","editorial review plus current-law check","redirect only if target returns 200 and is not hidden"
"https://chamanlawfirm.com/about-us/","general legal education","low/medium - editorial and legal review still required","not restored","editorial review plus current-law check","redirect only if target returns 200 and is not hidden"
"https://chamanlawfirm.com/how-to-change-car-ownership-in-nigeria/","general legal education","low/medium - editorial and legal review still required","not restored","editorial review plus current-law check","do not redirect yet"
"https://chamanlawfirm.com/proper-steps-to-eviction-of-tenants/","property/title","high - lawyer review required before publication","approved public","Principal/lawyer review before approval","redirect only if target returns 200 and is not hidden"
"https://chamanlawfirm.com/how-to-track-a-stolen-phone-in-nigeria/","general legal education","low/medium - editorial and legal review still required","not restored","editorial review plus current-law check","do not redirect yet"
"https://chamanlawfirm.com/the-ogun-state-tenancy-law-chaman-law-firm/","general legal education","low/medium - editorial and legal review still required","approved public","editorial review plus current-law check","redirect only if target returns 200 and is not hidden"
"https://chamanlawfirm.com/building-permit-approval-in-ogun-state/","general legal education","low/medium - editorial and legal review still required","approved public","editorial review plus current-law check","redirect only if target returns 200 and is not hidden"
"https://chamanlawfirm.com/list-of-government-agencies-of-nigeria/","general legal education","low/medium - editorial and legal review still required","not restored","editorial review plus current-law check","do not redirect yet"
"https://chamanlawfirm.com/4-steps-on-how-to-deal-with-a-bad-landlordin/","property/title","medium - verify current law and facts before publication","approved public","editorial review plus current-law check","redirect only if target returns 200 and is not hidden"
"https://chamanlawfirm.com/joinder-of-parties-misjoinder-of-parties/","general legal education","low/medium - editorial and legal review still required","approved public","editorial review plus current-law check","redirect only if target returns 200 and is not hidden"
"https://chamanlawfirm.com/how-to-change-name-with-deed-poll/","property/title","low/medium - editorial and legal review still required","approved public","editorial review plus current-law check","redirect only if target returns 200 and is not hidden"
"https://chamanlawfirm.com/gain-nigerian-citizenship-by-marriage/","immigration","high - lawyer review required before publication","hidden/not approved","Principal/lawyer review before approval","do not redirect yet"
"https://chamanlawfirm.com/statutory-right-of-occupancy-vs-customary-right/","general legal education","low/medium - editorial and legal review still required","approved public","editorial review plus current-law check","redirect only if target returns 200 and is not hidden"
"https://chamanlawfirm.com/ways-to-prove-ownership-of-land/","property/title","medium - verify current law and facts before publication","approved public","editorial review plus current-law check","redirect only if target returns 200 and is not hidden"
"https://chamanlawfirm.com/5-steps-on-how-to-obtain-restraining-order/","general legal education","high - lawyer review required before publication","approved public","Principal/lawyer review before approval","redirect only if target returns 200 and is not hidden"
"https://chamanlawfirm.com/steps-on-how-to-confidently-report-acrimelaw/","general legal education","low/medium - editorial and legal review still required","hidden/not approved","editorial review plus current-law check","do not redirect yet"
"https://chamanlawfirm.com/what-are-elements-of-tax-law/","corporate/commercial","medium - verify current law and facts before publication","approved public","editorial review plus current-law check","redirect only if target returns 200 and is not hidden"
"https://chamanlawfirm.com/tax-administration-in-nigeria/","corporate/commercial","medium - verify current law and facts before publication","approved public","editorial review plus current-law check","redirect only if target returns 200 and is not hidden"
"https://chamanlawfirm.com/difference-between-ownership-and-possession/","general legal education","low/medium - editorial and legal review still required","approved public","editorial review plus current-law check","redirect only if target returns 200 and is not hidden"
"https://chamanlawfirm.com/apply-for-drivers-licence-in-nigeria/","general legal education","low/medium - editorial and legal review still required","not restored","editorial review plus current-law check","do not redirect yet"
"https://chamanlawfirm.com/community-development-associations-law/","general legal education","low/medium - editorial and legal review still required","approved public","editorial review plus current-law check","redirect only if target returns 200 and is not hidden"
"https://chamanlawfirm.com/child-support-and-maintenance-payment/","family law","high - lawyer review required before publication","approved public","Principal/lawyer review before approval","redirect only if target returns 200 and is not hidden"
"https://chamanlawfirm.com/how-to-notarize-a-document-in-nigeria/","notary/documentation","low/medium - editorial and legal review still required","approved public","editorial review plus current-law check","redirect only if target returns 200 and is not hidden"
"https://chamanlawfirm.com/how-to-replace-a-lost-a-marriage-certificate/","family law","high - lawyer review required before publication","approved public","Principal/lawyer review before approval","redirect only if target returns 200 and is not hidden"
"https://chamanlawfirm.com/the-statutory-right-of-occupancy-in-nigeria/","general legal education","low/medium - editorial and legal review still required","approved public","editorial review plus current-law check","redirect only if target returns 200 and is not hidden"
"https://chamanlawfirm.com/legal-steps-to-take-when-our-land-has-been/","property/title","medium - verify current law and facts before publication","approved public","editorial review plus current-law check","redirect only if target returns 200 and is not hidden"
"https://chamanlawfirm.com/transfer-of-company-shares-in-nigeria/","corporate/commercial","low/medium - editorial and legal review still required","approved public","editorial review plus current-law check","redirect only if target returns 200 and is not hidden"
"https://chamanlawfirm.com/rights-of-tenants-in-ogun-chaman-law-firm/","property/title","medium - verify current law and facts before publication","approved public","editorial review plus current-law check","redirect only if target returns 200 and is not hidden"
"https://chamanlawfirm.com/5-vital-role-of-consumer-protection-agencies/","general legal education","low/medium - editorial and legal review still required","approved public","editorial review plus current-law check","redirect only if target returns 200 and is not hidden"
"https://chamanlawfirm.com/what-is-the-implication-of-quit-notice/","general legal education","high - lawyer review required before publication","hidden/not approved","Principal/lawyer review before approval","do not redirect yet"
"https://chamanlawfirm.com/the-overall-list-of-federal-laws-in-nigeria/","general legal education","low/medium - editorial and legal review still required","hidden/not approved","editorial review plus current-law check","do not redirect yet"
"https://chamanlawfirm.com/polygamy-and-multiple-marriages-in-nigeria/","family law","high - lawyer review required before publication","hidden/not approved","Principal/lawyer review before approval","do not redirect yet"
"https://chamanlawfirm.com/steps-to-permanent-residency-in-nigeria/","immigration","low/medium - editorial and legal review still required","approved public","editorial review plus current-law check","redirect only if target returns 200 and is not hidden"
"https://chamanlawfirm.com/taxation-of-the-construction-sector-in-nigeria/","corporate/commercial","medium - verify current law and facts before publication","approved public","editorial review plus current-law check","redirect only if target returns 200 and is not hidden"
"https://chamanlawfirm.com/what-are-the-sources-of-nigerian-law/","general legal education","low/medium - editorial and legal review still required","not restored","editorial review plus current-law check","do not redirect yet"
"https://chamanlawfirm.com/sharing-of-property-after-divorce-in-nigeria/","property/title","high - lawyer review required before publication","approved public","Principal/lawyer review before approval","redirect only if target returns 200 and is not hidden"
"https://chamanlawfirm.com/challenges-facing-the-nigerian-court-system/","litigation/ADR","low/medium - editorial and legal review still required","approved public","editorial review plus current-law check","redirect only if target returns 200 and is not hidden"
"https://chamanlawfirm.com/statute-of-limitations-on-debt-in-nigeria/","debt recovery","medium - verify current law and facts before publication","approved public","editorial review plus current-law check","redirect only if target returns 200 and is not hidden"
"https://chamanlawfirm.com/registration-of-trade-union-in-nigeria/","general legal education","low/medium - editorial and legal review still required","not restored","editorial review plus current-law check","do not redirect yet"
"https://chamanlawfirm.com/is-foreign-marriage-under-the-nigerian-law/","family law","high - lawyer review required before publication","approved public","Principal/lawyer review before approval","redirect only if target returns 200 and is not hidden"
"https://chamanlawfirm.com/how-to-file-complaint-against-police-officers-in-nigeria/","litigation/ADR","high - lawyer review required before publication","hidden/not approved","Principal/lawyer review before approval","do not redirect yet"
"https://chamanlawfirm.com/abandonment-and-withdrew-of-court-action/","litigation/ADR","low/medium - editorial and legal review still required","approved public","editorial review plus current-law check","redirect only if target returns 200 and is not hidden"
"https://chamanlawfirm.com/taxation-of-sole-proprietorship/","corporate/commercial","medium - verify current law and facts before publication","approved public","editorial review plus current-law check","redirect only if target returns 200 and is not hidden"
"https://chamanlawfirm.com/customary-vs-statutory-marriage-in-nigeria/","family law","high - lawyer review required before publication","approved public","Principal/lawyer review before approval","redirect only if target returns 200 and is not hidden"
"https://chamanlawfirm.com/powerful-steps-what-is-trespass-to-land-2/","property/title","medium - verify current law and facts before publication","approved public","editorial review plus current-law check","redirect only if target returns 200 and is not hidden"
"https://chamanlawfirm.com/the-role-of-technology-in-nigerian-education/","general legal education","low/medium - editorial and legal review still required","not restored","editorial review plus current-law check","do not redirect yet"
"https://chamanlawfirm.com/certificate-of-occupancy-in-rivers-state/","property/title","low/medium - editorial and legal review still required","approved public","editorial review plus current-law check","redirect only if target returns 200 and is not hidden"
"https://chamanlawfirm.com/the-duties-of-lawyers-to-client/","general legal education","low/medium - editorial and legal review still required","hidden/not approved","editorial review plus current-law check","do not redirect yet"
"https://chamanlawfirm.com/duties-of-correctional-institutions-in-nigeria/","general legal education","low/medium - editorial and legal review still required","not restored","editorial review plus current-law check","do not redirect yet"
"https://chamanlawfirm.com/how-to-secure-child-support-and-maintenance/","family law","high - lawyer review required before publication","approved public","Principal/lawyer review before approval","redirect only if target returns 200 and is not hidden"
"https://chamanlawfirm.com/to-apply-for-and-get-certificate-of-occupancy/","property/title","low/medium - editorial and legal review still required","approved public","editorial review plus current-law check","redirect only if target returns 200 and is not hidden"
"https://chamanlawfirm.com/stamping-and-up-stamping-of-a-mortgage-document/","notary/documentation","low/medium - editorial and legal review still required","hidden/not approved","editorial review plus current-law check","do not redirect yet"
"https://chamanlawfirm.com/how-to-legally-change-a-child-surname/","family law","high - lawyer review required before publication","not restored","Principal/lawyer review before approval","do not redirect yet"
"https://chamanlawfirm.com/the-role-of-the-judiciary-in-nigerian-democracy/","litigation/ADR","low/medium - editorial and legal review still required","not restored","editorial review plus current-law check","do not redirect yet"
"https://chamanlawfirm.com/void-and-voidable-marriages-in-nigeria/","family law","high - lawyer review required before publication","hidden/not approved","Principal/lawyer review before approval","do not redirect yet"
"https://chamanlawfirm.com/dissolution-of-marriage-under-the-nigeria-law/","family law","high - lawyer review required before publication","approved public","Principal/lawyer review before approval","redirect only if target returns 200 and is not hidden"
"https://chamanlawfirm.com/can-a-minor-enter-into-a-valid-contract-in-nigeria/","corporate/commercial","medium - verify current law and facts before publication","hidden/not approved","editorial review plus current-law check","do not redirect yet"
"https://chamanlawfirm.com/family-property-and-right-of-individual-member-in-family-property/","property/title","medium - verify current law and facts before publication","approved public","editorial review plus current-law check","redirect only if target returns 200 and is not hidden"
"https://chamanlawfirm.com/conditions-for-granting-injunctions-and-types-of-injunctions/","litigation/ADR","low/medium - editorial and legal review still required","hidden/not approved","editorial review plus current-law check","do not redirect yet"
"https://chamanlawfirm.com/annulment-of-marriage-under-the-nigerian-law/","family law","high - lawyer review required before publication","approved public","Principal/lawyer review before approval","redirect only if target returns 200 and is not hidden"
"https://chamanlawfirm.com/how-to-verify-land-title-before-buying-land/","property/title","medium - verify current law and facts before publication","not restored","editorial review plus current-law check","do not redirect yet"
"https://chamanlawfirm.com/what-are-rights-of-women-to-inheritance-in-nigeria/","probate/estate","high - lawyer review required before publication","approved public","Principal/lawyer review before approval","redirect only if target returns 200 and is not hidden"
"https://chamanlawfirm.com/communal-land-and-family-land/","property/title","medium - verify current law and facts before publication","approved public","editorial review plus current-law check","redirect only if target returns 200 and is not hidden"
"https://chamanlawfirm.com/land-ownership-disputes-in-nigeria/","property/title","medium - verify current law and facts before publication","approved public","editorial review plus current-law check","redirect only if target returns 200 and is not hidden"
"https://chamanlawfirm.com/overview-of-the-concept-recovery-of-premises/","property/title","low/medium - editorial and legal review still required","hidden/not approved","editorial review plus current-law check","do not redirect yet"
"https://chamanlawfirm.com/how-do-i-legally-evict-a-tenant-in-ogun-state/","property/title","high - lawyer review required before publication","hidden/not approved","Principal/lawyer review before approval","do not redirect yet"
"https://chamanlawfirm.com/types-of-land-registration-in-nigeria/","property/title","medium - verify current law and facts before publication","approved public","editorial review plus current-law check","redirect only if target returns 200 and is not hidden"
"https://chamanlawfirm.com/how-to-apply-for-certificate-of-good-conduct-in-nigeria/","general legal education","low/medium - editorial and legal review still required","not restored","editorial review plus current-law check","do not redirect yet"
"https://chamanlawfirm.com/overview-of-latches-and-acquiescence/","general legal education","low/medium - editorial and legal review still required","not restored","editorial review plus current-law check","do not redirect yet"
"https://chamanlawfirm.com/land-grabbing-the-legal-consequences-of/","property/title","medium - verify current law and facts before publication","hidden/not approved","editorial review plus current-law check","do not redirect yet"
"https://chamanlawfirm.com/is-police-bail-free-in-nigeria/","litigation/ADR","high - lawyer review required before publication","not restored","Principal/lawyer review before approval","do not redirect yet"
"https://chamanlawfirm.com/what-to-know-about-company-resolution/","corporate/commercial","low/medium - editorial and legal review still required","approved public","editorial review plus current-law check","redirect only if target returns 200 and is not hidden"
"https://chamanlawfirm.com/powerful-steps-sources-of-tax-law-in-nigeria/","corporate/commercial","medium - verify current law and facts before publication","hidden/not approved","editorial review plus current-law check","do not redirect yet"
"https://chamanlawfirm.com/the-nigerian-legal-system/","general legal education","low/medium - editorial and legal review still required","not restored","editorial review plus current-law check","do not redirect yet"
"https://chamanlawfirm.com/what-is-the-process-of-land-acquisition/","property/title","medium - verify current law and facts before publication","approved public","editorial review plus current-law check","redirect only if target returns 200 and is not hidden"
"https://chamanlawfirm.com/the-role-of-family-court-in-relation-to-child-protect-in-nigeria/","litigation/ADR","high - lawyer review required before publication","approved public","Principal/lawyer review before approval","redirect only if target returns 200 and is not hidden"
"https://chamanlawfirm.com/cost-of-building-approval-chaman-law-firm/","general legal education","low/medium - editorial and legal review still required","hidden/not approved","editorial review plus current-law check","do not redirect yet"
"https://chamanlawfirm.com/complete-guide-to-probate-registry-in-lagos/","probate/estate","high - lawyer review required before publication","approved public","Principal/lawyer review before approval","redirect only if target returns 200 and is not hidden"
"https://chamanlawfirm.com/property-how-to-place-a-caveat/","property/title","medium - verify current law and facts before publication","hidden/not approved","editorial review plus current-law check","do not redirect yet"
"https://chamanlawfirm.com/tthe-legal-rights-of-a-wife-after-divorce/","family law","high - lawyer review required before publication","not restored","Principal/lawyer review before approval","do not redirect yet"
"https://chamanlawfirm.com/how-to-calculate-stamp-duty-chaman-law-firm/","general legal education","low/medium - editorial and legal review still required","approved public","editorial review plus current-law check","redirect only if target returns 200 and is not hidden"
"https://chamanlawfirm.com/can-a-landlord-increase-rent-arbitrarily-in-ogun/","property/title","medium - verify current law and facts before publication","hidden/not approved","editorial review plus current-law check","do not redirect yet"
"https://chamanlawfirm.com/deal-with-and-bad-tenant-as-a-landlord/","property/title","medium - verify current law and facts before publication","approved public","editorial review plus current-law check","redirect only if target returns 200 and is not hidden"
"https://chamanlawfirm.com/nigeria-prohibited-items-list/","general legal education","low/medium - editorial and legal review still required","not restored","editorial review plus current-law check","do not redirect yet"
"https://chamanlawfirm.com/types-of-parties-to-a-civil-action/","general legal education","low/medium - editorial and legal review still required","not restored","editorial review plus current-law check","do not redirect yet"
"https://chamanlawfirm.com/how-to-legally-sublet-a-property-in-nigeria/","property/title","medium - verify current law and facts before publication","approved public","editorial review plus current-law check","redirect only if target returns 200 and is not hidden"
"https://chamanlawfirm.com/how-do-i-obtain-a-certificate-of-occupancy/","property/title","low/medium - editorial and legal review still required","approved public","editorial review plus current-law check","redirect only if target returns 200 and is not hidden"
"https://chamanlawfirm.com/powerful-steps-valid-survey/","property/title","low/medium - editorial and legal review still required","not restored","editorial review plus current-law check","do not redirect yet"
"https://chamanlawfirm.com/what-governs-contract-in-nigeria/","corporate/commercial","medium - verify current law and facts before publication","approved public","editorial review plus current-law check","redirect only if target returns 200 and is not hidden"
"https://chamanlawfirm.com/understanding-rent-increase-laws-in-lagos/","property/title","low/medium - editorial and legal review still required","not restored","editorial review plus current-law check","do not redirect yet"
"https://chamanlawfirm.com/obtaining-governor-consent-for-land-transactions/","property/title","medium - verify current law and facts before publication","approved public","editorial review plus current-law check","redirect only if target returns 200 and is not hidden"
"https://chamanlawfirm.com/deed-of-assignment-in-nigeria/","property/title","low/medium - editorial and legal review still required","hidden/not approved","editorial review plus current-law check","do not redirect yet"
"https://chamanlawfirm.com/the-land-use-and-allocation-committee-luac/","property/title","medium - verify current law and facts before publication","approved public","editorial review plus current-law check","redirect only if target returns 200 and is not hidden"
"https://chamanlawfirm.com/legal-implications-of-joint-property/","property/title","medium - verify current law and facts before publication","hidden/not approved","editorial review plus current-law check","do not redirect yet"
"https://chamanlawfirm.com/enforcing-fundamental-human-right/","general legal education","low/medium - editorial and legal review still required","not restored","editorial review plus current-law check","do not redirect yet"
"https://chamanlawfirm.com/revocation-of-power-of-attorney/","general legal education","low/medium - editorial and legal review still required","not restored","editorial review plus current-law check","do not redirect yet"
"https://chamanlawfirm.com/property-insurance-in-nigeria/","property/title","medium - verify current law and facts before publication","approved public","editorial review plus current-law check","redirect only if target returns 200 and is not hidden"
"https://chamanlawfirm.com/documents-apostilled-in-nigeria/","notary/documentation","low/medium - editorial and legal review still required","not restored","editorial review plus current-law check","do not redirect yet"
"https://chamanlawfirm.com/insightful-overview-of-family-law-in-nigeria/","family law","low/medium - editorial and legal review still required","approved public","editorial review plus current-law check","redirect only if target returns 200 and is not hidden"
"https://chamanlawfirm.com/rights-of-a-property-owner-in-nigeria/","property/title","medium - verify current law and facts before publication","not restored","editorial review plus current-law check","do not redirect yet"
"https://chamanlawfirm.com/the-concept-of-restitution-of-conjugal-rights/","general legal education","low/medium - editorial and legal review still required","not restored","editorial review plus current-law check","do not redirect yet"
"https://chamanlawfirm.com/5-lis-pendens-understanding-the-doctrine/","general legal education","low/medium - editorial and legal review still required","not restored","editorial review plus current-law check","do not redirect yet"
"https://chamanlawfirm.com/how-to-obtain-tax-clearance-certificate/","corporate/commercial","medium - verify current law and facts before publication","hidden/not approved","editorial review plus current-law check","do not redirect yet"
"https://chamanlawfirm.com/who-holds-authority-over-land-under-the-land/","property/title","medium - verify current law and facts before publication","approved public","editorial review plus current-law check","redirect only if target returns 200 and is not hidden"
"https://chamanlawfirm.com/developer-fails-to-deliver-property/","property/title","medium - verify current law and facts before publication","approved public","editorial review plus current-law check","redirect only if target returns 200 and is not hidden"
"https://chamanlawfirm.com/pohistory-of-legal-profession-in-nigeria/","general legal education","low/medium - editorial and legal review still required","hidden/not approved","editorial review plus current-law check","do not redirect yet"
"https://chamanlawfirm.com/land-registration-system-in-nigeria/","property/title","medium - verify current law and facts before publication","hidden/not approved","editorial review plus current-law check","do not redirect yet"
"https://chamanlawfirm.com/lagos-tenancy-fixed-and-periodic-tenancies/","general legal education","low/medium - editorial and legal review still required","hidden/not approved","editorial review plus current-law check","do not redirect yet"
"https://chamanlawfirm.com/expert-witnesses-in-nigeria-court-proceeding/","litigation/ADR","low/medium - editorial and legal review still required","hidden/not approved","editorial review plus current-law check","do not redirect yet"
"https://chamanlawfirm.com/how-to-conduct-search-at-land-registry/","property/title","medium - verify current law and facts before publication","approved public","editorial review plus current-law check","redirect only if target returns 200 and is not hidden"
"https://chamanlawfirm.com/importance-of-covenants-in-a-tenancy-agreement/","general legal education","low/medium - editorial and legal review still required","approved public","editorial review plus current-law check","redirect only if target returns 200 and is not hidden"
"https://chamanlawfirm.com/how-to-prove-ownership-of-land-in-nigeria/","property/title","medium - verify current law and facts before publication","approved public","editorial review plus current-law check","redirect only if target returns 200 and is not hidden"
"https://chamanlawfirm.com/deed-of-partition-in-nigeria/","property/title","low/medium - editorial and legal review still required","hidden/not approved","editorial review plus current-law check","do not redirect yet"
"https://chamanlawfirm.com/land-use-act-1978/","property/title","medium - verify current law and facts before publication","not restored","editorial review plus current-law check","do not redirect yet"
"https://chamanlawfirm.com/landlords-and-tenants-in-nigeria/","property/title","medium - verify current law and facts before publication","hidden/not approved","editorial review plus current-law check","do not redirect yet"
"https://chamanlawfirm.com/maxims-of-equity/","general legal education","low/medium - editorial and legal review still required","not restored","editorial review plus current-law check","do not redirect yet"
"https://chamanlawfirm.com/of-the-securities-and-exchange-commission/","general legal education","low/medium - editorial and legal review still required","not restored","editorial review plus current-law check","do not redirect yet"
"https://chamanlawfirm.com/step-by-step-guide-on-how-to-conduct-a-statutory-marriage-in-nigeria/","family law","high - lawyer review required before publication","approved public","Principal/lawyer review before approval","redirect only if target returns 200 and is not hidden"
"https://chamanlawfirm.com/digital-evidence-admissibility-in-nigeria/","general legal education","low/medium - editorial and legal review still required","not restored","editorial review plus current-law check","do not redirect yet"
"https://chamanlawfirm.com/probate-in-lagos-everything-you-need-to-know/","probate/estate","high - lawyer review required before publication","hidden/not approved","Principal/lawyer review before approval","do not redirect yet"
"https://chamanlawfirm.com/how-to-register-a-deed-of-assignment-in-ogun/","property/title","low/medium - editorial and legal review still required","approved public","editorial review plus current-law check","redirect only if target returns 200 and is not hidden"
"https://chamanlawfirm.com/how-to-handle-land-grabbers-in-ogun-state/","property/title","medium - verify current law and facts before publication","approved public","editorial review plus current-law check","redirect only if target returns 200 and is not hidden"
"https://chamanlawfirm.com/proven-steps-the-canons-of-interpretation/","general legal education","low/medium - editorial and legal review still required","not restored","editorial review plus current-law check","do not redirect yet"
"https://chamanlawfirm.com/how-to-file-a-lawsuit-in-nigeria/","general legal education","low/medium - editorial and legal review still required","not restored","editorial review plus current-law check","do not redirect yet"
"https://chamanlawfirm.com/legally-combat-police-harassment-in-nigeria/","litigation/ADR","high - lawyer review required before publication","hidden/not approved","Principal/lawyer review before approval","do not redirect yet"
"https://chamanlawfirm.com/rights-of-parties-to-a-mortgage/","general legal education","low/medium - editorial and legal review still required","not restored","editorial review plus current-law check","do not redirect yet"
"https://chamanlawfirm.com/legal-obligations-for-debt-collectors/","debt recovery","medium - verify current law and facts before publication","approved public","editorial review plus current-law check","redirect only if target returns 200 and is not hidden"
"https://chamanlawfirm.com/challenges-of-implementing-the-land-use-act/","property/title","medium - verify current law and facts before publication","hidden/not approved","editorial review plus current-law check","do not redirect yet"
"https://chamanlawfirm.com/board-of-directors-in-nigerian-companies/","corporate/commercial","low/medium - editorial and legal review still required","not restored","editorial review plus current-law check","do not redirect yet"
"https://chamanlawfirm.com/how-to-legally-evict-a-tenant-in-lagos-state/","property/title","high - lawyer review required before publication","approved public","Principal/lawyer review before approval","redirect only if target returns 200 and is not hidden"
"https://chamanlawfirm.com/legal-processofobtaininga-deed-of-assignment/","property/title","low/medium - editorial and legal review still required","approved public","editorial review plus current-law check","redirect only if target returns 200 and is not hidden"
"https://chamanlawfirm.com/methods-of-transfer-of-shares/","corporate/commercial","low/medium - editorial and legal review still required","not restored","editorial review plus current-law check","do not redirect yet"
"https://chamanlawfirm.com/laspppa-what-it-is-and-why-it-matters-in-lagos/","general legal education","low/medium - editorial and legal review still required","not restored","editorial review plus current-law check","do not redirect yet"
"https://chamanlawfirm.com/land-tenures-and-customary-land-tenure-systems/","property/title","medium - verify current law and facts before publication","approved public","editorial review plus current-law check","redirect only if target returns 200 and is not hidden"
"https://chamanlawfirm.com/can-a-member-be-expelled-from-a-trade-union/","general legal education","low/medium - editorial and legal review still required","not restored","editorial review plus current-law check","do not redirect yet"
"https://chamanlawfirm.com/property-with-existing-tenants-in-nigeria/","property/title","medium - verify current law and facts before publication","approved public","editorial review plus current-law check","redirect only if target returns 200 and is not hidden"
"https://chamanlawfirm.com/letter-of-administration-in-ogun-state/","probate/estate","low/medium - editorial and legal review still required","not restored","editorial review plus current-law check","do not redirect yet"
"https://chamanlawfirm.com/land-use-act-and-land-tenure-systems/","property/title","medium - verify current law and facts before publication","hidden/not approved","editorial review plus current-law check","do not redirect yet"
"https://chamanlawfirm.com/international-law-in-conflict-resolution/","general legal education","low/medium - editorial and legal review still required","not restored","editorial review plus current-law check","do not redirect yet"
"https://chamanlawfirm.com/where-marriage-under-the-act-can-be-conducted/","family law","high - lawyer review required before publication","approved public","Principal/lawyer review before approval","redirect only if target returns 200 and is not hidden"
"https://chamanlawfirm.com/how-nigerian-courts-handle-electronic-evidence/","litigation/ADR","low/medium - editorial and legal review still required","approved public","editorial review plus current-law check","redirect only if target returns 200 and is not hidden"
"https://chamanlawfirm.com/the-role-of-regulatory-bodies/","general legal education","low/medium - editorial and legal review still required","not restored","editorial review plus current-law check","do not redirect yet"
"https://chamanlawfirm.com/who-can-be-a-notary-public/","notary/documentation","low/medium - editorial and legal review still required","hidden/not approved","editorial review plus current-law check","do not redirect yet"
"https://chamanlawfirm.com/doctrine-of-ultra-vires/","general legal education","low/medium - editorial and legal review still required","not restored","editorial review plus current-law check","do not redirect yet"
"https://chamanlawfirm.com/about-chaman-law-firm/","general legal education","low/medium - editorial and legal review still required","not restored","editorial review plus current-law check","redirect only if target returns 200 and is not hidden"
"https://chamanlawfirm.com/minority-protection-rights-and-remedies/","general legal education","low/medium - editorial and legal review still required","not restored","editorial review plus current-law check","do not redirect yet"
"https://chamanlawfirm.com/types-of-company-in-nigeria/","corporate/commercial","low/medium - editorial and legal review still required","approved public","editorial review plus current-law check","redirect only if target returns 200 and is not hidden"
"https://chamanlawfirm.com/contract-breach-and-remedies/","corporate/commercial","medium - verify current law and facts before publication","approved public","editorial review plus current-law check","redirect only if target returns 200 and is not hidden"
"https://chamanlawfirm.com/tax-clearance-certificate-in-nigeria/","corporate/commercial","medium - verify current law and facts before publication","approved public","editorial review plus current-law check","redirect only if target returns 200 and is not hidden"
"https://chamanlawfirm.com/legal-restrictions-to-sale-of-land/","property/title","medium - verify current law and facts before publication","not restored","editorial review plus current-law check","do not redirect yet"
"https://chamanlawfirm.com/two-years-rule-as-regards-dissolution-of/","general legal education","low/medium - editorial and legal review still required","not restored","editorial review plus current-law check","do not redirect yet"
"https://chamanlawfirm.com/how-to-calculate-and-pay-land-use-charge/","property/title","medium - verify current law and facts before publication","hidden/not approved","editorial review plus current-law check","do not redirect yet"
"https://chamanlawfirm.com/establishing-paternity-and-maternity-under/","general legal education","low/medium - editorial and legal review still required","not restored","editorial review plus current-law check","do not redirect yet"
"https://chamanlawfirm.com/the-difference-between-adoption-and-fostering-in-nigeria/","general legal education","low/medium - editorial and legal review still required","not restored","editorial review plus current-law check","do not redirect yet"
"https://chamanlawfirm.com/selling-a-family-land-without-everyones-consent/","property/title","medium - verify current law and facts before publication","hidden/not approved","editorial review plus current-law check","do not redirect yet"
"https://chamanlawfirm.com/limitations-to-testamentary-freedom/","general legal education","low/medium - editorial and legal review still required","not restored","editorial review plus current-law check","do not redirect yet"
"https://chamanlawfirm.com/legalisation-authentication-of-marriage-certificate-in-nigeria/","family law","high - lawyer review required before publication","approved public","Principal/lawyer review before approval","redirect only if target returns 200 and is not hidden"
"https://chamanlawfirm.com/the-valid-procession-of-a-statutory-marriage/","family law","high - lawyer review required before publication","not restored","Principal/lawyer review before approval","do not redirect yet"
"https://chamanlawfirm.com/successfully-obtain-a-building-plan-approval/","general legal education","low/medium - editorial and legal review still required","not restored","editorial review plus current-law check","do not redirect yet"
"https://chamanlawfirm.com/the-morgage-sell-the-mortgaged-property/","property/title","medium - verify current law and facts before publication","approved public","editorial review plus current-law check","redirect only if target returns 200 and is not hidden"
"https://chamanlawfirm.com/what-is-the-legal-status-of-collective-agreement/","general legal education","low/medium - editorial and legal review still required","not restored","editorial review plus current-law check","do not redirect yet"
"https://chamanlawfirm.com/how-to-obtain-dual-citizenship-in-nigeria-a/","immigration","low/medium - editorial and legal review still required","approved public","editorial review plus current-law check","redirect only if target returns 200 and is not hidden"
"https://chamanlawfirm.com/powerful-steps-who-is-mercantile-agent/","general legal education","low/medium - editorial and legal review still required","not restored","editorial review plus current-law check","do not redirect yet"
"https://chamanlawfirm.com/what-is-a-deed-of-assent-in-nigeria/","property/title","low/medium - editorial and legal review still required","approved public","editorial review plus current-law check","redirect only if target returns 200 and is not hidden"
"https://chamanlawfirm.com/contact-for-legal-consultation/","general legal education","low/medium - editorial and legal review still required","not restored","editorial review plus current-law check","redirect only if target returns 200 and is not hidden"
"https://chamanlawfirm.com/child-custody-in-customary-marriage/","family law","high - lawyer review required before publication","not restored","Principal/lawyer review before approval","do not redirect yet"
"https://chamanlawfirm.com/digital-rights-and-freedom-of-expression/","general legal education","low/medium - editorial and legal review still required","not restored","editorial review plus current-law check","do not redirect yet"
"https://chamanlawfirm.com/powerful-steps-nimasacertificate/","general legal education","low/medium - editorial and legal review still required","not restored","editorial review plus current-law check","do not redirect yet"
"https://chamanlawfirm.com/legal-remedies-for-breach-of-land-sale-contract/","property/title","medium - verify current law and facts before publication","approved public","editorial review plus current-law check","redirect only if target returns 200 and is not hidden"
"https://chamanlawfirm.com/procedure-and-guprivate-placement-in-nigeria/","general legal education","low/medium - editorial and legal review still required","not restored","editorial review plus current-law check","do not redirect yet"
"https://chamanlawfirm.com/how-to-obtain-an-infant-visa-in-nigeria/","immigration","low/medium - editorial and legal review still required","approved public","editorial review plus current-law check","redirect only if target returns 200 and is not hidden"
"https://chamanlawfirm.com/employers-vicarious-liability/","general legal education","low/medium - editorial and legal review still required","not restored","editorial review plus current-law check","do not redirect yet"
"https://chamanlawfirm.com/individual-tax-clearance-certificate/","corporate/commercial","medium - verify current law and facts before publication","hidden/not approved","editorial review plus current-law check","do not redirect yet"
"https://chamanlawfirm.com/the-defence-of-laches-in-customary-law-in-nigeria/","general legal education","low/medium - editorial and legal review still required","not restored","editorial review plus current-law check","do not redirect yet"
"https://chamanlawfirm.com/how-to-obtain-legal-guardianship-of-a-child/","family law","high - lawyer review required before publication","not restored","Principal/lawyer review before approval","do not redirect yet"
"https://chamanlawfirm.com/how-to-legalize-or-attest-a-document-in-nigeria/","notary/documentation","low/medium - editorial and legal review still required","not restored","editorial review plus current-law check","do not redirect yet"
"https://chamanlawfirm.com/real-estate-taxes-in-nigeria-transactions/","property/title","medium - verify current law and facts before publication","approved public","editorial review plus current-law check","redirect only if target returns 200 and is not hidden"
"https://chamanlawfirm.com/taxes-on-real-estate-transactions-in-nigeria/","property/title","medium - verify current law and facts before publication","hidden/not approved","editorial review plus current-law check","do not redirect yet"
"https://chamanlawfirm.com/basic-elements-of-defamatory-statement/","general legal education","low/medium - editorial and legal review still required","not restored","editorial review plus current-law check","do not redirect yet"
"https://chamanlawfirm.com/domestic-violence-ground-for-dissolution-of-marriage-and-its-criminal-implications/","family law","high - lawyer review required before publication","approved public","Principal/lawyer review before approval","redirect only if target returns 200 and is not hidden"
"https://chamanlawfirm.com/how-do-i-process-survey-plan-approval-in-ogun/","property/title","low/medium - editorial and legal review still required","approved public","editorial review plus current-law check","redirect only if target returns 200 and is not hidden"
"https://chamanlawfirm.com/7-effective-steps-to-take-when-a-landlord-refuses-to-return-your-rent-deposit/","property/title","medium - verify current law and facts before publication","hidden/not approved","editorial review plus current-law check","do not redirect yet"
"https://chamanlawfirm.com/how-to-resolve-land-disputes-in-nigeria-with/","property/title","medium - verify current law and facts before publication","hidden/not approved","editorial review plus current-law check","do not redirect yet"
"https://chamanlawfirm.com/statute-limitations-and-limitation-periods/","general legal education","low/medium - editorial and legal review still required","not restored","editorial review plus current-law check","do not redirect yet"
"https://chamanlawfirm.com/family-courts-and-specialized-tribunals-2/","litigation/ADR","low/medium - editorial and legal review still required","approved public","editorial review plus current-law check","redirect only if target returns 200 and is not hidden"
"https://chamanlawfirm.com/how-to-make-complaint-for-estimated-bills-in-nigeria/","general legal education","low/medium - editorial and legal review still required","not restored","editorial review plus current-law check","do not redirect yet"
"https://chamanlawfirm.com/defenses-and-bars-to-a-petition-for-divorce-2/","family law","high - lawyer review required before publication","hidden/not approved","Principal/lawyer review before approval","do not redirect yet"
"https://chamanlawfirm.com/or-filing-interlocutory-applications/","general legal education","low/medium - editorial and legal review still required","not restored","editorial review plus current-law check","do not redirect yet"
"https://chamanlawfirm.com/breach-of-promise-to-marriage-in-nigeria/","family law","high - lawyer review required before publication","hidden/not approved","Principal/lawyer review before approval","do not redirect yet"
"https://chamanlawfirm.com/procedure-for-mergers-and-acquisitions-in-nigeria/","general legal education","low/medium - editorial and legal review still required","not restored","editorial review plus current-law check","do not redirect yet"
"https://chamanlawfirm.com/government-acquisition-in-ogun-state/","general legal education","low/medium - editorial and legal review still required","not restored","editorial review plus current-law check","do not redirect yet"
"https://chamanlawfirm.com/fencing-approval-in-lagos-key-requirements/","general legal education","low/medium - editorial and legal review still required","not restored","editorial review plus current-law check","do not redirect yet"
"https://chamanlawfirm.com/immigration-service-in-border-management/","immigration","medium - verify current law and facts before publication","approved public","editorial review plus current-law check","redirect only if target returns 200 and is not hidden"
"https://chamanlawfirm.com/analysis-of-the-nigerian-legal-system/","general legal education","low/medium - editorial and legal review still required","not restored","editorial review plus current-law check","do not redirect yet"
"https://chamanlawfirm.com/how-to-apply-for-certificate-of-occupancy-in-nigeria/","property/title","low/medium - editorial and legal review still required","approved public","editorial review plus current-law check","redirect only if target returns 200 and is not hidden"
"https://chamanlawfirm.com/proven-steps-onoverview-of-the-child-right-act/","family law","high - lawyer review required before publication","hidden/not approved","Principal/lawyer review before approval","do not redirect yet"
"https://chamanlawfirm.com/certificate-of-occupancy-in-oyo-state/","property/title","low/medium - editorial and legal review still required","approved public","editorial review plus current-law check","redirect only if target returns 200 and is not hidden"
"https://chamanlawfirm.com/mastering-nigeria-law-for-contract-an-in/","corporate/commercial","medium - verify current law and facts before publication","approved public","editorial review plus current-law check","redirect only if target returns 200 and is not hidden"
"https://chamanlawfirm.com/clauses-for-drafting-a-tenancy-agreement/","general legal education","low/medium - editorial and legal review still required","hidden/not approved","editorial review plus current-law check","do not redirect yet"
"https://chamanlawfirm.com/documents-to-verify-before-buying-property/","property/title","medium - verify current law and facts before publication","not restored","editorial review plus current-law check","do not redirect yet"
"https://chamanlawfirm.com/landlord-and-tenant-relationship/","property/title","medium - verify current law and facts before publication","approved public","editorial review plus current-law check","redirect only if target returns 200 and is not hidden"
"https://chamanlawfirm.com/how-to-apply-for-and-get-a-certificate-of-occupancy-in-enugu-state-nigeria/","property/title","low/medium - editorial and legal review still required","approved public","editorial review plus current-law check","redirect only if target returns 200 and is not hidden"
"https://chamanlawfirm.com/charles-chukwuma-nkwoka/","general legal education","low/medium - editorial and legal review still required","not restored","editorial review plus current-law check","redirect only if target returns 200 and is not hidden"
"https://chamanlawfirm.com/challenges-of-customary-marriage/","family law","high - lawyer review required before publication","not restored","Principal/lawyer review before approval","do not redirect yet"
"https://chamanlawfirm.com/how-do-i-regularize-land-documents-in-ogun-state/","property/title","medium - verify current law and facts before publication","approved public","editorial review plus current-law check","redirect only if target returns 200 and is not hidden"
"https://chamanlawfirm.com/how-to-file-for-child-custody-in-nigeria-a/","family law","high - lawyer review required before publication","approved public","Principal/lawyer review before approval","redirect only if target returns 200 and is not hidden"
"https://chamanlawfirm.com/right-of-an-illegitimate-child/","family law","high - lawyer review required before publication","hidden/not approved","Principal/lawyer review before approval","do not redirect yet"
"https://chamanlawfirm.com/what-are-the-top-gated-estates-in-lekki/","probate/estate","blocked - off-brand/spam/luxury signal","not restored","reject/archive or manually sanitize from original source","do not redirect yet"
"https://chamanlawfirm.com/governors-consent/","property/title","medium - verify current law and facts before publication","not restored","editorial review plus current-law check","redirect only if target returns 200 and is not hidden"
"https://chamanlawfirm.com/how-to-obtain-standard-organisat-certificate/","general legal education","low/medium - editorial and legal review still required","not restored","editorial review plus current-law check","do not redirect yet"
"https://chamanlawfirm.com/overview-of-statutory-marriage-in-nigeria/","family law","high - lawyer review required before publication","approved public","Principal/lawyer review before approval","redirect only if target returns 200 and is not hidden"
"https://chamanlawfirm.com/sell-family-land-without-everyones-consent/","property/title","medium - verify current law and facts before publication","hidden/not approved","editorial review plus current-law check","do not redirect yet"
"https://chamanlawfirm.com/rights-of-children-born-outside-wedlock/","family law","high - lawyer review required before publication","approved public","Principal/lawyer review before approval","redirect only if target returns 200 and is not hidden"
"https://chamanlawfirm.com/limitation-of-action-in-nigeria/","general legal education","low/medium - editorial and legal review still required","hidden/not approved","editorial review plus current-law check","do not redirect yet"
"https://chamanlawfirm.com/how-to-legally-subdivide-and-develop-land/","property/title","medium - verify current law and facts before publication","approved public","editorial review plus current-law check","redirect only if target returns 200 and is not hidden"
"https://chamanlawfirm.com/difference-between-a-parent-company-and-a-subsidiary/","property/title","low/medium - editorial and legal review still required","approved public","editorial review plus current-law check","redirect only if target returns 200 and is not hidden"
"https://chamanlawfirm.com/tenancy-law-of-lagos-state-2011/","general legal education","low/medium - editorial and legal review still required","approved public","editorial review plus current-law check","redirect only if target returns 200 and is not hidden"
"https://chamanlawfirm.com/inheritance-rights-of-step-children/","probate/estate","high - lawyer review required before publication","not restored","Principal/lawyer review before approval","do not redirect yet"
"https://chamanlawfirm.com/procedure-for-ejecting-a-squatter-in-lagos/","general legal education","low/medium - editorial and legal review still required","not restored","editorial review plus current-law check","do not redirect yet"
"https://chamanlawfirm.com/how-to-get-international-passport-in-nigeria/","immigration","low/medium - editorial and legal review still required","approved public","editorial review plus current-law check","redirect only if target returns 200 and is not hidden"
"https://chamanlawfirm.com/procedures-for-land-registration-in-nigeria/","property/title","medium - verify current law and facts before publication","approved public","editorial review plus current-law check","redirect only if target returns 200 and is not hidden"
"https://chamanlawfirm.com/the-le-a-legally-binding-contracts-in-nigeri/","corporate/commercial","medium - verify current law and facts before publication","approved public","editorial review plus current-law check","redirect only if target returns 200 and is not hidden"
"https://chamanlawfirm.com/recovery-of-premises/","property/title","low/medium - editorial and legal review still required","approved public","editorial review plus current-law check","redirect only if target returns 200 and is not hidden"
"https://chamanlawfirm.com/role-of-stamp-duty-in-property-transactions/","property/title","medium - verify current law and facts before publication","approved public","editorial review plus current-law check","redirect only if target returns 200 and is not hidden"
"https://chamanlawfirm.com/guide-for-transfer-of-land-ownership-and/","property/title","medium - verify current law and facts before publication","approved public","editorial review plus current-law check","redirect only if target returns 200 and is not hidden"
"https://chamanlawfirm.com/registration-of-deed-of-assignment-in-nigeria/","property/title","low/medium - editorial and legal review still required","approved public","editorial review plus current-law check","redirect only if target returns 200 and is not hidden"
"https://chamanlawfirm.com/can-a-landlord-increase-rent-arbitrarily/","property/title","medium - verify current law and facts before publication","approved public","editorial review plus current-law check","redirect only if target returns 200 and is not hidden"
"https://chamanlawfirm.com/legal-title-versus-equity-title/","property/title","low/medium - editorial and legal review still required","hidden/not approved","editorial review plus current-law check","do not redirect yet"
"https://chamanlawfirm.com/tenancy-dispute-resolution-in-ogun-state/","litigation/ADR","medium - verify current law and facts before publication","hidden/not approved","editorial review plus current-law check","do not redirect yet"
"https://chamanlawfirm.com/what-are-the-requirements-for-compulsory-acquisition-of-land-in-nigeria/","property/title","medium - verify current law and facts before publication","hidden/not approved","editorial review plus current-law check","do not redirect yet"
"https://chamanlawfirm.com/how-to-be-a-good-property-lawyer/","property/title","medium - verify current law and facts before publication","approved public","editorial review plus current-law check","redirect only if target returns 200 and is not hidden"
"https://chamanlawfirm.com/the-basics-of-statutory-right-of-occupancy/","general legal education","low/medium - editorial and legal review still required","approved public","editorial review plus current-law check","redirect only if target returns 200 and is not hidden"
"https://chamanlawfirm.com/chaman-legal-team-2/","general legal education","low/medium - editorial and legal review still required","not restored","editorial review plus current-law check","do not redirect yet"
"https://chamanlawfirm.com/role-of-shareholder-in-corporate-decision-making/","corporate/commercial","low/medium - editorial and legal review still required","not restored","editorial review plus current-law check","do not redirect yet"
"https://chamanlawfirm.com/family-law-disputes-and-child-abduction/","litigation/ADR","high - lawyer review required before publication","approved public","Principal/lawyer review before approval","redirect only if target returns 200 and is not hidden"
"https://chamanlawfirm.com/how-to-write-a-demand-letter/","general legal education","low/medium - editorial and legal review still required","not restored","editorial review plus current-law check","do not redirect yet"
"https://chamanlawfirm.com/ownership-understanding-the-legal/","general legal education","low/medium - editorial and legal review still required","not restored","editorial review plus current-law check","do not redirect yet"
"https://chamanlawfirm.com/building-completion-certificate-in-lagos/","general legal education","low/medium - editorial and legal review still required","not restored","editorial review plus current-law check","do not redirect yet"
"https://chamanlawfirm.com/court-procedures-and-efficient-case/","litigation/ADR","low/medium - editorial and legal review still required","hidden/not approved","editorial review plus current-law check","do not redirect yet"
"https://chamanlawfirm.com/government-acquired-lands-in-nigeria/","property/title","medium - verify current law and facts before publication","approved public","editorial review plus current-law check","redirect only if target returns 200 and is not hidden"
"https://chamanlawfirm.com/overview-of-citizenship-in-nigeria/","immigration","low/medium - editorial and legal review still required","approved public","editorial review plus current-law check","redirect only if target returns 200 and is not hidden"
"https://chamanlawfirm.com/duration-to-get-governors-consent/","property/title","medium - verify current law and facts before publication","not restored","editorial review plus current-law check","redirect only if target returns 200 and is not hidden"
"https://chamanlawfirm.com/what-is-the-cost-of-perfecting-land-titles/","property/title","medium - verify current law and facts before publication","approved public","editorial review plus current-law check","redirect only if target returns 200 and is not hidden"
"https://chamanlawfirm.com/how-long-does-it-take-to-get-c-of-o-in-ogun-sta/","property/title","medium - verify current law and facts before publication","hidden/not approved","editorial review plus current-law check","do not redirect yet"
"https://chamanlawfirm.com/survey-plans-and-certificates-of-occupancy/","property/title","low/medium - editorial and legal review still required","hidden/not approved","editorial review plus current-law check","do not redirect yet"
"https://chamanlawfirm.com/unveiling-5-proven-vital-role-of-evidence/","general legal education","low/medium - editorial and legal review still required","not restored","editorial review plus current-law check","do not redirect yet"
"https://chamanlawfirm.com/registation-for-branch-or-subisidiary-of-a-c/","general legal education","low/medium - editorial and legal review still required","not restored","editorial review plus current-law check","do not redirect yet"
"https://chamanlawfirm.com/remedies-for-wrongful-dismissal-in-nigeria/","general legal education","low/medium - editorial and legal review still required","not restored","editorial review plus current-law check","do not redirect yet"
"https://chamanlawfirm.com/how-to-apply-for-south-africa-qualification/","general legal education","low/medium - editorial and legal review still required","not restored","editorial review plus current-law check","do not redirect yet"
"https://chamanlawfirm.com/how-to-obtain-building-in-lagos-state/","general legal education","low/medium - editorial and legal review still required","not restored","editorial review plus current-law check","do not redirect yet"
"https://chamanlawfirm.com/nigerian-court-system-challenges/","litigation/ADR","low/medium - editorial and legal review still required","not restored","editorial review plus current-law check","do not redirect yet"
"https://chamanlawfirm.com/powerful-steps-what-is-trespass-to-land/","property/title","medium - verify current law and facts before publication","hidden/not approved","editorial review plus current-law check","do not redirect yet"
"https://chamanlawfirm.com/how-to-use-cac-public-search-for-your-business/","corporate/commercial","low/medium - editorial and legal review still required","approved public","editorial review plus current-law check","redirect only if target returns 200 and is not hidden"
"https://chamanlawfirm.com/how-to-apply-for-letter-of-administration/","probate/estate","low/medium - editorial and legal review still required","not restored","editorial review plus current-law check","do not redirect yet"
"https://chamanlawfirm.com/how-to-claim-third-party-insurance-in-nigeria/","general legal education","low/medium - editorial and legal review still required","not restored","editorial review plus current-law check","do not redirect yet"
"https://chamanlawfirm.com/basic-procedure-for-dissolution-of-marriage/","family law","high - lawyer review required before publication","approved public","Principal/lawyer review before approval","redirect only if target returns 200 and is not hidden"
"https://chamanlawfirm.com/effect-of-witness-as-beneficiary-in-will/","probate/estate","high - lawyer review required before publication","approved public","Principal/lawyer review before approval","redirect only if target returns 200 and is not hidden"
"https://chamanlawfirm.com/issues-land-grabbing-and-encroachment-in-nigeria/","property/title","medium - verify current law and facts before publication","hidden/not approved","editorial review plus current-law check","do not redirect yet"
"https://chamanlawfirm.com/legal-advice-for-joint-ventures-in-nigeria-a-comprehensive-guide/","general legal education","low/medium - editorial and legal review still required","not restored","editorial review plus current-law check","do not redirect yet"
"https://chamanlawfirm.com/what-are-the-implications-of-unregistered-land-titles-in-nigeria/","property/title","medium - verify current law and facts before publication","approved public","editorial review plus current-law check","redirect only if target returns 200 and is not hidden"
"https://chamanlawfirm.com/steps-taken-in-registering-an-ngo-in-nigeria/","general legal education","low/medium - editorial and legal review still required","not restored","editorial review plus current-law check","do not redirect yet"
"https://chamanlawfirm.com/trade-associations-and-chambers-of-commerce/","general legal education","low/medium - editorial and legal review still required","not restored","editorial review plus current-law check","do not redirect yet"
"https://chamanlawfirm.com/difference-between-assault-and-battery/","general legal education","low/medium - editorial and legal review still required","not restored","editorial review plus current-law check","do not redirect yet"
"https://chamanlawfirm.com/guardianship-and-custody-rights-of-minors/","family law","high - lawyer review required before publication","hidden/not approved","Principal/lawyer review before approval","do not redirect yet"
"https://chamanlawfirm.com/how-do-i-get-building-approval-in-ogun-state/","general legal education","low/medium - editorial and legal review still required","not restored","editorial review plus current-law check","do not redirect yet"
"https://chamanlawfirm.com/formation-of-joint-ventures-in-nigeria/","general legal education","low/medium - editorial and legal review still required","not restored","editorial review plus current-law check","do not redirect yet"
"https://chamanlawfirm.com/careers/","general legal education","low/medium - editorial and legal review still required","not restored","editorial review plus current-law check","do not redirect yet"
"https://chamanlawfirm.com/corporate-affairs-commission-in-nigeria/","corporate/commercial","low/medium - editorial and legal review still required","hidden/not approved","editorial review plus current-law check","do not redirect yet"
"https://chamanlawfirm.com/deed-of-assignment-guide-to-register/","property/title","low/medium - editorial and legal review still required","approved public","editorial review plus current-law check","redirect only if target returns 200 and is not hidden"
"https://chamanlawfirm.com/transfer-property-ownership-to-my-children/","property/title","high - lawyer review required before publication","not restored","Principal/lawyer review before approval","do not redirect yet"
"https://chamanlawfirm.com/how-to-create-legal-mortgages-in-nigeria/","general legal education","low/medium - editorial and legal review still required","not restored","editorial review plus current-law check","do not redirect yet"
"https://chamanlawfirm.com/essential-requir-trust-the-three-creation/","general legal education","low/medium - editorial and legal review still required","not restored","editorial review plus current-law check","do not redirect yet"
"https://chamanlawfirm.com/title-documents-much-does-it-cost-in-lagos/","property/title","low/medium - editorial and legal review still required","hidden/not approved","editorial review plus current-law check","do not redirect yet"
"https://chamanlawfirm.com/how-to-file-a-complaint-with-nigerian-civil-aviation-authority/","general legal education","low/medium - editorial and legal review still required","not restored","editorial review plus current-law check","do not redirect yet"
"https://chamanlawfirm.com/corporate-governance-challenges-in-companies/","corporate/commercial","low/medium - editorial and legal review still required","hidden/not approved","editorial review plus current-law check","do not redirect yet"
"https://chamanlawfirm.com/what-is-the-importance-of-certifi-occupancy/","general legal education","low/medium - editorial and legal review still required","hidden/not approved","editorial review plus current-law check","do not redirect yet"
"https://chamanlawfirm.com/obtaining-a-c-of-o-in-ogun-state/","property/title","medium - verify current law and facts before publication","hidden/not approved","editorial review plus current-law check","do not redirect yet"
"https://chamanlawfirm.com/heritage-conservation-law-in-nigeria/","general legal education","low/medium - editorial and legal review still required","not restored","editorial review plus current-law check","do not redirect yet"
"https://chamanlawfirm.com/proven-steps-on-land-allocation-and-ownership/","property/title","medium - verify current law and facts before publication","approved public","editorial review plus current-law check","redirect only if target returns 200 and is not hidden"
"https://chamanlawfirm.com/land-acquisition-in-nigeria-2/","property/title","medium - verify current law and facts before publication","not restored","editorial review plus current-law check","do not redirect yet"
"https://chamanlawfirm.com/right-of-membership-limited-by-shares/","corporate/commercial","low/medium - editorial and legal review still required","not restored","editorial review plus current-law check","do not redirect yet"
"https://chamanlawfirm.com/how-to-get-travel-insurance-in-nigeria/","general legal education","low/medium - editorial and legal review still required","not restored","editorial review plus current-law check","do not redirect yet"
"https://chamanlawfirm.com/land-use-act-and-its-role-in-land-allocation/","property/title","medium - verify current law and facts before publication","approved public","editorial review plus current-law check","redirect only if target returns 200 and is not hidden"
"https://chamanlawfirm.com/what-to-know-about-warranties-and-conditions/","general legal education","low/medium - editorial and legal review still required","not restored","editorial review plus current-law check","do not redirect yet"
"https://chamanlawfirm.com/legal-aspects-of-employment-contracts/","corporate/commercial","medium - verify current law and facts before publication","hidden/not approved","editorial review plus current-law check","do not redirect yet"
"https://chamanlawfirm.com/5-reasonsthe-importance-of-pleading/","general legal education","low/medium - editorial and legal review still required","not restored","editorial review plus current-law check","do not redirect yet"
"https://chamanlawfirm.com/how-do-i-draft-tenancy-agreement-in-lagos/","general legal education","low/medium - editorial and legal review still required","approved public","editorial review plus current-law check","redirect only if target returns 200 and is not hidden"
"https://chamanlawfirm.com/attestation-of-certificate-in-nigeria/","general legal education","low/medium - editorial and legal review still required","not restored","editorial review plus current-law check","do not redirect yet"
"https://chamanlawfirm.com/diff-between-testate-and-intestate-succession/","probate/estate","low/medium - editorial and legal review still required","not restored","editorial review plus current-law check","do not redirect yet"
"https://chamanlawfirm.com/what-is-ancillary-reliefs/","general legal education","low/medium - editorial and legal review still required","not restored","editorial review plus current-law check","do not redirect yet"
"https://chamanlawfirm.com/probate-vs-letter-of-administration-in-nigeria-key-differences-you-must-know/","probate/estate","high - lawyer review required before publication","hidden/not approved","Principal/lawyer review before approval","do not redirect yet"
"https://chamanlawfirm.com/how-to-appoint-a-company-secretary-in-nigeria/","corporate/commercial","low/medium - editorial and legal review still required","hidden/not approved","editorial review plus current-law check","do not redirect yet"
"https://chamanlawfirm.com/are-verbal-agreement-binding-legally/","general legal education","low/medium - editorial and legal review still required","not restored","editorial review plus current-law check","do not redirect yet"
"https://chamanlawfirm.com/procedures-for-private-placement-in-nigeria/","general legal education","low/medium - editorial and legal review still required","not restored","editorial review plus current-law check","do not redirect yet"
