legacy_url,final_action,target,status
https://chamanlawfirm.com/polygamy-and-multiple-marriages-in-nigeria,EXACT REDIRECT TO EXISTING STRONGER LIVE PAGE,https://chamanlawfirm.com/practice-areas/family-law,resolved pending live QA
https://chamanlawfirm.com/can-a-minor-enter-into-a-valid-contract-in-nigeria,EXACT REDIRECT TO EXISTING STRONGER LIVE PAGE,https://chamanlawfirm.com/practice-areas/corporate-commercial-law/minor-contract-capacity,resolved pending live QA
https://chamanlawfirm.com/powerful-steps-sources-of-tax-law-in-nigeria,EXACT REDIRECT TO EXISTING STRONGER LIVE PAGE,https://chamanlawfirm.com/practice-areas/corporate-commercial-law,resolved pending live QA
https://chamanlawfirm.com/deed-of-assignment-in-nigeria,EXACT REDIRECT TO EXISTING STRONGER LIVE PAGE,https://chamanlawfirm.com/practice-areas/property-real-estate-law,resolved pending live QA
https://chamanlawfirm.com/gain-nigerian-citizenship-by-marriage,EXACT REDIRECT TO EXISTING STRONGER LIVE PAGE,https://chamanlawfirm.com/practice-areas/immigration-services/citizenship-by-marriage-advisory,resolved pending live QA
https://chamanlawfirm.com/what-is-the-implication-of-quit-notice,EXACT REDIRECT TO EXISTING STRONGER LIVE PAGE,https://chamanlawfirm.com/practice-areas/property-real-estate-law/quit-notice-advisory,resolved pending live QA
https://chamanlawfirm.com/individual-tax-clearance-certificate,EXACT REDIRECT TO EXISTING STRONGER LIVE PAGE,https://chamanlawfirm.com/practice-areas/corporate-commercial-law/tax-clearance-certificate,resolved pending live QA
https://chamanlawfirm.com/steps-on-how-to-confidently-report-acrimelaw,EXACT REDIRECT TO EXISTING STRONGER LIVE PAGE,https://chamanlawfirm.com/practice-areas/litigation-dispute-resolution,resolved pending live QA
https://chamanlawfirm.com/how-to-legally-evict-a-tenant-in-lagos-state,EXACT REDIRECT TO EXISTING STRONGER LIVE PAGE,https://chamanlawfirm.com/practice-areas/property-real-estate-law,resolved pending live QA
https://chamanlawfirm.com/how-to-calculate-and-pay-land-use-charge,EXACT REDIRECT TO EXISTING STRONGER LIVE PAGE,https://chamanlawfirm.com/practice-areas/property-real-estate-law/land-use-charge,resolved pending live QA
https://chamanlawfirm.com/7-effective-steps-to-take-when-a-landlord-refuses-to-return-your-rent-deposit,EXACT REDIRECT TO EXISTING STRONGER LIVE PAGE,https://chamanlawfirm.com/practice-areas/property-real-estate-law/landlords-and-tenants-in-nigeria,resolved pending live QA
https://chamanlawfirm.com/how-to-resolve-land-disputes-in-nigeria-with,EXACT REDIRECT TO EXISTING STRONGER LIVE PAGE,https://chamanlawfirm.com/practice-areas/adr-mediation,resolved pending live QA
https://chamanlawfirm.com/breach-of-promise-to-marriage-in-nigeria,EXACT REDIRECT TO EXISTING STRONGER LIVE PAGE,https://chamanlawfirm.com/practice-areas/family-law,resolved pending live QA
https://chamanlawfirm.com/proven-steps-onoverview-of-the-child-right-act,EXACT REDIRECT TO EXISTING STRONGER LIVE PAGE,https://chamanlawfirm.com/practice-areas/family-law,resolved pending live QA
https://chamanlawfirm.com/clauses-for-drafting-a-tenancy-agreement,EXACT REDIRECT TO EXISTING STRONGER LIVE PAGE,https://chamanlawfirm.com/practice-areas/property-real-estate-law,resolved pending live QA
https://chamanlawfirm.com/right-of-an-illegitimate-child,EXACT REDIRECT TO EXISTING STRONGER LIVE PAGE,https://chamanlawfirm.com/practice-areas/family-law,resolved pending live QA
https://chamanlawfirm.com/limitation-of-action-in-nigeria,EXACT REDIRECT TO EXISTING STRONGER LIVE PAGE,https://chamanlawfirm.com/practice-areas/litigation-dispute-resolution,resolved pending live QA
https://chamanlawfirm.com/tenancy-dispute-resolution-in-ogun-state,EXACT REDIRECT TO EXISTING STRONGER LIVE PAGE,https://chamanlawfirm.com/practice-areas/property-real-estate-law/landlords-and-tenants-in-nigeria,resolved pending live QA
https://chamanlawfirm.com/how-long-does-it-take-to-get-c-of-o-in-ogun-sta,EXACT REDIRECT TO EXISTING STRONGER LIVE PAGE,https://chamanlawfirm.com/practice-areas/property-real-estate-law/certificate-of-occupancy,resolved pending live QA
https://chamanlawfirm.com/survey-plans-and-certificates-of-occupancy,EXACT REDIRECT TO EXISTING STRONGER LIVE PAGE,https://chamanlawfirm.com/practice-areas/property-real-estate-law/certificate-of-occupancy,resolved pending live QA
https://chamanlawfirm.com/powerful-steps-what-is-trespass-to-land,EXACT REDIRECT TO EXISTING STRONGER LIVE PAGE,https://chamanlawfirm.com/practice-areas/property-real-estate-law,resolved pending live QA
https://chamanlawfirm.com/issues-land-grabbing-and-encroachment-in-nigeria,EXACT REDIRECT TO EXISTING STRONGER LIVE PAGE,https://chamanlawfirm.com/practice-areas/property-real-estate-law,resolved pending live QA
https://chamanlawfirm.com/guardianship-and-custody-rights-of-minors,EXACT REDIRECT TO EXISTING STRONGER LIVE PAGE,https://chamanlawfirm.com/practice-areas/family-law,resolved pending live QA
https://chamanlawfirm.com/corporate-affairs-commission-in-nigeria,EXACT REDIRECT TO EXISTING STRONGER LIVE PAGE,https://chamanlawfirm.com/practice-areas/corporate-commercial-law/cac-compliance-and-company-records,resolved pending live QA
https://chamanlawfirm.com/what-makes-a-valid-employment-contract-in-nigeria,EXACT REDIRECT TO EXISTING STRONGER LIVE PAGE,https://chamanlawfirm.com/practice-areas/employment-law,resolved pending live QA
https://chamanlawfirm.com/accountability-in-corporate-governance-in-nigeria,EXACT REDIRECT TO EXISTING STRONGER LIVE PAGE,https://chamanlawfirm.com/practice-areas/corporate-commercial-law,resolved pending live QA
https://chamanlawfirm.com/business-name-and-a-company-limited-by-shares,EXACT REDIRECT TO EXISTING STRONGER LIVE PAGE,https://chamanlawfirm.com/practice-areas/corporate-commercial-law,resolved pending live QA
https://chamanlawfirm.com/legal-aspects-of-employment-contracts,EXACT REDIRECT TO EXISTING STRONGER LIVE PAGE,https://chamanlawfirm.com/practice-areas/employment-law,resolved pending live QA
https://chamanlawfirm.com/ultimate-legal-guide-to-buying-land-in-nigeria,EXACT REDIRECT TO EXISTING STRONGER LIVE PAGE,https://chamanlawfirm.com/practice-areas/property-real-estate-law/property-due-diligence,resolved pending live QA
https://chamanlawfirm.com/registering-property-titles-in-nigeria,EXACT REDIRECT TO EXISTING STRONGER LIVE PAGE,https://chamanlawfirm.com/practice-areas/property-real-estate-law/land-registration,resolved pending live QA
https://chamanlawfirm.com/real-estate-and-property-law,EXACT REDIRECT TO EXISTING STRONGER LIVE PAGE,https://chamanlawfirm.com/practice-areas/property-real-estate-law,resolved pending live QA
https://chamanlawfirm.com/nigerian-shipping-contracts,EXACT REDIRECT TO EXISTING STRONGER LIVE PAGE,https://chamanlawfirm.com/practice-areas/corporate-commercial-law,resolved pending live QA
https://chamanlawfirm.com/debt-recovery-and-consumer-protection-laws,EXACT REDIRECT TO EXISTING STRONGER LIVE PAGE,https://chamanlawfirm.com/practice-areas/debt-recovery,resolved pending live QA
https://chamanlawfirm.com/property-how-to-place-a-caveat,EXACT REDIRECT TO EXISTING STRONGER LIVE PAGE,https://chamanlawfirm.com/practice-areas/property-real-estate-law,resolved pending live QA
https://chamanlawfirm.com/can-a-landlord-increase-rent-arbitrarily-in-ogun,EXACT REDIRECT TO EXISTING STRONGER LIVE PAGE,https://chamanlawfirm.com/practice-areas/property-real-estate-law/landlords-and-tenants-in-nigeria,resolved pending live QA
https://chamanlawfirm.com/void-and-voidable-marriages-in-nigeria,EXACT REDIRECT TO EXISTING STRONGER LIVE PAGE,https://chamanlawfirm.com/practice-areas/family-law/void-and-voidable-marriage-advisory,resolved pending live QA
https://chamanlawfirm.com/the-overall-list-of-federal-laws-in-nigeria,HOLD FOR SPECIFIC SUBSTANTIVE CURRENT-LAW/LAWYER REVIEW,,unresolved hold
https://chamanlawfirm.com/stamping-and-up-stamping-of-a-mortgage-document,EXACT REDIRECT TO EXISTING STRONGER LIVE PAGE,https://chamanlawfirm.com/practice-areas/property-real-estate-law/mortgage-document-review,resolved pending live QA
https://chamanlawfirm.com/land-use-act-1978,EXACT REDIRECT TO EXISTING STRONGER LIVE PAGE,https://chamanlawfirm.com/practice-areas/property-real-estate-law/land-use-act-advisory,resolved pending live QA
https://chamanlawfirm.com/how-to-obtain-tax-clearance-certificate,EXACT REDIRECT TO EXISTING STRONGER LIVE PAGE,https://chamanlawfirm.com/practice-areas/corporate-commercial-law/tax-clearance-certificate,resolved pending live QA
https://chamanlawfirm.com/landlords-and-tenants-in-nigeria,EXACT REDIRECT TO EXISTING STRONGER LIVE PAGE,https://chamanlawfirm.com/practice-areas/property-real-estate-law/landlords-and-tenants-in-nigeria,resolved pending live QA
https://chamanlawfirm.com/doctrine-of-ultra-vires,EXACT REDIRECT TO EXISTING STRONGER LIVE PAGE,https://chamanlawfirm.com/practice-areas/corporate-commercial-law/ultra-vires-corporate-powers,resolved pending live QA
https://chamanlawfirm.com/land-registration-system-in-nigeria,EXACT REDIRECT TO EXISTING STRONGER LIVE PAGE,https://chamanlawfirm.com/practice-areas/property-real-estate-law/land-registration,resolved pending live QA
https://chamanlawfirm.com/lagos-tenancy-fixed-and-periodic-tenancies,EXACT REDIRECT TO EXISTING STRONGER LIVE PAGE,https://chamanlawfirm.com/practice-areas/property-real-estate-law/landlords-and-tenants-in-nigeria,resolved pending live QA
https://chamanlawfirm.com/board-of-directors-in-nigerian-companies,EXACT REDIRECT TO EXISTING STRONGER LIVE PAGE,https://chamanlawfirm.com/practice-areas/corporate-commercial-law/board-governance,resolved pending live QA
https://chamanlawfirm.com/how-to-file-a-lawsuit-in-nigeria,EXACT REDIRECT TO EXISTING STRONGER LIVE PAGE,https://chamanlawfirm.com/practice-areas/litigation-dispute-resolution/civil-lawsuit-pre-action-review,resolved pending live QA
https://chamanlawfirm.com/how-to-apply-for-certificate-of-good-conduct-in-nigeria,EXACT REDIRECT TO EXISTING STRONGER LIVE PAGE,https://chamanlawfirm.com/practice-areas/immigration-services/certificate-of-good-conduct-advisory,resolved pending live QA
https://chamanlawfirm.com/of-the-securities-and-exchange-commission,EXACT REDIRECT TO EXISTING STRONGER LIVE PAGE,https://chamanlawfirm.com/practice-areas/corporate-commercial-law/securities-regulatory-compliance,resolved pending live QA
https://chamanlawfirm.com/challenges-of-implementing-the-land-use-act,EXACT REDIRECT TO EXISTING STRONGER LIVE PAGE,https://chamanlawfirm.com/practice-areas/property-real-estate-law/land-use-act-advisory,resolved pending live QA
https://chamanlawfirm.com/expert-witnesses-in-nigeria-court-proceeding,EXACT REDIRECT TO EXISTING STRONGER LIVE PAGE,https://chamanlawfirm.com/practice-areas/litigation-dispute-resolution/expert-witnesses,resolved pending live QA
