old URL,slug,title,selected for Sprint 11H,body status,image status,alt text status,SEO status,legal status,duplicate status,approval status,redirect status,notes
https://chamanlawfirm.com/obtaining-a-certificate-of-occupancy-c-of-o,obtaining-a-certificate-of-occupancy-c-of-o,REQUIREMENTS FOR OBTAINING A CERTIFICATE OF OCCUPANCY (CofO) IN NIGERIA (LAGOS AND OGUN STATE),no,short/review needed,missing,missing,complete,low/medium - editorial legal review required,high - likely duplicate/cannibalization risk,hidden,not eligible,not selected for Sprint 11H controlled approval batch; body too short or missing; featured image missing; alt text missing/review needed; high - likely duplicate/cannibalization risk
https://chamanlawfirm.com/the-concept-of-rule-of-law-in-nigeria,the-concept-of-rule-of-law-in-nigeria,THE CONCEPT OF RULE OF LAW IN NIGERIA,no,present,present,present,complete,low/medium - editorial legal review required,high - likely duplicate/cannibalization risk,hidden,not eligible,not selected for Sprint 11H controlled approval batch; overpromising; high - likely duplicate/cannibalization risk
https://chamanlawfirm.com/how-to-change-car-ownership-in-nigeria,how-to-change-car-ownership-in-nigeria,How To Change Car Ownership In Nigeria,no,missing,missing,missing,complete,low/medium - editorial legal review required,low,hidden,not eligible,not selected for Sprint 11H controlled approval batch; hidden/unapproved Sanity source document missing; body too short or missing; publishedAt missing or future-dated; featured image missing; alt text missing/review needed; category/practice relationship missing; SEO title missing; meta description missing; internal link missing
https://chamanlawfirm.com/how-to-track-a-stolen-phone-in-nigeria,how-to-track-a-stolen-phone-in-nigeria,How To Track A Stolen Phone In Nigeria,no,missing,missing,missing,complete,low/medium - editorial legal review required,low,hidden,not eligible,not selected for Sprint 11H controlled approval batch; hidden/unapproved Sanity source document missing; body too short or missing; publishedAt missing or future-dated; featured image missing; alt text missing/review needed; category/practice relationship missing; SEO title missing; meta description missing; internal link missing
https://chamanlawfirm.com/list-of-government-agencies-of-nigeria,list-of-government-agencies-of-nigeria,List Of Government Agencies Of Nigeria,no,missing,missing,missing,complete,low/medium - editorial legal review required,low,hidden,not eligible,not selected for Sprint 11H controlled approval batch; hidden/unapproved Sanity source document missing; body too short or missing; publishedAt missing or future-dated; featured image missing; alt text missing/review needed; category/practice relationship missing; SEO title missing; meta description missing; internal link missing
https://chamanlawfirm.com/apply-for-drivers-licence-in-nigeria,apply-for-drivers-licence-in-nigeria,Apply For Drivers Licence In Nigeria,no,missing,missing,missing,complete,low/medium - editorial legal review required,low,hidden,not eligible,not selected for Sprint 11H controlled approval batch; hidden/unapproved Sanity source document missing; body too short or missing; publishedAt missing or future-dated; featured image missing; alt text missing/review needed; category/practice relationship missing; SEO title missing; meta description missing; internal link missing
https://chamanlawfirm.com/steps-on-how-to-confidently-report-acrimelaw,steps-on-how-to-confidently-report-acrimelaw,Steps On How To Confidently Report Acrimelaw,no,present,present,present,complete,high - lawyer review required before approval,low,hidden,not eligible,not selected for Sprint 11H controlled approval batch; high - lawyer review required before approval
https://chamanlawfirm.com/the-overall-list-of-federal-laws-in-nigeria,the-overall-list-of-federal-laws-in-nigeria,THE OVERALL LIST OF FEDERAL LAWS IN NIGERIA,no,short/review needed,present,present,complete,low/medium - editorial legal review required,high - likely duplicate/cannibalization risk,hidden,not eligible,not selected for Sprint 11H controlled approval batch; body too short or missing; internal link missing; high - likely duplicate/cannibalization risk
https://chamanlawfirm.com/what-are-the-sources-of-nigerian-law,what-are-the-sources-of-nigerian-law,What Are The Sources Of Nigerian Law,no,missing,missing,missing,complete,low/medium - editorial legal review required,low,hidden,not eligible,not selected for Sprint 11H controlled approval batch; hidden/unapproved Sanity source document missing; body too short or missing; publishedAt missing or future-dated; featured image missing; alt text missing/review needed; category/practice relationship missing; SEO title missing; meta description missing; internal link missing
https://chamanlawfirm.com/duties-of-correctional-institutions-in-nigeria,duties-of-correctional-institutions-in-nigeria,Duties Of Correctional Institutions In Nigeria,no,missing,missing,missing,complete,low/medium - editorial legal review required,low,hidden,not eligible,not selected for Sprint 11H controlled approval batch; hidden/unapproved Sanity source document missing; body too short or missing; publishedAt missing or future-dated; featured image missing; alt text missing/review needed; category/practice relationship missing; SEO title missing; meta description missing; internal link missing
https://chamanlawfirm.com/the-duties-of-lawyers-to-client,the-duties-of-lawyers-to-client,Duties of Lawyers to Clients in Nigeria,yes,present,present,present,complete,low/medium - editorial legal review required,low,approved,ready for exact redirect after target is live and sitemap-included,
https://chamanlawfirm.com/the-role-of-technology-in-nigerian-education,the-role-of-technology-in-nigerian-education,The Role Of Technology In Nigerian Education,no,missing,missing,missing,complete,low/medium - editorial legal review required,low,hidden,not eligible,not selected for Sprint 11H controlled approval batch; hidden/unapproved Sanity source document missing; body too short or missing; publishedAt missing or future-dated; featured image missing; alt text missing/review needed; category/practice relationship missing; SEO title missing; meta description missing; internal link missing
https://chamanlawfirm.com/stamping-and-up-stamping-of-a-mortgage-document,stamping-and-up-stamping-of-a-mortgage-document,What is Stamping and Up-Stamping of a Mortgage Document,no,present,missing,missing,complete,medium - current-law review required but no automated unsafe wording detected,low,hidden,not eligible,not selected for Sprint 11H controlled approval batch; featured image missing; alt text missing/review needed
https://chamanlawfirm.com/how-to-apply-for-certificate-of-good-conduct-in-nigeria,how-to-apply-for-certificate-of-good-conduct-in-nigeria,How To Apply For Certificate Of Good Conduct In Nigeria,no,missing,missing,missing,complete,low/medium - editorial legal review required,low,hidden,not eligible,not selected for Sprint 11H controlled approval batch; hidden/unapproved Sanity source document missing; body too short or missing; publishedAt missing or future-dated; featured image missing; alt text missing/review needed; category/practice relationship missing; SEO title missing; meta description missing; internal link missing
https://chamanlawfirm.com/the-nigerian-legal-system,the-nigerian-legal-system,The Nigerian Legal System,no,missing,missing,missing,complete,low/medium - editorial legal review required,low,hidden,not eligible,not selected for Sprint 11H controlled approval batch; hidden/unapproved Sanity source document missing; body too short or missing; publishedAt missing or future-dated; featured image missing; alt text missing/review needed; category/practice relationship missing; SEO title missing; meta description missing; internal link missing
https://chamanlawfirm.com/nigeria-prohibited-items-list,nigeria-prohibited-items-list,Nigeria Prohibited Items List,no,missing,missing,missing,complete,low/medium - editorial legal review required,low,hidden,not eligible,not selected for Sprint 11H controlled approval batch; hidden/unapproved Sanity source document missing; body too short or missing; publishedAt missing or future-dated; featured image missing; alt text missing/review needed; category/practice relationship missing; SEO title missing; meta description missing; internal link missing
https://chamanlawfirm.com/legal-implications-of-joint-property,legal-implications-of-joint-property,Legal Implications of Joint Property Ownership in Nigeria,yes,present,missing,missing,complete,high - lawyer review required before approval,medium - monitor overlap with existing property guides,hidden,not eligible,featured image missing; alt text missing/review needed; property-sales/luxury wording; high - lawyer review required before approval
https://chamanlawfirm.com/how-to-obtain-tax-clearance-certificate,how-to-obtain-tax-clearance-certificate,How To Obtain Tax Clearance Certificate,no,present,present,present,complete,medium - current-law review required but no automated unsafe wording detected,low,hidden,not eligible,not selected for Sprint 11H controlled approval batch
https://chamanlawfirm.com/laspppa-what-it-is-and-why-it-matters-in-lagos,laspppa-what-it-is-and-why-it-matters-in-lagos,Laspppa What It Is And Why It Matters In Lagos,no,missing,missing,missing,complete,low/medium - editorial legal review required,low,hidden,not eligible,not selected for Sprint 11H controlled approval batch; hidden/unapproved Sanity source document missing; body too short or missing; publishedAt missing or future-dated; featured image missing; alt text missing/review needed; category/practice relationship missing; SEO title missing; meta description missing; internal link missing
https://chamanlawfirm.com/land-registration-system-in-nigeria,land-registration-system-in-nigeria,Land Registration System in Nigeria,yes,short/review needed,present,present,complete,medium - current-law review required but no automated unsafe wording detected,medium - monitor overlap with existing property guides,hidden,not eligible,body too short or missing
https://chamanlawfirm.com/land-use-act-1978,land-use-act-1978,Land Use Act 1978,no,missing,missing,missing,complete,medium - current-law review required but no automated unsafe wording detected,high - likely duplicate/cannibalization risk,hidden,not eligible,not selected for Sprint 11H controlled approval batch; hidden/unapproved Sanity source document missing; body too short or missing; publishedAt missing or future-dated; featured image missing; alt text missing/review needed; category/practice relationship missing; SEO title missing; meta description missing; internal link missing; high - likely duplicate/cannibalization risk
https://chamanlawfirm.com/the-concept-of-restitution-of-conjugal-rights,the-concept-of-restitution-of-conjugal-rights,The Concept Of Restitution Of Conjugal Rights,no,missing,missing,missing,complete,low/medium - editorial legal review required,low,hidden,not eligible,not selected for Sprint 11H controlled approval batch; hidden/unapproved Sanity source document missing; body too short or missing; publishedAt missing or future-dated; featured image missing; alt text missing/review needed; category/practice relationship missing; SEO title missing; meta description missing; internal link missing
https://chamanlawfirm.com/5-lis-pendens-understanding-the-doctrine,5-lis-pendens-understanding-the-doctrine,5 Lis Pendens Understanding The Doctrine,no,missing,missing,missing,complete,low/medium - editorial legal review required,low,hidden,not eligible,not selected for Sprint 11H controlled approval batch; hidden/unapproved Sanity source document missing; body too short or missing; publishedAt missing or future-dated; featured image missing; alt text missing/review needed; category/practice relationship missing; SEO title missing; meta description missing; internal link missing
https://chamanlawfirm.com/lagos-tenancy-fixed-and-periodic-tenancies,lagos-tenancy-fixed-and-periodic-tenancies,Lagos Tenancy Fixed And Periodic Tenancies,no,present,missing,missing,complete,high - lawyer review required before approval,high - likely duplicate/cannibalization risk,hidden,not eligible,not selected for Sprint 11H controlled approval batch; featured image missing; alt text missing/review needed; internal link missing; unsafe self-help wording; high - lawyer review required before approval; high - likely duplicate/cannibalization risk
https://chamanlawfirm.com/enforcing-fundamental-human-right,enforcing-fundamental-human-right,Enforcing Fundamental Human Right,no,missing,missing,missing,complete,low/medium - editorial legal review required,low,hidden,not eligible,not selected for Sprint 11H controlled approval batch; hidden/unapproved Sanity source document missing; body too short or missing; publishedAt missing or future-dated; featured image missing; alt text missing/review needed; category/practice relationship missing; SEO title missing; meta description missing; internal link missing
https://chamanlawfirm.com/landlords-and-tenants-in-nigeria,landlords-and-tenants-in-nigeria,Landlords and Tenants in Nigeria,yes,present,present,present,complete,high - lawyer review required before approval,medium - monitor overlap with existing property guides,hidden,not eligible,property-sales/luxury wording; unsafe self-help wording; high - lawyer review required before approval
https://chamanlawfirm.com/proven-steps-the-canons-of-interpretation,proven-steps-the-canons-of-interpretation,Proven Steps The Canons Of Interpretation,no,missing,missing,missing,complete,low/medium - editorial legal review required,low,hidden,not eligible,not selected for Sprint 11H controlled approval batch; hidden/unapproved Sanity source document missing; body too short or missing; publishedAt missing or future-dated; featured image missing; alt text missing/review needed; category/practice relationship missing; SEO title missing; meta description missing; internal link missing
https://chamanlawfirm.com/how-to-file-a-lawsuit-in-nigeria,how-to-file-a-lawsuit-in-nigeria,How To File A Lawsuit In Nigeria,no,missing,missing,missing,complete,low/medium - editorial legal review required,low,hidden,not eligible,not selected for Sprint 11H controlled approval batch; hidden/unapproved Sanity source document missing; body too short or missing; publishedAt missing or future-dated; featured image missing; alt text missing/review needed; category/practice relationship missing; SEO title missing; meta description missing; internal link missing
https://chamanlawfirm.com/rights-of-a-property-owner-in-nigeria,rights-of-a-property-owner-in-nigeria,Rights Of A Property Owner In Nigeria,no,missing,missing,missing,complete,low/medium - editorial legal review required,low,hidden,not eligible,not selected for Sprint 11H controlled approval batch; hidden/unapproved Sanity source document missing; body too short or missing; publishedAt missing or future-dated; featured image missing; alt text missing/review needed; category/practice relationship missing; SEO title missing; meta description missing; internal link missing
https://chamanlawfirm.com/expert-witnesses-in-nigeria-court-proceeding,expert-witnesses-in-nigeria-court-proceeding,Expert Witnesses in Nigerian Court Proceedings,yes,present,present,present,complete,high - lawyer review required before approval,low,hidden,not eligible,high - lawyer review required before approval
https://chamanlawfirm.com/maxims-of-equity,maxims-of-equity,Maxims Of Equity,no,missing,missing,missing,complete,low/medium - editorial legal review required,low,hidden,not eligible,not selected for Sprint 11H controlled approval batch; hidden/unapproved Sanity source document missing; body too short or missing; publishedAt missing or future-dated; featured image missing; alt text missing/review needed; category/practice relationship missing; SEO title missing; meta description missing; internal link missing
https://chamanlawfirm.com/revocation-of-power-of-attorney,revocation-of-power-of-attorney,Revocation Of Power Of Attorney,no,missing,missing,missing,complete,low/medium - editorial legal review required,low,hidden,not eligible,not selected for Sprint 11H controlled approval batch; hidden/unapproved Sanity source document missing; body too short or missing; publishedAt missing or future-dated; featured image missing; alt text missing/review needed; category/practice relationship missing; SEO title missing; meta description missing; internal link missing
https://chamanlawfirm.com/deed-of-partition-in-nigeria,deed-of-partition-in-nigeria,Deed Of Partition In Nigeria,no,present,missing,missing,complete,low/medium - editorial legal review required,low,hidden,not eligible,not selected for Sprint 11H controlled approval batch; featured image missing; alt text missing/review needed
https://chamanlawfirm.com/the-role-of-regulatory-bodies,the-role-of-regulatory-bodies,The Role Of Regulatory Bodies,no,missing,missing,missing,complete,low/medium - editorial legal review required,low,hidden,not eligible,not selected for Sprint 11H controlled approval batch; hidden/unapproved Sanity source document missing; body too short or missing; publishedAt missing or future-dated; featured image missing; alt text missing/review needed; category/practice relationship missing; SEO title missing; meta description missing; internal link missing
https://chamanlawfirm.com/how-to-calculate-and-pay-land-use-charge,how-to-calculate-and-pay-land-use-charge,How To Calculate And Pay Land Use Charge,no,present,present,present,complete,medium - current-law review required but no automated unsafe wording detected,low,hidden,not eligible,not selected for Sprint 11H controlled approval batch; internal link missing
https://chamanlawfirm.com/of-the-securities-and-exchange-commission,of-the-securities-and-exchange-commission,Of The Securities And Exchange Commission,no,missing,missing,missing,complete,low/medium - editorial legal review required,low,hidden,not eligible,not selected for Sprint 11H controlled approval batch; hidden/unapproved Sanity source document missing; body too short or missing; publishedAt missing or future-dated; featured image missing; alt text missing/review needed; category/practice relationship missing; SEO title missing; meta description missing; internal link missing
https://chamanlawfirm.com/digital-evidence-admissibility-in-nigeria,digital-evidence-admissibility-in-nigeria,Digital Evidence Admissibility In Nigeria,no,missing,missing,missing,complete,low/medium - editorial legal review required,low,hidden,not eligible,not selected for Sprint 11H controlled approval batch; hidden/unapproved Sanity source document missing; body too short or missing; publishedAt missing or future-dated; featured image missing; alt text missing/review needed; category/practice relationship missing; SEO title missing; meta description missing; internal link missing
https://chamanlawfirm.com/doctrine-of-ultra-vires,doctrine-of-ultra-vires,Doctrine Of Ultra Vires,no,missing,missing,missing,complete,low/medium - editorial legal review required,low,hidden,not eligible,not selected for Sprint 11H controlled approval batch; hidden/unapproved Sanity source document missing; body too short or missing; publishedAt missing or future-dated; featured image missing; alt text missing/review needed; category/practice relationship missing; SEO title missing; meta description missing; internal link missing
https://chamanlawfirm.com/board-of-directors-in-nigerian-companies,board-of-directors-in-nigerian-companies,Board Of Directors In Nigerian Companies,no,missing,missing,missing,complete,low/medium - editorial legal review required,low,hidden,not eligible,not selected for Sprint 11H controlled approval batch; hidden/unapproved Sanity source document missing; body too short or missing; publishedAt missing or future-dated; featured image missing; alt text missing/review needed; category/practice relationship missing; SEO title missing; meta description missing; internal link missing
https://chamanlawfirm.com/pohistory-of-legal-profession-in-nigeria,pohistory-of-legal-profession-in-nigeria,HISTORY OF LEGAL PROFESSION IN NIGERIA,no,present,missing,missing,complete,high - lawyer review required before approval,low,hidden,not eligible,not selected for Sprint 11H controlled approval batch; featured image missing; alt text missing/review needed; high - lawyer review required before approval
https://chamanlawfirm.com/can-a-member-be-expelled-from-a-trade-union,can-a-member-be-expelled-from-a-trade-union,Can A Member Be Expelled From A Trade Union,no,missing,missing,missing,complete,low/medium - editorial legal review required,low,hidden,not eligible,not selected for Sprint 11H controlled approval batch; hidden/unapproved Sanity source document missing; body too short or missing; publishedAt missing or future-dated; featured image missing; alt text missing/review needed; category/practice relationship missing; SEO title missing; meta description missing; internal link missing
https://chamanlawfirm.com/selling-a-family-land-without-everyones-consent,selling-a-family-land-without-everyones-consent,Selling A Family Land Without Everyones Consent,no,present,missing,missing,complete,high - lawyer review required before approval,low,hidden,not eligible,not selected for Sprint 11H controlled approval batch; featured image missing; alt text missing/review needed; internal link missing; high - lawyer review required before approval
https://chamanlawfirm.com/challenges-of-implementing-the-land-use-act,challenges-of-implementing-the-land-use-act,Challenges of Implementing the Land Use Act in Nigeria,yes,present,present,present,complete,high - lawyer review required before approval,medium - monitor overlap with existing property guides,hidden,not eligible,high - lawyer review required before approval
https://chamanlawfirm.com/land-use-act-and-land-tenure-systems,land-use-act-and-land-tenure-systems,Land Use Act and Land Tenure Systems in Nigeria,yes,present,present,present,complete,medium - current-law review required but no automated unsafe wording detected,medium - monitor overlap with existing property guides,approved,ready for exact redirect after target is live and sitemap-included,
https://chamanlawfirm.com/international-law-in-conflict-resolution,international-law-in-conflict-resolution,International Law In Conflict Resolution,no,missing,missing,missing,complete,low/medium - editorial legal review required,low,hidden,not eligible,not selected for Sprint 11H controlled approval batch; hidden/unapproved Sanity source document missing; body too short or missing; publishedAt missing or future-dated; featured image missing; alt text missing/review needed; category/practice relationship missing; SEO title missing; meta description missing; internal link missing
https://chamanlawfirm.com/powerful-steps-who-is-mercantile-agent,powerful-steps-who-is-mercantile-agent,Powerful Steps Who Is Mercantile Agent,no,missing,missing,missing,complete,low/medium - editorial legal review required,low,hidden,not eligible,not selected for Sprint 11H controlled approval batch; hidden/unapproved Sanity source document missing; body too short or missing; publishedAt missing or future-dated; featured image missing; alt text missing/review needed; category/practice relationship missing; SEO title missing; meta description missing; internal link missing
https://chamanlawfirm.com/rights-of-parties-to-a-mortgage,rights-of-parties-to-a-mortgage,Rights Of Parties To A Mortgage,no,missing,missing,missing,complete,low/medium - editorial legal review required,low,hidden,not eligible,not selected for Sprint 11H controlled approval batch; hidden/unapproved Sanity source document missing; body too short or missing; publishedAt missing or future-dated; featured image missing; alt text missing/review needed; category/practice relationship missing; SEO title missing; meta description missing; internal link missing
https://chamanlawfirm.com/powerful-steps-nimasacertificate,powerful-steps-nimasacertificate,Powerful Steps Nimasacertificate,no,missing,missing,missing,complete,low/medium - editorial legal review required,low,hidden,not eligible,not selected for Sprint 11H controlled approval batch; hidden/unapproved Sanity source document missing; body too short or missing; publishedAt missing or future-dated; featured image missing; alt text missing/review needed; category/practice relationship missing; SEO title missing; meta description missing; internal link missing
https://chamanlawfirm.com/legally-combat-police-harassment-in-nigeria,legally-combat-police-harassment-in-nigeria,Legally Combat Police Harassment In Nigeria,no,present,present,present,complete,high - lawyer review required before approval,low,hidden,not eligible,not selected for Sprint 11H controlled approval batch; overpromising; high - lawyer review required before approval
https://chamanlawfirm.com/employers-vicarious-liability,employers-vicarious-liability,Employers Vicarious Liability,no,missing,missing,missing,complete,low/medium - editorial legal review required,low,hidden,not eligible,not selected for Sprint 11H controlled approval batch; hidden/unapproved Sanity source document missing; body too short or missing; publishedAt missing or future-dated; featured image missing; alt text missing/review needed; category/practice relationship missing; SEO title missing; meta description missing; internal link missing
