title,slug,old URL,current redirect target,body status,image status,metadata status,legal safety status,duplicate/cannibalization risk,source confidence,recommended action,approval readiness,notes
7 Effective Steps To Take When A Landlord Refuses To Return Your Rent Deposit,7-effective-steps-to-take-when-a-landlord-refuses-to-return-your-rent-deposit,https://chamanlawfirm.com/7-effective-steps-to-take-when-a-landlord-refuses-to-return-your-rent-deposit/,not currently mapped,95 blocks,present with alt,complete,needs lawyer/legal cleanup,no obvious thin risk,"high - source body, metadata, and image evidence present",needs legal wording cleanup,keep hidden,eviction/self-help legal wording requires lawyer review
What You Need to Know About Consequence of Abandonment and Withdrew of Court Action in Nigeria,abandonment-and-withdrew-of-court-action,https://chamanlawfirm.com/abandonment-and-withdrew-of-court-action/,/practice-areas/litigation-dispute-resolution,56 blocks,present with alt,complete,passes automated screen,no obvious thin risk,"high - source body, metadata, and image evidence present",ready for controlled approval review,ready for manual approval consideration,
Breach Of Promise To Marriage In Nigeria,breach-of-promise-to-marriage-in-nigeria,https://chamanlawfirm.com/breach-of-promise-to-marriage-in-nigeria/,not currently mapped,120 blocks,present with alt,complete,passes automated screen,no obvious thin risk,"high - source body, metadata, and image evidence present",ready for controlled approval review,ready for manual approval consideration,
Can A Landlord Increase Rent Arbitrarily In Ogun,can-a-landlord-increase-rent-arbitrarily-in-ogun,https://chamanlawfirm.com/can-a-landlord-increase-rent-arbitrarily-in-ogun/,/practice-areas/property-real-estate-law,82 blocks,present with alt,complete,needs lawyer/legal cleanup,no obvious thin risk,"high - source body, metadata, and image evidence present",needs legal wording cleanup,keep hidden,eviction/self-help legal wording requires lawyer review
CAN A MINOR ENTER INTO A VALID CONTRACT IN NIGERIA?,can-a-minor-enter-into-a-valid-contract-in-nigeria,https://chamanlawfirm.com/can-a-minor-enter-into-a-valid-contract-in-nigeria/,/practice-areas/corporate-commercial-law,needs body recovery,present with alt,complete,passes automated screen,thin/body completeness review needed,low - body recovery needed,needs body recovery,keep hidden,body recovery/formatting cleanup needed
Certificate Of Occupancy In Oyo State,certificate-of-occupancy-in-oyo-state,https://chamanlawfirm.com/certificate-of-occupancy-in-oyo-state/,not currently mapped,76 blocks,present with alt,complete,passes automated screen,no obvious thin risk,"high - source body, metadata, and image evidence present",ready for controlled approval review,ready for manual approval consideration,
Certificate Of Occupancy In Rivers State,certificate-of-occupancy-in-rivers-state,https://chamanlawfirm.com/certificate-of-occupancy-in-rivers-state/,/practice-areas/property-real-estate-law,84 blocks,present with alt,complete,passes automated screen,no obvious thin risk,"high - source body, metadata, and image evidence present",ready for controlled approval review,ready for manual approval consideration,
Challenges Of Implementing The Land Use Act,challenges-of-implementing-the-land-use-act,https://chamanlawfirm.com/challenges-of-implementing-the-land-use-act/,not currently mapped,55 blocks,present with alt,complete,passes automated screen,no obvious thin risk,"high - source body, metadata, and image evidence present",ready for controlled approval review,ready for manual approval consideration,
Clauses For Drafting A Tenancy Agreement,clauses-for-drafting-a-tenancy-agreement,https://chamanlawfirm.com/clauses-for-drafting-a-tenancy-agreement/,not currently mapped,108 blocks,present with alt,complete,passes automated screen,no obvious thin risk,"high - source body, metadata, and image evidence present",ready for controlled approval review,ready for manual approval consideration,
Conditions For Granting Injunctions And Types Of Injunctions,conditions-for-granting-injunctions-and-types-of-injunctions,https://chamanlawfirm.com/conditions-for-granting-injunctions-and-types-of-injunctions/,/practice-areas/litigation-dispute-resolution,25 blocks,missing,complete,passes automated screen,no obvious thin risk,medium - source body present; asset/metadata needs completion,ready for image completion,keep hidden,article-specific image missing; alt text missing
How to Deal with a Stubborn and Bad Tenant as a Landlord in Nigeria,deal-with-and-bad-tenant-as-a-landlord,https://chamanlawfirm.com/deal-with-and-bad-tenant-as-a-landlord/,/practice-areas/property-real-estate-law,80 blocks,present with alt,complete,needs lawyer/legal cleanup,no obvious thin risk,"high - source body, metadata, and image evidence present",needs legal wording cleanup,keep hidden,eviction/self-help legal wording requires lawyer review
Deed Of Assignment In Nigeria,deed-of-assignment-in-nigeria,https://chamanlawfirm.com/deed-of-assignment-in-nigeria/,/practice-areas/property-real-estate-law,needs body recovery,present with alt,complete,passes automated screen,thin/body completeness review needed,low - body recovery needed,needs body recovery,keep hidden,body recovery/formatting cleanup needed
Deed Of Partition In Nigeria,deed-of-partition-in-nigeria,https://chamanlawfirm.com/deed-of-partition-in-nigeria/,not currently mapped,45 blocks,missing,complete,passes automated screen,no obvious thin risk,medium - source body present; asset/metadata needs completion,ready for image completion,keep hidden,article-specific image missing; alt text missing
Defenses And Bars To A Petition For Divorce 2,defenses-and-bars-to-a-petition-for-divorce-2,https://chamanlawfirm.com/defenses-and-bars-to-a-petition-for-divorce-2/,not currently mapped,120 blocks,missing,complete,passes automated screen,no obvious thin risk,medium - source body present; asset/metadata needs completion,ready for image completion,keep hidden,article-specific image missing; alt text missing
Difference Between a Parent Company and a Subsidiary,difference-between-a-parent-company-and-a-subsidiary,https://chamanlawfirm.com/difference-between-a-parent-company-and-a-subsidiary/,not currently mapped,21 blocks,present with alt,complete,passes automated screen,no obvious thin risk,"high - source body, metadata, and image evidence present",ready for controlled approval review,ready for manual approval consideration,
Expert Witnesses In Nigeria Court Proceeding,expert-witnesses-in-nigeria-court-proceeding,https://chamanlawfirm.com/expert-witnesses-in-nigeria-court-proceeding/,not currently mapped,82 blocks,present with alt,complete,passes automated screen,no obvious thin risk,"high - source body, metadata, and image evidence present",ready for controlled approval review,ready for manual approval consideration,
How Do I Legally Evict a Tenant in Ogun State?,how-do-i-legally-evict-a-tenant-in-ogun-state,https://chamanlawfirm.com/how-do-i-legally-evict-a-tenant-in-ogun-state/,/practice-areas/property-real-estate-law,91 blocks,missing,complete,needs lawyer/legal cleanup,no obvious thin risk,medium - source body present; asset/metadata needs completion,needs legal wording cleanup,keep hidden,article-specific image missing; alt text missing; misleading free-service wording; eviction/self-help legal wording requires lawyer review
How do I obtain a Certificate of Occupancy (C of O) in Ogun State?,how-do-i-obtain-a-certificate-of-occupancy,https://chamanlawfirm.com/how-do-i-obtain-a-certificate-of-occupancy/,/practice-areas/property-real-estate-law,120 blocks,present with alt,complete,passes automated screen,no obvious thin risk,"high - source body, metadata, and image evidence present",ready for controlled approval review,ready for manual approval consideration,
How To Apply For And Get A Certificate Of Occupancy In Enugu State Nigeria,how-to-apply-for-and-get-a-certificate-of-occupancy-in-enugu-state-nigeria,https://chamanlawfirm.com/how-to-apply-for-and-get-a-certificate-of-occupancy-in-enugu-state-nigeria/,not currently mapped,32 blocks,present with alt,complete,passes automated screen,no obvious thin risk,"high - source body, metadata, and image evidence present",ready for controlled approval review,ready for manual approval consideration,
How To Apply For Certificate Of Occupancy In Nigeria,how-to-apply-for-certificate-of-occupancy-in-nigeria,https://chamanlawfirm.com/how-to-apply-for-certificate-of-occupancy-in-nigeria/,not currently mapped,53 blocks,present with alt,complete,passes automated screen,no obvious thin risk,"high - source body, metadata, and image evidence present",ready for controlled approval review,ready for manual approval consideration,
How To Calculate And Pay Land Use Charge,how-to-calculate-and-pay-land-use-charge,https://chamanlawfirm.com/how-to-calculate-and-pay-land-use-charge/,not currently mapped,120 blocks,present with alt,complete,passes automated screen,no obvious thin risk,"high - source body, metadata, and image evidence present",ready for controlled approval review,ready for manual approval consideration,
How To Calculate And Pay Land Use Charge,how-to-calculate-and-pay-land-use-charge,https://chamanlawfirm.com/how-to-calculate-and-pay-land-use-charge/,not currently mapped,120 blocks,present with alt,complete,passes automated screen,no obvious thin risk,"high - source body, metadata, and image evidence present",ready for controlled approval review,ready for manual approval consideration,
How To File Complaint Against Police Officers In Nigeria,how-to-file-complaint-against-police-officers-in-nigeria,https://chamanlawfirm.com/how-to-file-complaint-against-police-officers-in-nigeria/,/practice-areas/litigation-dispute-resolution,needs body recovery,missing,complete,passes automated screen,thin/body completeness review needed,low - body recovery needed,needs body recovery,keep hidden,body recovery/formatting cleanup needed; article-specific image missing; alt text missing
How to Get an International Passport in Nigeria,how-to-get-international-passport-in-nigeria,https://chamanlawfirm.com/how-to-get-international-passport-in-nigeria/,not currently mapped,120 blocks,present with alt,complete,passes automated screen,no obvious thin risk,"high - source body, metadata, and image evidence present",ready for controlled approval review,ready for manual approval consideration,
How To Handle Land Grabbers In Ogun State,how-to-handle-land-grabbers-in-ogun-state,https://chamanlawfirm.com/how-to-handle-land-grabbers-in-ogun-state/,not currently mapped,120 blocks,present with alt,complete,passes automated screen,no obvious thin risk,"high - source body, metadata, and image evidence present",ready for controlled approval review,ready for manual approval consideration,
How to Legally Evict a Tenant in Lagos State Without Breaking the Law in 6 Proven Steps.,how-to-legally-evict-a-tenant-in-lagos-state,https://chamanlawfirm.com/how-to-legally-evict-a-tenant-in-lagos-state/,not currently mapped,64 blocks,present with alt,complete,needs lawyer/legal cleanup,no obvious thin risk,"high - source body, metadata, and image evidence present",needs legal wording cleanup,keep hidden,eviction/self-help legal wording requires lawyer review
How To Obtain An Infant Visa In Nigeria,how-to-obtain-an-infant-visa-in-nigeria,https://chamanlawfirm.com/how-to-obtain-an-infant-visa-in-nigeria/,not currently mapped,116 blocks,present with alt,complete,passes automated screen,no obvious thin risk,"high - source body, metadata, and image evidence present",ready for controlled approval review,ready for manual approval consideration,
How To Obtain An Infant Visa In Nigeria,how-to-obtain-an-infant-visa-in-nigeria,https://chamanlawfirm.com/how-to-obtain-an-infant-visa-in-nigeria/,not currently mapped,116 blocks,present with alt,complete,passes automated screen,no obvious thin risk,"high - source body, metadata, and image evidence present",ready for controlled approval review,ready for manual approval consideration,
How To Obtain Dual Citizenship In Nigeria A,how-to-obtain-dual-citizenship-in-nigeria-a,https://chamanlawfirm.com/how-to-obtain-dual-citizenship-in-nigeria-a/,not currently mapped,49 blocks,present with alt,complete,passes automated screen,no obvious thin risk,"high - source body, metadata, and image evidence present",ready for controlled approval review,ready for manual approval consideration,
How To Obtain Dual Citizenship In Nigeria A,how-to-obtain-dual-citizenship-in-nigeria-a,https://chamanlawfirm.com/how-to-obtain-dual-citizenship-in-nigeria-a/,not currently mapped,49 blocks,present with alt,complete,passes automated screen,no obvious thin risk,"high - source body, metadata, and image evidence present",ready for controlled approval review,ready for manual approval consideration,
How To Obtain Tax Clearance Certificate,how-to-obtain-tax-clearance-certificate,https://chamanlawfirm.com/how-to-obtain-tax-clearance-certificate/,not currently mapped,26 blocks,present with alt,complete,passes automated screen,no obvious thin risk,"high - source body, metadata, and image evidence present",ready for controlled approval review,ready for manual approval consideration,
How To Register A Deed Of Assignment In Ogun,how-to-register-a-deed-of-assignment-in-ogun,https://chamanlawfirm.com/how-to-register-a-deed-of-assignment-in-ogun/,not currently mapped,68 blocks,present with alt,complete,passes automated screen,no obvious thin risk,"high - source body, metadata, and image evidence present",ready for controlled approval review,ready for manual approval consideration,
How To Resolve Land Disputes In Nigeria With,how-to-resolve-land-disputes-in-nigeria-with,https://chamanlawfirm.com/how-to-resolve-land-disputes-in-nigeria-with/,not currently mapped,60 blocks,present with alt,complete,passes automated screen,no obvious thin risk,"high - source body, metadata, and image evidence present",ready for controlled approval review,ready for manual approval consideration,
Individual Tax Clearance Certificate,individual-tax-clearance-certificate,https://chamanlawfirm.com/individual-tax-clearance-certificate/,not currently mapped,needs body recovery,present with alt,complete,passes automated screen,thin/body completeness review needed,low - body recovery needed,needs body recovery,keep hidden,body recovery/formatting cleanup needed
Individual Tax Clearance Certificate,individual-tax-clearance-certificate,https://chamanlawfirm.com/individual-tax-clearance-certificate/,not currently mapped,needs body recovery,present with alt,complete,passes automated screen,thin/body completeness review needed,low - body recovery needed,needs body recovery,keep hidden,body recovery/formatting cleanup needed
Lagos Tenancy Fixed And Periodic Tenancies,lagos-tenancy-fixed-and-periodic-tenancies,https://chamanlawfirm.com/lagos-tenancy-fixed-and-periodic-tenancies/,not currently mapped,120 blocks,missing,complete,needs lawyer/legal cleanup,no obvious thin risk,medium - source body present; asset/metadata needs completion,needs legal wording cleanup,keep hidden,article-specific image missing; alt text missing; eviction/self-help legal wording requires lawyer review
Severe Repercussions of Land Grabbing in Nigeria: What Property Owners Must Know,land-grabbing-the-legal-consequences-of,https://chamanlawfirm.com/land-grabbing-the-legal-consequences-of/,/practice-areas/property-real-estate-law,needs body recovery,present with alt,complete,passes automated screen,thin/body completeness review needed,low - body recovery needed,needs body recovery,keep hidden,body recovery/formatting cleanup needed
Land Registration System In Nigeria,land-registration-system-in-nigeria,https://chamanlawfirm.com/land-registration-system-in-nigeria/,not currently mapped,needs body recovery,present with alt,complete,passes automated screen,thin/body completeness review needed,low - body recovery needed,needs body recovery,keep hidden,body recovery/formatting cleanup needed
Land Use Act And Land Tenure Systems,land-use-act-and-land-tenure-systems,https://chamanlawfirm.com/land-use-act-and-land-tenure-systems/,not currently mapped,57 blocks,present with alt,complete,passes automated screen,no obvious thin risk,"high - source body, metadata, and image evidence present",ready for controlled approval review,ready for manual approval consideration,
Land Use Act And Land Tenure Systems,land-use-act-and-land-tenure-systems,https://chamanlawfirm.com/land-use-act-and-land-tenure-systems/,not currently mapped,57 blocks,present with alt,complete,passes automated screen,no obvious thin risk,"high - source body, metadata, and image evidence present",ready for controlled approval review,ready for manual approval consideration,
Landlords And Tenants In Nigeria,landlords-and-tenants-in-nigeria,https://chamanlawfirm.com/landlords-and-tenants-in-nigeria/,not currently mapped,92 blocks,present with alt,complete,needs lawyer/legal cleanup,no obvious thin risk,"high - source body, metadata, and image evidence present",needs legal wording cleanup,keep hidden,eviction/self-help legal wording requires lawyer review
The Critical Legal Implications of Joint Property Ownership in Nigeria,legal-implications-of-joint-property,https://chamanlawfirm.com/legal-implications-of-joint-property/,not currently mapped,83 blocks,present with alt,complete,passes automated screen,no obvious thin risk,"high - source body, metadata, and image evidence present",ready for controlled approval review,ready for manual approval consideration,
Legal Remedies For Breach Of Land Sale Contract,legal-remedies-for-breach-of-land-sale-contract,https://chamanlawfirm.com/legal-remedies-for-breach-of-land-sale-contract/,not currently mapped,120 blocks,present with alt,complete,passes automated screen,no obvious thin risk,"high - source body, metadata, and image evidence present",ready for controlled approval review,ready for manual approval consideration,
Legal Remedies For Breach Of Land Sale Contract,legal-remedies-for-breach-of-land-sale-contract,https://chamanlawfirm.com/legal-remedies-for-breach-of-land-sale-contract/,not currently mapped,120 blocks,present with alt,complete,passes automated screen,no obvious thin risk,"high - source body, metadata, and image evidence present",ready for controlled approval review,ready for manual approval consideration,
Legally Combat Police Harassment In Nigeria,legally-combat-police-harassment-in-nigeria,https://chamanlawfirm.com/legally-combat-police-harassment-in-nigeria/,not currently mapped,90 blocks,present with alt,complete,passes automated screen,no obvious thin risk,"high - source body, metadata, and image evidence present",ready for controlled approval review,ready for manual approval consideration,
Limitation Of Action In Nigeria,limitation-of-action-in-nigeria,https://chamanlawfirm.com/limitation-of-action-in-nigeria/,not currently mapped,55 blocks,present with alt,complete,passes automated screen,no obvious thin risk,"high - source body, metadata, and image evidence present",ready for controlled approval review,ready for manual approval consideration,
Mastering Nigeria Law For Contract An In,mastering-nigeria-law-for-contract-an-in,https://chamanlawfirm.com/mastering-nigeria-law-for-contract-an-in/,not currently mapped,71 blocks,present with alt,complete,passes automated screen,no obvious thin risk,"high - source body, metadata, and image evidence present",ready for controlled approval review,ready for manual approval consideration,
Overview of the Concept Recovery of Premises in Lagos State,overview-of-the-concept-recovery-of-premises,https://chamanlawfirm.com/overview-of-the-concept-recovery-of-premises/,/practice-areas/property-real-estate-law,120 blocks,present with alt,complete,needs lawyer/legal cleanup,no obvious thin risk,"high - source body, metadata, and image evidence present",needs legal wording cleanup,keep hidden,eviction/self-help legal wording requires lawyer review
Polygamy And Multiple Marriages In Nigeria,polygamy-and-multiple-marriages-in-nigeria,https://chamanlawfirm.com/polygamy-and-multiple-marriages-in-nigeria/,/practice-areas/family-law,73 blocks,present with alt,complete,passes automated screen,no obvious thin risk,"high - source body, metadata, and image evidence present",ready for controlled approval review,ready for manual approval consideration,
Powerful Steps Sources Of Tax Law In Nigeria,powerful-steps-sources-of-tax-law-in-nigeria,https://chamanlawfirm.com/powerful-steps-sources-of-tax-law-in-nigeria/,/practice-areas/corporate-commercial-law,120 blocks,present with alt,complete,passes automated screen,no obvious thin risk,"high - source body, metadata, and image evidence present",ready for controlled approval review,ready for manual approval consideration,
Probate In Lagos Everything You Need To Know,probate-in-lagos-everything-you-need-to-know,https://chamanlawfirm.com/probate-in-lagos-everything-you-need-to-know/,not currently mapped,120 blocks,missing,complete,passes automated screen,no obvious thin risk,medium - source body present; asset/metadata needs completion,ready for image completion,keep hidden,article-specific image missing; alt text missing
Procedures for Land Registration in Nigeria,procedures-for-land-registration-in-nigeria,https://chamanlawfirm.com/procedures-for-land-registration-in-nigeria/,not currently mapped,57 blocks,present with alt,complete,passes automated screen,no obvious thin risk,"high - source body, metadata, and image evidence present",ready for controlled approval review,ready for manual approval consideration,
Property How To Place A Caveat,property-how-to-place-a-caveat,https://chamanlawfirm.com/property-how-to-place-a-caveat/,/practice-areas/property-real-estate-law,22 blocks,present with alt,complete,passes automated screen,no obvious thin risk,"high - source body, metadata, and image evidence present",ready for controlled approval review,ready for manual approval consideration,
Proven Steps Onoverview Of The Child Right Act,proven-steps-onoverview-of-the-child-right-act,https://chamanlawfirm.com/proven-steps-onoverview-of-the-child-right-act/,not currently mapped,92 blocks,missing,complete,passes automated screen,no obvious thin risk,medium - source body present; asset/metadata needs completion,ready for image completion,keep hidden,article-specific image missing; alt text missing
Real Estate Taxes In Nigeria Transactions,real-estate-taxes-in-nigeria-transactions,https://chamanlawfirm.com/real-estate-taxes-in-nigeria-transactions/,not currently mapped,47 blocks,present with alt,complete,passes automated screen,no obvious thin risk,"high - source body, metadata, and image evidence present",ready for controlled approval review,ready for manual approval consideration,
Real Estate Taxes In Nigeria Transactions,real-estate-taxes-in-nigeria-transactions,https://chamanlawfirm.com/real-estate-taxes-in-nigeria-transactions/,not currently mapped,47 blocks,present with alt,complete,passes automated screen,no obvious thin risk,"high - source body, metadata, and image evidence present",ready for controlled approval review,ready for manual approval consideration,
Recovery Of Premises,recovery-of-premises,https://chamanlawfirm.com/recovery-of-premises/,not currently mapped,57 blocks,present with alt,complete,needs lawyer/legal cleanup,no obvious thin risk,"high - source body, metadata, and image evidence present",needs legal wording cleanup,keep hidden,eviction/self-help legal wording requires lawyer review
Right Of An Illegitimate Child,right-of-an-illegitimate-child,https://chamanlawfirm.com/right-of-an-illegitimate-child/,not currently mapped,79 blocks,present with alt,complete,passes automated screen,no obvious thin risk,"high - source body, metadata, and image evidence present",ready for controlled approval review,ready for manual approval consideration,
Sell Family Land Without Everyones Consent,sell-family-land-without-everyones-consent,https://chamanlawfirm.com/sell-family-land-without-everyones-consent/,not currently mapped,120 blocks,missing,complete,passes automated screen,no obvious thin risk,medium - source body present; asset/metadata needs completion,ready for image completion,keep hidden,article-specific image missing; alt text missing
Selling A Family Land Without Everyones Consent,selling-a-family-land-without-everyones-consent,https://chamanlawfirm.com/selling-a-family-land-without-everyones-consent/,not currently mapped,120 blocks,missing,complete,passes automated screen,no obvious thin risk,medium - source body present; asset/metadata needs completion,ready for image completion,keep hidden,article-specific image missing; alt text missing
Selling A Family Land Without Everyones Consent,selling-a-family-land-without-everyones-consent,https://chamanlawfirm.com/selling-a-family-land-without-everyones-consent/,not currently mapped,120 blocks,missing,complete,passes automated screen,no obvious thin risk,medium - source body present; asset/metadata needs completion,ready for image completion,keep hidden,article-specific image missing; alt text missing
Steps On How To Confidently Report Acrimelaw,steps-on-how-to-confidently-report-acrimelaw,https://chamanlawfirm.com/steps-on-how-to-confidently-report-acrimelaw/,not currently mapped,50 blocks,present with alt,complete,passes automated screen,no obvious thin risk,"high - source body, metadata, and image evidence present",ready for controlled approval review,ready for manual approval consideration,
Taxes On Real Estate Transactions In Nigeria,taxes-on-real-estate-transactions-in-nigeria,https://chamanlawfirm.com/taxes-on-real-estate-transactions-in-nigeria/,not currently mapped,113 blocks,present with alt,complete,passes automated screen,no obvious thin risk,"high - source body, metadata, and image evidence present",ready for controlled approval review,ready for manual approval consideration,
Tenancy Law Of Lagos State 2011,tenancy-law-of-lagos-state-2011,https://chamanlawfirm.com/tenancy-law-of-lagos-state-2011/,not currently mapped,23 blocks,present with alt,complete,passes automated screen,no obvious thin risk,"high - source body, metadata, and image evidence present",ready for controlled approval review,ready for manual approval consideration,
Legally Binding Contracts in Nigeria,the-le-a-legally-binding-contracts-in-nigeri,https://chamanlawfirm.com/the-le-a-legally-binding-contracts-in-nigeri/,not currently mapped,36 blocks,present with alt,complete,passes automated screen,no obvious thin risk,"high - source body, metadata, and image evidence present",ready for controlled approval review,ready for manual approval consideration,
The Morgage Sell The Mortgaged Property,the-morgage-sell-the-mortgaged-property,https://chamanlawfirm.com/the-morgage-sell-the-mortgaged-property/,not currently mapped,120 blocks,present with alt,complete,passes automated screen,no obvious thin risk,"high - source body, metadata, and image evidence present",ready for controlled approval review,ready for manual approval consideration,
The Morgage Sell The Mortgaged Property,the-morgage-sell-the-mortgaged-property,https://chamanlawfirm.com/the-morgage-sell-the-mortgaged-property/,not currently mapped,120 blocks,present with alt,complete,passes automated screen,no obvious thin risk,"high - source body, metadata, and image evidence present",ready for controlled approval review,ready for manual approval consideration,
Void and Voidable Marriages in Nigeria: Understanding Legal Implications,void-and-voidable-marriages-in-nigeria,https://chamanlawfirm.com/void-and-voidable-marriages-in-nigeria/,/practice-areas/family-law,59 blocks,present with alt,complete,passes automated screen,no obvious thin risk,"high - source body, metadata, and image evidence present",ready for controlled approval review,ready for manual approval consideration,
Who Can Be A Notary Public,who-can-be-a-notary-public,https://chamanlawfirm.com/who-can-be-a-notary-public/,not currently mapped,46 blocks,missing,complete,passes automated screen,no obvious thin risk,medium - source body present; asset/metadata needs completion,ready for image completion,keep hidden,article-specific image missing; alt text missing
Who Can Be A Notary Public,who-can-be-a-notary-public,https://chamanlawfirm.com/who-can-be-a-notary-public/,not currently mapped,46 blocks,missing,complete,passes automated screen,no obvious thin risk,medium - source body present; asset/metadata needs completion,ready for image completion,keep hidden,article-specific image missing; alt text missing
