old URL,post title,image source,image found yes/no,Sanity image asset,alt text,fallback used yes/no,notes
https://chamanlawfirm.com/steps-on-how-to-confidently-report-acrimelaw/,Steps On How To Confidently Report Acrimelaw,./domains/chamanlawfirm.com/public_html/wp-content/uploads/2024/10/images-56.jpeg,yes,image-fbf940b860fca8b5610edad98aa19d4bb579df71-259x195-jpg,Steps On How To Confidently Report Acrimelaw legal guide | Chaman Law Firm,no,uploaded
https://chamanlawfirm.com/is-foreign-marriage-under-the-nigerian-law/,How Valid Is a Foreign Marriage Under Nigerian Law?,./domains/chamanlawfirm.com/public_html/wp-content/uploads/2024/09/the-valid-legal-procession-of-a-statutory-marriage-in-nigeria-m6LqonNM6Di57w0Z-2-768x432.jpg,yes,image-8c642c111c6c93079ccfd62a640af473e38a4677-768x432-jpg,HOW VALID IS FOREIGN MARRIAGE UNDER NIGERIAN LAW legal guide | Chaman Law Firm,no,uploaded
https://chamanlawfirm.com/how-to-file-complaint-against-police-officers-in-nigeria/,How To File Complaint Against Police Officers In Nigeria,,no,,How To File Complaint Against Police Officers In Nigeria legal guide | Chaman Law Firm,no,image not found in archive from SQL/RankMath/body evidence
https://chamanlawfirm.com/abandonment-and-withdrew-of-court-action/,What You Need to Know About Consequence of Abandonment and Withdrew of Court Action in Nigeria,./domains/chamanlawfirm.com/public_html/wp-content/uploads/2024/09/All-you-Need-to-Know-about-the-E-manifest-Procedure-by-the-Nigeria-Custom-Service.webp,yes,image-b3665be9ee4ebbb47f6ed9dca9c7af47b37ce000-650x433-webp,What You Need to Know About Consequence of Abandonment and Withdrew of Court Action in Nigeria legal guide | Chaman Law Firm,no,uploaded
https://chamanlawfirm.com/taxation-of-sole-proprietorship/,Taxation of Sole Proprietorships in Nigeria,./domains/chamanlawfirm.com/public_html/wp-content/uploads/2024/09/Sole-Proprietorship-Taxes_-A-Complete-Guide-with-Step-by-Step-Instructions.png-1200x675.webp,yes,image-a1b171b8313af37dc894d2318636052f3368888c-1200x675-webp,Taxation Of Sole Proprietorship legal guide | Chaman Law Firm,no,uploaded
https://chamanlawfirm.com/customary-vs-statutory-marriage-in-nigeria/,Customary vs Statutory Marriage in Nigeria,./domains/chamanlawfirm.com/public_html/wp-content/uploads/2024/09/the-valid-legal-procession-of-a-statutory-marriage-in-nigeria-m6LqonNM6Di57w0Z-2-768x432.jpg,yes,image-8c642c111c6c93079ccfd62a640af473e38a4677-768x432-jpg,Customary Vs Statutory Marriage In Nigeria legal guide | Chaman Law Firm,no,existing_asset_reused
https://chamanlawfirm.com/powerful-steps-what-is-trespass-to-land-2/,What Is Trespass to Land in Nigeria?,./domains/chamanlawfirm.com/public_html/wp-content/uploads/2024/09/What-is-Trespass-to-Land-768x512.jpg,yes,image-f01dfd52b275049f3c53850d509c9836e5c824b7-768x512-jpg,What is Trespass to Land legal guide | Chaman Law Firm,no,uploaded
https://chamanlawfirm.com/certificate-of-occupancy-in-rivers-state/,Certificate Of Occupancy In Rivers State,./domains/chamanlawfirm.com/public_html/wp-content/uploads/2024/09/Guide-to-Obtaining-a-Certificate-of-Occupancy-C-of-O-in-Ogun-State-768x768.webp,yes,image-5645e6b385b19da7a3fe79f4d113481bf8dedce8-768x768-webp,Certificate Of Occupancy In Rivers State legal guide | Chaman Law Firm,no,uploaded
https://chamanlawfirm.com/how-to-secure-child-support-and-maintenance/,How to Secure Child Support and Maintenance in Nigeria,./domains/chamanlawfirm.com/public_html/wp-content/uploads/2025/06/How-to-Secure-Child-Support-and-Maintenance-Legally-in-Nigeria-1024x694.png,yes,image-0ce215e1c08ac0dc2d386ca7cf610436f9c1e9a0-1024x694-png,How To Secure Child Support And Maintenance legal guide | Chaman Law Firm,no,uploaded
https://chamanlawfirm.com/to-apply-for-and-get-certificate-of-occupancy/,How to Apply For and Obtain a Certificate of Occupancy in Nigeria,./domains/chamanlawfirm.com/public_html/wp-content/uploads/2024/09/how-to-apply-for-certificate-of-occupancy-in-nigeria-d95ywLbOvOI4PoXK-768x456.jpg,yes,image-ac16e91212120da22b365884582d141551364608-768x456-jpg,To Apply For And Get Certificate Of Occupancy legal guide | Chaman Law Firm,no,uploaded
https://chamanlawfirm.com/void-and-voidable-marriages-in-nigeria/,Void and Voidable Marriages in Nigeria: Understanding Legal Implications,./domains/chamanlawfirm.com/public_html/wp-content/uploads/2024/09/Foreign-Marriages-in-Nigeria-Recognition-and-Legal-Implications-768x456.webp,yes,image-6005e5766b84195376553c5462cda435ceb9c373-768x456-webp,Void and Voidable Marriages in Nigeria: Understanding Legal Implications legal guide | Chaman Law Firm,no,uploaded
https://chamanlawfirm.com/dissolution-of-marriage-under-the-nigeria-law/,Grounds for Dissolution of Marriage Under Nigerian Law,./domains/chamanlawfirm.com/public_html/wp-content/uploads/2024/09/Ground-for-Dissolution-of-Marriage-Under-the-Nigeria-Law-768x511.jpg,yes,image-ea6af11e3f931c3d161127717601fc7714984e98-768x511-jpg,Ground for Dissolution of Marriage Under the Nigeria Law legal guide | Chaman Law Firm,no,uploaded
https://chamanlawfirm.com/can-a-minor-enter-into-a-valid-contract-in-nigeria/,CAN A MINOR ENTER INTO A VALID CONTRACT IN NIGERIA?,./domains/chamanlawfirm.com/public_html/wp-content/uploads/2024/09/can-a-minor-make-a-contract-in-nigeria-A3QKLxE4GPcM2lEJ-768x432.jpg,yes,image-560a2ba74c26ead4feb1f6d7b5aeddd23d97dcef-768x432-jpg,CAN A MINOR ENTER INTO A VALID CONTRACT IN NIGERIA? legal guide | Chaman Law Firm,no,uploaded
https://chamanlawfirm.com/family-property-and-right-of-individual-member-in-family-property/,Family Property and Rights of Individual Family Members in Nigeria,./domains/chamanlawfirm.com/public_html/wp-content/uploads/2025/10/What-Are-the-Inheritance-Rights-of-Family-Members-in-Lekki-Property-Matters-768x512.jpg,yes,image-90633d9f7d8d78c23effddc55cf47a64e43e9d25-768x512-jpg,FAMILY PROPERTY AND THE RIGHTS OF INDIVIDUAL MEMBER legal guide | Chaman Law Firm,no,uploaded
https://chamanlawfirm.com/conditions-for-granting-injunctions-and-types-of-injunctions/,Conditions For Granting Injunctions And Types Of Injunctions,,no,,Conditions For Granting Injunctions And Types Of Injunctions legal guide | Chaman Law Firm,no,image not found in archive from SQL/RankMath/body evidence
https://chamanlawfirm.com/annulment-of-marriage-under-the-nigerian-law/,Annulment of Marriage Under Nigerian Law,./domains/chamanlawfirm.com/public_html/wp-content/uploads/2024/09/download-16.jpeg,yes,image-f788253db82877ab2125645b4fb1ff3f4091d2bc-275x183-jpg,Annulment of Marriage Under Nigerian Law: 5 Essential Insights for Positive Legal Clarity legal guide | Chaman Law Firm,no,uploaded
https://chamanlawfirm.com/what-are-rights-of-women-to-inheritance-in-nigeria/,Rights of Women to Inheritance in Nigeria,./domains/chamanlawfirm.com/public_html/wp-content/uploads/2024/09/inheritance-right-of-women-A0xb5Kax3GcZLZqP.jpeg,yes,image-42cb9df07e572ee9c4fd361caeeb0350f894cf36-614x309-jpg,WHAT ARE RIGHTS OF WOMEN TO INHERITANCE IN NIGERIA legal guide | Chaman Law Firm,no,uploaded
https://chamanlawfirm.com/communal-land-and-family-land/,Communal Land and Family Land in Nigeria,./domains/chamanlawfirm.com/public_html/wp-content/uploads/2024/09/communal-land-and-family-land-AMqzeq6849C2Rpjn-3.jpg,yes,image-9f10c8e85affe68207cc500a269e69272d9042ba-900x600-jpg,WHAT ARE THE DIFFERENCES BETWEEN COMMUNAL LAND AND FAMILY LAND legal guide | Chaman Law Firm,no,uploaded
https://chamanlawfirm.com/land-ownership-disputes-in-nigeria/,The Role of Courts in Land Ownership Disputes in Nigeria,./domains/chamanlawfirm.com/public_html/wp-content/uploads/2024/12/Common-Property-Ownership-Disputes-in-Nigeria-and-How-to-Resolve-Them.webp,yes,image-e2bfa0b2cfa2a8d6e5494739ded4278f8095b8fd-1024x694-webp,The Role of Courts in Resolving Land Ownership Disputes in Nigeria: Legal Insights & Case Studies legal guide | Chaman Law Firm,no,uploaded
https://chamanlawfirm.com/overview-of-the-concept-recovery-of-premises/,Overview of the Concept Recovery of Premises in Lagos State,./domains/chamanlawfirm.com/public_html/wp-content/uploads/2024/09/Overview-of-the-Concept-Recovery-of-Premises-in-Lagos-State-740x694.jpg,yes,image-9eb4432504b61cf99ffcf89a063bd262bcd70213-740x694-jpg,Overview of the Concept Recovery of Premises in Lagos State legal guide | Chaman Law Firm,no,uploaded
https://chamanlawfirm.com/how-do-i-legally-evict-a-tenant-in-ogun-state/,How Do I Legally Evict a Tenant in Ogun State?,,no,,How Do I Legally Evict a Tenant in Ogun State? legal guide | Chaman Law Firm,no,image not found in archive from SQL/RankMath/body evidence
https://chamanlawfirm.com/types-of-land-registration-in-nigeria/,Types of Land Registration in Nigeria,./domains/chamanlawfirm.com/public_html/wp-content/uploads/2024/09/Types-of-Land-Registration-in-Nigeria.webp,yes,image-057c785fc9a74d94eaafb9152f3a295639877331-1080x607-webp,Types of Land Registration in Nigeria legal guide | Chaman Law Firm,no,uploaded
https://chamanlawfirm.com/land-grabbing-the-legal-consequences-of/,Severe Repercussions of Land Grabbing in Nigeria: What Property Owners Must Know,./domains/chamanlawfirm.com/public_html/wp-content/uploads/2024/12/Common-Property-Ownership-Disputes-in-Nigeria-and-How-to-Resolve-Them.webp,yes,image-e2bfa0b2cfa2a8d6e5494739ded4278f8095b8fd-1024x694-webp,Severe Repercussions of Land Grabbing in Nigeria: What Property Owners Must Know legal guide | Chaman Law Firm,no,existing_asset_reused
https://chamanlawfirm.com/what-to-know-about-company-resolution/,What to Know About Company Resolutions in Nigeria,./domains/chamanlawfirm.com/public_html/wp-content/uploads/2024/09/What-to-Know-About-Company-Resolution-768x456.jpg,yes,image-a1928ec02dc4201f0fddb6d7f6f819f25a328695-768x456-jpg,What to Know About Company Resolution legal guide | Chaman Law Firm,no,uploaded
https://chamanlawfirm.com/powerful-steps-sources-of-tax-law-in-nigeria/,Powerful Steps Sources Of Tax Law In Nigeria,./domains/chamanlawfirm.com/public_html/wp-content/uploads/2024/12/5-Powerful-Future-Trends-in-Cyber-Law-Navigating-the-Evolving-Digital-Landscape-for-Positive-768x456.jpg,yes,image-e1ca124e9d805e2f18dd665ec1f1500a7eba3785-768x456-jpg,Powerful Steps Sources Of Tax Law In Nigeria legal guide | Chaman Law Firm,no,uploaded
https://chamanlawfirm.com/what-is-the-process-of-land-acquisition/,What Is the Process of Land Acquisition in Nigeria?,./domains/chamanlawfirm.com/public_html/wp-content/uploads/2024/09/What-is-the-Process-of-Land-Acquisition-in-Nigeria-768x640.webp,yes,image-9a92b0c04b2c19df773addbc554901ce6631890b-768x640-webp,What is the Process of Land Acquisition in Nigeria? legal guide | Chaman Law Firm,no,uploaded
https://chamanlawfirm.com/the-role-of-family-court-in-relation-to-child-protect-in-nigeria/,THE ROLE OF FAMILY COURT IN RELATION TO CHILD PROTECTION IN NIGERIA,./domains/chamanlawfirm.com/public_html/wp-content/uploads/2025/07/Legal-Protection-Against-Domestic-Violence-in-Nigeria-768x768.png,yes,image-39491f7bdca1115366bdd77d9fd821e105276fa3-768x768-png,THE ROLE OF FAMILY COURT IN RELATION TO CHILD PROTECTION IN NIGERIA legal guide | Chaman Law Firm,no,uploaded
https://chamanlawfirm.com/complete-guide-to-probate-registry-in-lagos/,Complete Guide to the Probate Registry in Lagos,./domains/chamanlawfirm.com/public_html/wp-content/uploads/2025/07/Complete-Guide-to-Probate-Registry-in-Lago-Process-Requirements-Legal-Tips-1-768x513.jpg,yes,image-0c77aa0cadfe6bda0eb7fbbf32733562694d3c6e-768x513-jpg,Complete Guide To Probate Registry In Lagos legal guide | Chaman Law Firm,no,uploaded
https://chamanlawfirm.com/property-how-to-place-a-caveat/,Property How To Place A Caveat,./domains/chamanlawfirm.com/public_html/wp-content/uploads/2024/05/real-estate-accommodation-property-investment-graphic-word-1170x694.jpg,yes,image-965451172a32c16a5c34e534c12fddc46919cdfd-1170x694-jpg,Property How To Place A Caveat legal guide | Chaman Law Firm,no,uploaded
https://chamanlawfirm.com/how-to-calculate-stamp-duty-chaman-law-firm/,How to calculate stamp duty for property transactions in Ogun?,./domains/chamanlawfirm.com/public_html/wp-content/uploads/2025/10/What-Is-the-Role-of-Stamp-Duty-in-Property-Transactions-in-Lagos-State-1200x800.jpg,yes,image-d237249034dc32767cee2b43540d9044bfe89297-1200x800-jpg,How to calculate stamp duty for property transactions in Ogun? legal guide | Chaman Law Firm,no,uploaded
https://chamanlawfirm.com/can-a-landlord-increase-rent-arbitrarily-in-ogun/,Can A Landlord Increase Rent Arbitrarily In Ogun,./domains/chamanlawfirm.com/public_html/wp-content/uploads/2025/10/Can-a-landlord-increase-rent-arbitrarily-in-Ogun-State-1170x694.png,yes,,Can A Landlord Increase Rent Arbitrarily In Ogun legal guide | Chaman Law Firm,no,ready for upload
https://chamanlawfirm.com/deal-with-and-bad-tenant-as-a-landlord/,How to Deal with a Stubborn and Bad Tenant as a Landlord in Nigeria,./domains/chamanlawfirm.com/public_html/wp-content/uploads/2025/01/image.png,yes,,How to Deal with a Stubborn and Bad Tenant as a Landlord in Nigeria legal guide | Chaman Law Firm,no,ready for upload
https://chamanlawfirm.com/how-to-legally-sublet-a-property-in-nigeria/,How to Legally Sublet a Property in Nigeria: 7 Step-by-Step Guide,./domains/chamanlawfirm.com/public_html/wp-content/uploads/2025/07/The-Ultimate-Guide-to-Buying-Property-in-Nigeria-Without-Regrets-768x1152.png,yes,,How to Legally Sublet a Property in Nigeria: 7 Step-by-Step Guide legal guide | Chaman Law Firm,no,ready for upload
https://chamanlawfirm.com/how-do-i-obtain-a-certificate-of-occupancy/,How do I obtain a Certificate of Occupancy (C of O) in Ogun State?,./domains/chamanlawfirm.com/public_html/wp-content/uploads/2024/09/Guide-to-Obtaining-a-Certificate-of-Occupancy-C-of-O-in-Ogun-State-768x768.webp,yes,,How do I obtain a Certificate of Occupancy (C of O) in Ogun State? legal guide | Chaman Law Firm,no,ready for upload
https://chamanlawfirm.com/what-governs-contract-in-nigeria/,What Governs Contract In Nigeria,./domains/chamanlawfirm.com/public_html/wp-content/uploads/2024/09/What-Governs-Contract-in-Nigeria.webp,yes,,What Governs Contract In Nigeria legal guide | Chaman Law Firm,no,ready for upload
https://chamanlawfirm.com/obtaining-governor-consent-for-land-transactions/,Obtaining Governor Consent For Land Transactions,./domains/chamanlawfirm.com/public_html/wp-content/uploads/2024/09/Process-for-Obtaining-Governors-Consent-for-Land-Transactions-in-Nigeria-1-768x456.webp,yes,,Obtaining Governor Consent For Land Transactions legal guide | Chaman Law Firm,no,ready for upload
https://chamanlawfirm.com/deed-of-assignment-in-nigeria/,Deed Of Assignment In Nigeria,./domains/chamanlawfirm.com/public_html/wp-content/uploads/2024/09/Registration-of-Title-Deed-in-Nigeria-Best-property-Lawyer-in-Lagos-mp015PMKkxse6w2p-3.jpg,yes,,Deed Of Assignment In Nigeria legal guide | Chaman Law Firm,no,ready for upload
https://chamanlawfirm.com/the-land-use-and-allocation-committee-luac/,The Land Use And Allocation Committee Luac,./domains/chamanlawfirm.com/public_html/wp-content/uploads/2024/09/What-is-the-Impact-of-Land-Titles-on-the-Allocation-of-Land-for-Cultural-Festivals-and-Events-768x456.webp,yes,,The Land Use And Allocation Committee Luac legal guide | Chaman Law Firm,no,ready for upload
https://chamanlawfirm.com/legal-implications-of-joint-property/,The Critical Legal Implications of Joint Property Ownership in Nigeria,./domains/chamanlawfirm.com/public_html/wp-content/uploads/2024/09/joint-property.webp,yes,,The Critical Legal Implications of Joint Property Ownership in Nigeria legal guide | Chaman Law Firm,no,ready for upload
https://chamanlawfirm.com/property-insurance-in-nigeria/,Property Insurance In Nigeria,./domains/chamanlawfirm.com/public_html/wp-content/uploads/2024/12/Common-Property-Ownership-Disputes-in-Nigeria-and-How-to-Resolve-Them.webp,yes,,Property Insurance In Nigeria legal guide | Chaman Law Firm,no,ready for upload
