old URL,slug,title,complete recovered body,clean formatting,unsafe legal claim,misleading free-service wording,duplicate/cannibalization risk,SEO title present,meta description present,canonical correct,image and alt text present,category/practice relationship present,CTA present,internal links present,author,approval status,redirect status,notes
https://chamanlawfirm.com/the-concept-of-rule-of-law-in-nigeria,the-concept-of-rule-of-law-in-nigeria,THE CONCEPT OF RULE OF LAW IN NIGERIA,yes,yes,flagged,not detected,flagged,yes,yes,https://chamanlawfirm.com/resources/blog/the-concept-of-rule-of-law-in-nigeria,yes,yes,yes,yes,"Charles Chukwuma Nkwoka, Esq.",hidden,not eligible,not in Sprint 11L low-risk controlled subset; high legal-risk flag; duplicate/thin-content flag; overpromising/editorial hype
https://chamanlawfirm.com/how-to-change-car-ownership-in-nigeria,how-to-change-car-ownership-in-nigeria,How To Change Car Ownership In Nigeria,yes,yes,not detected,not detected,not flagged,yes,yes,https://chamanlawfirm.com/resources/blog/how-to-change-car-ownership-in-nigeria,no,yes,yes,yes,"Charles Chukwuma Nkwoka, Esq.",hidden,not eligible,not in Sprint 11L low-risk controlled subset; image missing; alt text missing
https://chamanlawfirm.com/how-to-track-a-stolen-phone-in-nigeria,how-to-track-a-stolen-phone-in-nigeria,How To Track A Stolen Phone In Nigeria,yes,yes,flagged,not detected,not flagged,yes,yes,https://chamanlawfirm.com/resources/blog/how-to-track-a-stolen-phone-in-nigeria,no,yes,yes,yes,"Charles Chukwuma Nkwoka, Esq.",hidden,not eligible,not in Sprint 11L low-risk controlled subset; image missing; alt text missing; high legal-risk flag; overpromising/editorial hype
https://chamanlawfirm.com/list-of-government-agencies-of-nigeria,list-of-government-agencies-of-nigeria,LIST OF GOVERNMENT AGENCIES OF NIGERIA,yes,yes,not detected,not detected,not flagged,yes,yes,https://chamanlawfirm.com/resources/blog/list-of-government-agencies-of-nigeria,no,yes,yes,no,"Charles Chukwuma Nkwoka, Esq.",hidden,not eligible,not in Sprint 11L low-risk controlled subset; image missing; alt text missing; internal links missing
https://chamanlawfirm.com/apply-for-drivers-licence-in-nigeria,apply-for-drivers-licence-in-nigeria,Guide: How To Apply For A Driver'S Licence In Nigeria Without Stress,yes,yes,not detected,not detected,not flagged,yes,yes,https://chamanlawfirm.com/resources/blog/apply-for-drivers-licence-in-nigeria,no,yes,yes,yes,"Charles Chukwuma Nkwoka, Esq.",hidden,not eligible,not in Sprint 11L low-risk controlled subset; image missing; alt text missing
https://chamanlawfirm.com/steps-on-how-to-confidently-report-acrimelaw,steps-on-how-to-confidently-report-acrimelaw,Steps On How To Confidently Report Acrimelaw,yes,yes,flagged,not detected,not flagged,yes,yes,https://chamanlawfirm.com/resources/blog/steps-on-how-to-confidently-report-acrimelaw,yes,yes,yes,yes,"Charles Chukwuma Nkwoka, Esq.",hidden,not eligible,not in Sprint 11L low-risk controlled subset; high legal-risk flag
https://chamanlawfirm.com/the-overall-list-of-federal-laws-in-nigeria,the-overall-list-of-federal-laws-in-nigeria,THE OVERALL LIST OF FEDERAL LAWS IN NIGERIA,no,yes,flagged,not detected,flagged,yes,yes,https://chamanlawfirm.com/resources/blog/the-overall-list-of-federal-laws-in-nigeria,yes,yes,no,no,"Charles Chukwuma Nkwoka, Esq.",hidden,not eligible,not in Sprint 11L low-risk controlled subset; body too short; consultation CTA missing; internal links missing; high legal-risk flag; duplicate/thin-content flag
https://chamanlawfirm.com/what-are-the-sources-of-nigerian-law,what-are-the-sources-of-nigerian-law,What Are the Sources of Nigerian Law?,yes,yes,not detected,not detected,not flagged,yes,yes,https://chamanlawfirm.com/resources/blog/what-are-the-sources-of-nigerian-law,yes,yes,yes,yes,"Charles Chukwuma Nkwoka, Esq.",approved,ready after live/sitemap verification,approved by Sprint 11L low-risk gates
https://chamanlawfirm.com/duties-of-correctional-institutions-in-nigeria,duties-of-correctional-institutions-in-nigeria,What Are The Duties Of Correctional Institutions In Nigeria?,yes,yes,flagged,flagged,not flagged,yes,yes,https://chamanlawfirm.com/resources/blog/duties-of-correctional-institutions-in-nigeria,no,yes,yes,yes,"Charles Chukwuma Nkwoka, Esq.",hidden,not eligible,not in Sprint 11L low-risk controlled subset; image missing; alt text missing; misleading free-service wording; high legal-risk flag
https://chamanlawfirm.com/the-role-of-technology-in-nigerian-education,the-role-of-technology-in-nigerian-education,Learning: The Impact Of Technology On Nigerian Education,yes,yes,not detected,not detected,not flagged,yes,yes,https://chamanlawfirm.com/resources/blog/the-role-of-technology-in-nigerian-education,no,yes,yes,yes,"Charles Chukwuma Nkwoka, Esq.",hidden,not eligible,not in Sprint 11L low-risk controlled subset; image missing; alt text missing; off-brand/property-sales wording; overpromising/editorial hype
https://chamanlawfirm.com/stamping-and-up-stamping-of-a-mortgage-document,stamping-and-up-stamping-of-a-mortgage-document,What Is Stamping And Up-Stamping Of A Mortgage Document,yes,yes,not detected,not detected,not flagged,yes,yes,https://chamanlawfirm.com/resources/blog/stamping-and-up-stamping-of-a-mortgage-document,yes,yes,yes,yes,"Charles Chukwuma Nkwoka, Esq.",hidden,not eligible,not in Sprint 11L low-risk controlled subset
https://chamanlawfirm.com/how-to-apply-for-certificate-of-good-conduct-in-nigeria,how-to-apply-for-certificate-of-good-conduct-in-nigeria,HOW TO APPLY FOR CERTIFICATE OF GOOD CONDUCT IN NIGERIA,yes,yes,not detected,not detected,not flagged,yes,yes,https://chamanlawfirm.com/resources/blog/how-to-apply-for-certificate-of-good-conduct-in-nigeria,no,yes,yes,yes,"Charles Chukwuma Nkwoka, Esq.",hidden,not eligible,not in Sprint 11L low-risk controlled subset; image missing; alt text missing
https://chamanlawfirm.com/the-nigerian-legal-system,the-nigerian-legal-system,"The Nigerian Legal System: Structure, Sources and Process",yes,yes,not detected,not detected,not flagged,yes,yes,https://chamanlawfirm.com/resources/blog/the-nigerian-legal-system,yes,yes,yes,yes,"Charles Chukwuma Nkwoka, Esq.",hidden,not eligible,overpromising/editorial hype
https://chamanlawfirm.com/nigeria-prohibited-items-list,nigeria-prohibited-items-list,Truths Behind Nigeria'S Prohibited Items List; What You Must Know!,yes,yes,not detected,not detected,not flagged,yes,yes,https://chamanlawfirm.com/resources/blog/nigeria-prohibited-items-list,no,yes,yes,yes,"Charles Chukwuma Nkwoka, Esq.",hidden,not eligible,not in Sprint 11L low-risk controlled subset; image missing; alt text missing; overpromising/editorial hype
https://chamanlawfirm.com/legal-implications-of-joint-property,legal-implications-of-joint-property,The Legal Implications Of Joint Property Ownership In Nigeria,yes,yes,not detected,not detected,not flagged,yes,yes,https://chamanlawfirm.com/resources/blog/legal-implications-of-joint-property,no,yes,yes,yes,"Charles Chukwuma Nkwoka, Esq.",hidden,not eligible,not in Sprint 11L low-risk controlled subset; image missing; alt text missing; off-brand/property-sales wording
https://chamanlawfirm.com/how-to-obtain-tax-clearance-certificate,how-to-obtain-tax-clearance-certificate,How To Obtain Tax Clearance Certificate,yes,yes,not detected,not detected,not flagged,yes,yes,https://chamanlawfirm.com/resources/blog/how-to-obtain-tax-clearance-certificate,yes,yes,yes,yes,"Charles Chukwuma Nkwoka, Esq.",hidden,not eligible,not in Sprint 11L low-risk controlled subset
https://chamanlawfirm.com/laspppa-what-it-is-and-why-it-matters-in-lagos,laspppa-what-it-is-and-why-it-matters-in-lagos,LASPPPA: What It Is And Why It Matters For Property Owners In Lagos,yes,yes,not detected,not detected,not flagged,yes,yes,https://chamanlawfirm.com/resources/blog/laspppa-what-it-is-and-why-it-matters-in-lagos,no,yes,yes,yes,"Charles Chukwuma Nkwoka, Esq.",hidden,not eligible,not in Sprint 11L low-risk controlled subset; image missing; alt text missing
https://chamanlawfirm.com/land-registration-system-in-nigeria,land-registration-system-in-nigeria,Land Registration System In Nigeria,yes,yes,not detected,not detected,not flagged,yes,yes,https://chamanlawfirm.com/resources/blog/land-registration-system-in-nigeria,yes,yes,yes,yes,"Charles Chukwuma Nkwoka, Esq.",hidden,not eligible,not in Sprint 11L low-risk controlled subset
https://chamanlawfirm.com/land-use-act-1978,land-use-act-1978,Understanding The Land Use Act: How It Affects You,yes,yes,flagged,not detected,flagged,yes,yes,https://chamanlawfirm.com/resources/blog/land-use-act-1978,yes,yes,yes,yes,"Charles Chukwuma Nkwoka, Esq.",hidden,not eligible,not in Sprint 11L low-risk controlled subset; high legal-risk flag; duplicate/thin-content flag; overpromising/editorial hype
https://chamanlawfirm.com/the-concept-of-restitution-of-conjugal-rights,the-concept-of-restitution-of-conjugal-rights,The Concept Of Restitution Of Conjugal Rights,yes,yes,flagged,not detected,not flagged,yes,yes,https://chamanlawfirm.com/resources/blog/the-concept-of-restitution-of-conjugal-rights,no,yes,yes,yes,"Charles Chukwuma Nkwoka, Esq.",hidden,not eligible,not in Sprint 11L low-risk controlled subset; image missing; alt text missing; high legal-risk flag
https://chamanlawfirm.com/5-lis-pendens-understanding-the-doctrine,5-lis-pendens-understanding-the-doctrine,5 Insights Into The Doctrine Of Lis Pendens In Real Estate Transactions; Legal Implications And Protection,yes,yes,not detected,not detected,not flagged,yes,yes,https://chamanlawfirm.com/resources/blog/5-lis-pendens-understanding-the-doctrine,no,yes,yes,yes,"Charles Chukwuma Nkwoka, Esq.",hidden,not eligible,not in Sprint 11L low-risk controlled subset; image missing; alt text missing; off-brand/property-sales wording
https://chamanlawfirm.com/lagos-tenancy-fixed-and-periodic-tenancies,lagos-tenancy-fixed-and-periodic-tenancies,Lagos Tenancy Fixed And Periodic Tenancies,yes,yes,flagged,not detected,flagged,yes,yes,https://chamanlawfirm.com/resources/blog/lagos-tenancy-fixed-and-periodic-tenancies,yes,yes,yes,yes,"Charles Chukwuma Nkwoka, Esq.",hidden,not eligible,not in Sprint 11L low-risk controlled subset; unsafe self-help wording; high legal-risk flag; duplicate/thin-content flag
https://chamanlawfirm.com/enforcing-fundamental-human-right,enforcing-fundamental-human-right,FUNDAMENTAL HUMAN RIGHT; WHAT ARE THE PROCEDURES FOR ENFORCING FUNDAMENTAL HUMAN RIGHT?,yes,yes,not detected,not detected,not flagged,yes,yes,https://chamanlawfirm.com/resources/blog/enforcing-fundamental-human-right,no,yes,yes,yes,"Charles Chukwuma Nkwoka, Esq.",hidden,not eligible,not in Sprint 11L low-risk controlled subset; image missing; alt text missing
https://chamanlawfirm.com/landlords-and-tenants-in-nigeria,landlords-and-tenants-in-nigeria,Landlords And Tenants In Nigeria,yes,yes,flagged,not detected,not flagged,yes,yes,https://chamanlawfirm.com/resources/blog/landlords-and-tenants-in-nigeria,yes,yes,yes,yes,"Charles Chukwuma Nkwoka, Esq.",hidden,not eligible,not in Sprint 11L low-risk controlled subset; off-brand/property-sales wording; unsafe self-help wording
https://chamanlawfirm.com/proven-steps-the-canons-of-interpretation,proven-steps-the-canons-of-interpretation,What Are The Canons Of Interpretation,yes,yes,not detected,not detected,not flagged,yes,yes,https://chamanlawfirm.com/resources/blog/proven-steps-the-canons-of-interpretation,no,yes,yes,yes,"Charles Chukwuma Nkwoka, Esq.",hidden,not eligible,not in Sprint 11L low-risk controlled subset; image missing; alt text missing
https://chamanlawfirm.com/how-to-file-a-lawsuit-in-nigeria,how-to-file-a-lawsuit-in-nigeria,HOW TO FILE A LAWSUIT IN NIGERIA,yes,yes,not detected,flagged,not flagged,yes,yes,https://chamanlawfirm.com/resources/blog/how-to-file-a-lawsuit-in-nigeria,yes,yes,yes,yes,"Charles Chukwuma Nkwoka, Esq.",hidden,not eligible,not in Sprint 11L low-risk controlled subset; misleading free-service wording
https://chamanlawfirm.com/rights-of-a-property-owner-in-nigeria,rights-of-a-property-owner-in-nigeria,Your Rights As A Property Owner In Nigeria: What The Law Says,yes,yes,not detected,not detected,not flagged,yes,yes,https://chamanlawfirm.com/resources/blog/rights-of-a-property-owner-in-nigeria,yes,yes,yes,yes,"Charles Chukwuma Nkwoka, Esq.",hidden,not eligible,not in Sprint 11L low-risk controlled subset; overpromising/editorial hype
https://chamanlawfirm.com/expert-witnesses-in-nigeria-court-proceeding,expert-witnesses-in-nigeria-court-proceeding,Expert Witnesses In Nigeria Court Proceeding,yes,yes,not detected,not detected,not flagged,yes,yes,https://chamanlawfirm.com/resources/blog/expert-witnesses-in-nigeria-court-proceeding,yes,yes,yes,yes,"Charles Chukwuma Nkwoka, Esq.",hidden,not eligible,not in Sprint 11L low-risk controlled subset; overpromising/editorial hype
https://chamanlawfirm.com/maxims-of-equity,maxims-of-equity,Maxims of Equity in Nigerian Legal Practice,yes,yes,not detected,not detected,not flagged,yes,yes,https://chamanlawfirm.com/resources/blog/maxims-of-equity,yes,yes,yes,yes,"Charles Chukwuma Nkwoka, Esq.",approved,ready after live/sitemap verification,approved by Sprint 11L low-risk gates
https://chamanlawfirm.com/the-role-of-regulatory-bodies,the-role-of-regulatory-bodies,The Role of Regulatory Bodies in Nigeria,yes,yes,not detected,not detected,not flagged,yes,yes,https://chamanlawfirm.com/resources/blog/the-role-of-regulatory-bodies,yes,yes,yes,yes,"Charles Chukwuma Nkwoka, Esq.",approved,ready after live/sitemap verification,approved by Sprint 11L low-risk gates
https://chamanlawfirm.com/how-to-calculate-and-pay-land-use-charge,how-to-calculate-and-pay-land-use-charge,How To Calculate And Pay Land Use Charge,yes,yes,not detected,not detected,not flagged,yes,yes,https://chamanlawfirm.com/resources/blog/how-to-calculate-and-pay-land-use-charge,yes,yes,yes,no,"Charles Chukwuma Nkwoka, Esq.",hidden,not eligible,not in Sprint 11L low-risk controlled subset; internal links missing; off-brand/property-sales wording
https://chamanlawfirm.com/of-the-securities-and-exchange-commission,of-the-securities-and-exchange-commission,5 FUNCTIONS OF THE SECURITIES AND EXCHANGE COMMISSION,yes,yes,not detected,not detected,not flagged,yes,yes,https://chamanlawfirm.com/resources/blog/of-the-securities-and-exchange-commission,yes,yes,yes,yes,"Charles Chukwuma Nkwoka, Esq.",hidden,not eligible,not in Sprint 11L low-risk controlled subset
https://chamanlawfirm.com/digital-evidence-admissibility-in-nigeria,digital-evidence-admissibility-in-nigeria,Insight: Challenges And Solutions In Digital Evidence Admissibility In Nigeria,yes,yes,not detected,not detected,not flagged,yes,yes,https://chamanlawfirm.com/resources/blog/digital-evidence-admissibility-in-nigeria,no,yes,yes,yes,"Charles Chukwuma Nkwoka, Esq.",hidden,not eligible,not in Sprint 11L low-risk controlled subset; image missing; alt text missing; off-brand/property-sales wording; overpromising/editorial hype
https://chamanlawfirm.com/doctrine-of-ultra-vires,doctrine-of-ultra-vires,The Doctrine of Ultra Vires in Nigerian Company Law,yes,yes,not detected,not detected,not flagged,yes,yes,https://chamanlawfirm.com/resources/blog/doctrine-of-ultra-vires,yes,yes,yes,yes,"Charles Chukwuma Nkwoka, Esq.",hidden,not eligible,overpromising/editorial hype
https://chamanlawfirm.com/board-of-directors-in-nigerian-companies,board-of-directors-in-nigerian-companies,The Strategic Power Of The Board Directors In Nigerian Companies- For A Successful Business,yes,yes,not detected,not detected,not flagged,yes,yes,https://chamanlawfirm.com/resources/blog/board-of-directors-in-nigerian-companies,yes,yes,yes,no,"Charles Chukwuma Nkwoka, Esq.",hidden,not eligible,not in Sprint 11L low-risk controlled subset; internal links missing
https://chamanlawfirm.com/pohistory-of-legal-profession-in-nigeria,pohistory-of-legal-profession-in-nigeria,History of the Legal Profession in Nigeria,yes,yes,not detected,not detected,not flagged,yes,yes,https://chamanlawfirm.com/resources/blog/pohistory-of-legal-profession-in-nigeria,yes,yes,yes,yes,"Charles Chukwuma Nkwoka, Esq.",approved,ready after live/sitemap verification,approved by Sprint 11L low-risk gates
https://chamanlawfirm.com/can-a-member-be-expelled-from-a-trade-union,can-a-member-be-expelled-from-a-trade-union,5 Reasons A Member Can Be Expelled From A Trade Union,yes,yes,not detected,not detected,not flagged,yes,yes,https://chamanlawfirm.com/resources/blog/can-a-member-be-expelled-from-a-trade-union,no,yes,yes,yes,"Charles Chukwuma Nkwoka, Esq.",hidden,not eligible,not in Sprint 11L low-risk controlled subset; image missing; alt text missing; overpromising/editorial hype
https://chamanlawfirm.com/selling-a-family-land-without-everyones-consent,selling-a-family-land-without-everyones-consent,Selling A Family Land Without Everyones Consent,yes,yes,not detected,not detected,not flagged,yes,yes,https://chamanlawfirm.com/resources/blog/selling-a-family-land-without-everyones-consent,yes,yes,yes,no,"Charles Chukwuma Nkwoka, Esq.",hidden,not eligible,not in Sprint 11L low-risk controlled subset; internal links missing
https://chamanlawfirm.com/challenges-of-implementing-the-land-use-act,challenges-of-implementing-the-land-use-act,Challenges Of Implementing The Land Use Act,yes,yes,not detected,not detected,not flagged,yes,yes,https://chamanlawfirm.com/resources/blog/challenges-of-implementing-the-land-use-act,yes,yes,yes,yes,"Charles Chukwuma Nkwoka, Esq.",hidden,not eligible,not in Sprint 11L low-risk controlled subset; overpromising/editorial hype
https://chamanlawfirm.com/international-law-in-conflict-resolution,international-law-in-conflict-resolution,Impact Of International Law In Resolving Global Conflicts,yes,yes,not detected,not detected,not flagged,yes,yes,https://chamanlawfirm.com/resources/blog/international-law-in-conflict-resolution,no,yes,yes,yes,"Charles Chukwuma Nkwoka, Esq.",hidden,not eligible,not in Sprint 11L low-risk controlled subset; image missing; alt text missing; overpromising/editorial hype
https://chamanlawfirm.com/powerful-steps-who-is-mercantile-agent,powerful-steps-who-is-mercantile-agent,Who Is Mercantile Agent,yes,yes,not detected,not detected,not flagged,yes,yes,https://chamanlawfirm.com/resources/blog/powerful-steps-who-is-mercantile-agent,no,yes,yes,no,"Charles Chukwuma Nkwoka, Esq.",hidden,not eligible,not in Sprint 11L low-risk controlled subset; image missing; alt text missing; internal links missing; overpromising/editorial hype
https://chamanlawfirm.com/rights-of-parties-to-a-mortgage,rights-of-parties-to-a-mortgage,RIGHTS OF PARTIES TO A MORTGAGE,yes,yes,not detected,not detected,not flagged,yes,yes,https://chamanlawfirm.com/resources/blog/rights-of-parties-to-a-mortgage,yes,yes,yes,yes,"Charles Chukwuma Nkwoka, Esq.",hidden,not eligible,not in Sprint 11L low-risk controlled subset
https://chamanlawfirm.com/powerful-steps-nimasacertificate,powerful-steps-nimasacertificate,The Necessary Documents To Submit To Obtain The Nigeria Maritime Administration And Safety Agency (NIMASA)Certificate,yes,yes,not detected,not detected,not flagged,yes,yes,https://chamanlawfirm.com/resources/blog/powerful-steps-nimasacertificate,no,yes,yes,no,"Charles Chukwuma Nkwoka, Esq.",hidden,not eligible,not in Sprint 11L low-risk controlled subset; image missing; alt text missing; internal links missing
https://chamanlawfirm.com/legally-combat-police-harassment-in-nigeria,legally-combat-police-harassment-in-nigeria,Legally Combat Police Harassment In Nigeria,yes,yes,flagged,not detected,not flagged,yes,yes,https://chamanlawfirm.com/resources/blog/legally-combat-police-harassment-in-nigeria,yes,yes,yes,yes,"Charles Chukwuma Nkwoka, Esq.",hidden,not eligible,not in Sprint 11L low-risk controlled subset; high legal-risk flag; overpromising/editorial hype
https://chamanlawfirm.com/employers-vicarious-liability,employers-vicarious-liability,Insight: Understanding Employer’S Vicarious Liability In Nigeria,yes,yes,not detected,not detected,not flagged,yes,yes,https://chamanlawfirm.com/resources/blog/employers-vicarious-liability,no,yes,yes,yes,"Charles Chukwuma Nkwoka, Esq.",hidden,not eligible,not in Sprint 11L low-risk controlled subset; image missing; alt text missing
https://chamanlawfirm.com/legal-restrictions-to-sale-of-land,legal-restrictions-to-sale-of-land,Crucial Insights: Understanding The Legal Restrictions To Sale Of Land,yes,yes,not detected,not detected,not flagged,yes,yes,https://chamanlawfirm.com/resources/blog/legal-restrictions-to-sale-of-land,yes,yes,yes,yes,"Charles Chukwuma Nkwoka, Esq.",hidden,not eligible,not in Sprint 11L low-risk controlled subset
https://chamanlawfirm.com/establishing-paternity-and-maternity-under,establishing-paternity-and-maternity-under,Establishing Paternity And Maternity Under Nigerian Law: A Comprehensive 3 Steps Guide,yes,yes,flagged,not detected,not flagged,yes,yes,https://chamanlawfirm.com/resources/blog/establishing-paternity-and-maternity-under,yes,yes,yes,yes,"Charles Chukwuma Nkwoka, Esq.",hidden,not eligible,not in Sprint 11L low-risk controlled subset; high legal-risk flag
https://chamanlawfirm.com/how-to-obtain-standard-organisat-certificate,how-to-obtain-standard-organisat-certificate,How To Obtain Standard Organization Of Nigeria Product Certificate: 4 Steps For Positive Product Certification,yes,yes,not detected,not detected,not flagged,yes,yes,https://chamanlawfirm.com/resources/blog/how-to-obtain-standard-organisat-certificate,no,yes,yes,yes,"Charles Chukwuma Nkwoka, Esq.",hidden,not eligible,not in Sprint 11L low-risk controlled subset; image missing; alt text missing; overpromising/editorial hype
https://chamanlawfirm.com/minority-protection-rights-and-remedies,minority-protection-rights-and-remedies,MINORITY PROTECTION: RIGHTS AND REMEDIES OF MINORITIES,yes,yes,not detected,not detected,not flagged,yes,yes,https://chamanlawfirm.com/resources/blog/minority-protection-rights-and-remedies,yes,yes,yes,yes,"Charles Chukwuma Nkwoka, Esq.",hidden,not eligible,not in Sprint 11L low-risk controlled subset; overpromising/editorial hype
