priority rank,legacy post ID,old URL,old slug,old title,old SEO title,old meta description,clicks,impressions,current production status,current redirect target,content recovered yes/no,image recovered yes/no,proposed Sanity slug,proposed public URL,approval status,redirect replacement status,notes
1,9935,https://chamanlawfirm.com/abandonment-and-withdrew-of-court-action/,abandonment-and-withdrew-of-court-action,Abandonment and Withdrawal of Court Actions in Nigeria,Proven Steps on Abandonment and Withdrew of Court Action,"Chaman Law Firm explains the consequences of Abandonment and Withdrew of Court Action in Nigeria, clarity and guidance on litigation decisions",219,10144,selected for Sprint 10L recovery,/practice-areas/litigation-dispute-resolution,yes,yes,abandonment-and-withdrew-of-court-action,/resources/blog/abandonment-and-withdrew-of-court-action,candidate for controlled approval,pending exact article redirect after approval,
2,59430,https://chamanlawfirm.com/certificate-of-occupancy-in-rivers-state/,certificate-of-occupancy-in-rivers-state,Certificate of Occupancy in Rivers State,Certificate of Occupancy in Rivers State: Effortless 2025 Guide: How to Secure Your Certificate of Occupancy in Rivers State,"Certificate of Occupancy in Rivers State The process of acquiring a Certificate of Occupancy (C of O) in Rivers State, Nigeria, has long...",210,5338,selected for Sprint 10L recovery,/practice-areas/property-real-estate-law,yes,yes,certificate-of-occupancy-in-rivers-state,/resources/blog/certificate-of-occupancy-in-rivers-state,candidate for controlled approval,pending exact article redirect after approval,
3,52008,https://chamanlawfirm.com/deal-with-and-bad-tenant-as-a-landlord/,deal-with-and-bad-tenant-as-a-landlord,How Landlords Can Handle Difficult Tenants in Nigeria,How to Deal with a bad tenant as a landlord in nigeria,"As a landlord in Nigeria, dealing with bad tenants is part and parcel of property management. While many tenants fulfill their obligations respectfully,",130,7642,selected for Sprint 10L recovery,/practice-areas/property-real-estate-law,yes,yes,deal-with-and-bad-tenant-as-a-landlord,/resources/blog/deal-with-and-bad-tenant-as-a-landlord,candidate for controlled approval,pending exact article redirect after approval,
4,60530,https://chamanlawfirm.com/how-do-i-obtain-a-certificate-of-occupancy/,how-do-i-obtain-a-certificate-of-occupancy,How to Obtain a Certificate of Occupancy in Ogun State,Powerful Steps: How do I obtain a Certificate of Occupancy,How do i obtain a Certificate of Occupancy? Crucial for land ownership in Ogun State. Chaman Law Firm explains the steps and required documents,122,6087,selected for Sprint 10L recovery,/practice-areas/property-real-estate-law,yes,yes,how-do-i-obtain-a-certificate-of-occupancy,/resources/blog/how-do-i-obtain-a-certificate-of-occupancy,candidate for controlled approval,pending exact article redirect after approval,
5,60553,https://chamanlawfirm.com/how-to-register-a-deed-of-assignment-in-ogun/,how-to-register-a-deed-of-assignment-in-ogun,How to Register a Deed of Assignment in Ogun State,Powerful Steps: How to register a Deed of Assignment in Ogun,"How to register a Deed of Assignment in Ogun State with comprehensive guides to the process, requirements, fees, and tips to secure your property",94,2623,selected for Sprint 10L recovery,not currently redirected,yes,yes,how-to-register-a-deed-of-assignment-in-ogun,/resources/blog/how-to-register-a-deed-of-assignment-in-ogun,candidate for controlled approval,pending exact article redirect after approval,
6,61424,https://chamanlawfirm.com/how-to-handle-land-grabbers-in-ogun-state/,how-to-handle-land-grabbers-in-ogun-state,How to Handle Land Grabbers in Ogun State,Powerful Steps: How to Handle Land Grabbers in Ogun State,"How to Handle Land Grabbers in Ogun State - protect your property, avoid falling victim to fraudulent land claims or extortion / Chaman Law Firm",94,2455,selected for Sprint 10L recovery,not currently redirected,yes,yes,how-to-handle-land-grabbers-in-ogun-state,/resources/blog/how-to-handle-land-grabbers-in-ogun-state,candidate for controlled approval,pending exact article redirect after approval,
7,51429,https://chamanlawfirm.com/how-to-legally-evict-a-tenant-in-lagos-state/,how-to-legally-evict-a-tenant-in-lagos-state,How to Legally Evict a Tenant in Lagos State,How to Legally Evict a Tenant in Lagos State Without Breaking the Law in 6 Proven Steps.,"Landlord-tenant disputes are common in Lagos State, with eviction being one of the most sensitive issues. Landlords must understand the legal process of evicting a tenant to avoid contravening laws and facing legal re...",90,7981,selected for Sprint 10L recovery,not currently redirected,yes,yes,how-to-legally-evict-a-tenant-in-lagos-state,/resources/blog/how-to-legally-evict-a-tenant-in-lagos-state,candidate for controlled approval,pending exact article redirect after approval,
8,48364,https://chamanlawfirm.com/the-morgage-sell-the-mortgaged-property/,the-morgage-sell-the-mortgaged-property,When Can a Mortgagee Sell Mortgaged Property in Nigeria?,Powerful Steps: the Morgage Sell the Mortgaged Property,"Under What Circumstance can the Morgage Sell the Mortgaged Property, A mortgage is the transfer of the ownership of an asset by way of security..",75,4900,selected for Sprint 10L recovery,not currently redirected,yes,yes,the-morgage-sell-the-mortgaged-property,/resources/blog/the-morgage-sell-the-mortgaged-property,candidate for controlled approval,pending exact article redirect after approval,
9,49730,https://chamanlawfirm.com/how-to-obtain-dual-citizenship-in-nigeria-a/,how-to-obtain-dual-citizenship-in-nigeria-a,How to Obtain Dual Citizenship in Nigeria,How to Obtain Dual Citizenship in Nigeria,"introduction: Dual citizenship allows individuals to hold citizenship in more than one country simultaneously. For many people, it offers the flexibility to live, work, and travel across borders while retaining ties to",74,17312,selected for Sprint 10L recovery,not currently redirected,yes,yes,how-to-obtain-dual-citizenship-in-nigeria-a,/resources/blog/how-to-obtain-dual-citizenship-in-nigeria-a,candidate for controlled approval,pending exact article redirect after approval,
10,61442,https://chamanlawfirm.com/legal-remedies-for-breach-of-land-sale-contract/,legal-remedies-for-breach-of-land-sale-contract,Legal Remedies for Breach of Land Sale Contract in Nigeria,Powerful Steps: Remedies for Breach of Land Sale Contract,Legal Remedies for Breach of Land Sale Contract in Ogun -your legal rights and how to pursue justice if the other party fails to honor the terms.,73,4149,selected for Sprint 10L recovery,not currently redirected,yes,yes,legal-remedies-for-breach-of-land-sale-contract,/resources/blog/legal-remedies-for-breach-of-land-sale-contract,candidate for controlled approval,pending exact article redirect after approval,
11,9305,https://chamanlawfirm.com/how-to-obtain-an-infant-visa-in-nigeria/,how-to-obtain-an-infant-visa-in-nigeria,How to Obtain an Infant Visa in Nigeria,Powerful Steps: How to Obtain an Infant Visa in Nigeria,"earn how to obtain an infant visa in Nigeria, including the application steps, required documents, and important guidelines for parents or guardians.",72,6160,selected for Sprint 10L recovery,not currently redirected,yes,yes,how-to-obtain-an-infant-visa-in-nigeria,/resources/blog/how-to-obtain-an-infant-visa-in-nigeria,candidate for controlled approval,pending exact article redirect after approval,
12,9764,https://chamanlawfirm.com/real-estate-taxes-in-nigeria-transactions/,real-estate-taxes-in-nigeria-transactions,Real Estate Taxes in Nigerian Property Transactions,UNDERSTANDING THE ESSENTIAL APPLICABILITY OF TAXES ON REAL ESTATE TRANSACTIONS IN NIGERIA,APPLICABILITY OF TAXES ON REAL ESTATE TRANSACTIONS IN NIGERIA The various taxes that apply on real estate transfer transaction includes Capital,70,6388,selected for Sprint 10L recovery,not currently redirected,yes,yes,real-estate-taxes-in-nigeria-transactions,/resources/blog/real-estate-taxes-in-nigeria-transactions,candidate for controlled approval,pending exact article redirect after approval,
13,9782,https://chamanlawfirm.com/how-to-apply-for-certificate-of-occupancy-in-nigeria/,how-to-apply-for-certificate-of-occupancy-in-nigeria,How to Apply for Certificate of Occupancy in Nigeria,How to Apply for Certificate of Occupancy in Nigeria,HOW TO APPLY FOR CERTIFICATE OF OCCUPANCY IN NIGERIA Are you aware that the most crucial document for a landowner or property buyer in Nigeria,64,5957,selected for Sprint 10L recovery,not currently redirected,yes,yes,how-to-apply-for-certificate-of-occupancy-in-nigeria,/resources/blog/how-to-apply-for-certificate-of-occupancy-in-nigeria,candidate for controlled approval,pending exact article redirect after approval,
14,59434,https://chamanlawfirm.com/certificate-of-occupancy-in-oyo-state/,certificate-of-occupancy-in-oyo-state,Certificate of Occupancy in Oyo State,Certificate of Occupancy in Oyo State: Ultimate Guide: Hassle-Free Way to Obtain Certificate of Occupancy (C of O) in Oyo State (2025),"Certificate of Occupancy in Oyo State Securing a Certificate of Occupancy (C of O) is a vital legal step in confirming land ownership in Oyo State, Nigeria. Whether...",63,9258,selected for Sprint 10L recovery,not currently redirected,yes,yes,certificate-of-occupancy-in-oyo-state,/resources/blog/certificate-of-occupancy-in-oyo-state,candidate for controlled approval,pending exact article redirect after approval,
15,48528,https://chamanlawfirm.com/mastering-nigeria-law-for-contract-an-in/,mastering-nigeria-law-for-contract-an-in,Mastering Contract Law in Nigeria,Mastering Contract Law in Nigeria,"Introduction Contracts are the backbone of legal and business transactions in any country, and Nigeria is no exception. The ""Nigeria law for contract"" plays a critical role in shaping and guiding both personal and comm",63,6755,selected for Sprint 10L recovery,not currently redirected,yes,yes,mastering-nigeria-law-for-contract-an-in,/resources/blog/mastering-nigeria-law-for-contract-an-in,candidate for controlled approval,pending exact article redirect after approval,
16,10110,https://chamanlawfirm.com/how-to-apply-for-and-get-a-certificate-of-occupancy-in-enugu-state-nigeria/,how-to-apply-for-and-get-a-certificate-of-occupancy-in-enugu-state-nigeria,How to Apply for Certificate of Occupancy in Enugu State,How to Apply for Certificate of Occupancy in Enugu State,"To apply for and obtain a Certificate of Occupancy (C of O) in Enugu State, Nigeria, you will need to follow these general steps: Engage a Registered Town Planner: Start by engaging the services of a registered town pl",63,2390,selected for Sprint 10L recovery,not currently redirected,yes,yes,how-to-apply-for-and-get-a-certificate-of-occupancy-in-enugu-state-nigeria,/resources/blog/how-to-apply-for-and-get-a-certificate-of-occupancy-in-enugu-state-nigeria,candidate for controlled approval,pending exact article redirect after approval,
17,9657,https://chamanlawfirm.com/difference-between-a-parent-company-and-a-subsidiary/,difference-between-a-parent-company-and-a-subsidiary,Difference Between a Parent Company and a Subsidiary,Difference Between a Parent Company and a Subsidiary,"DIFFERENCE BETWEEN A PARENT COMPANY AND A SUBSIDIARY, Parent companies own and control up to 51% of a company's stocks and...",56,8293,selected for Sprint 10L recovery,not currently redirected,yes,yes,difference-between-a-parent-company-and-a-subsidiary,/resources/blog/difference-between-a-parent-company-and-a-subsidiary,candidate for controlled approval,pending exact article redirect after approval,
18,9692,https://chamanlawfirm.com/tenancy-law-of-lagos-state-2011/,tenancy-law-of-lagos-state-2011,Tenancy Law of Lagos State 2011,Tenancy Law of Lagos State 2011,"Monthly Tenancy Under The Tenancy Law of Lagos State, 2011 The Tenancy Law of Lagos State, 2011, formerly known as Rent Control and Recovery of Residential Premises Law Vol.7 Laws of Lagos State 2003, is the law that g",56,4974,selected for Sprint 10L recovery,not currently redirected,yes,yes,tenancy-law-of-lagos-state-2011,/resources/blog/tenancy-law-of-lagos-state-2011,candidate for controlled approval,pending exact article redirect after approval,
19,9280,https://chamanlawfirm.com/how-to-get-international-passport-in-nigeria/,how-to-get-international-passport-in-nigeria,How to Get an International Passport in Nigeria,Powerful Steps: How to Get International Passport in Nigeria,"Learn How to Get International Passport in Nigeria, including application steps, required documents, fees, and guidelines for a smooth process.",55,51890,selected for Sprint 10L recovery,not currently redirected,yes,yes,how-to-get-international-passport-in-nigeria,/resources/blog/how-to-get-international-passport-in-nigeria,candidate for controlled approval,pending exact article redirect after approval,
20,10037,https://chamanlawfirm.com/procedures-for-land-registration-in-nigeria/,procedures-for-land-registration-in-nigeria,Procedures for Land Registration in Nigeria,Procedures for Land Registration in Nigeria,Introduction PROCEDURES FOR LAND REGISTRATION IN NIGERIA The land registration process is Lagos State is governed by the provisions of the Land Registration Law of Lagos State and Land Use Act of 1978. For land to by d,55,6515,selected for Sprint 10L recovery,not currently redirected,yes,yes,procedures-for-land-registration-in-nigeria,/resources/blog/procedures-for-land-registration-in-nigeria,candidate for controlled approval,pending exact article redirect after approval,
21,10093,https://chamanlawfirm.com/the-le-a-legally-binding-contracts-in-nigeri/,the-le-a-legally-binding-contracts-in-nigeri,Legally Binding Contracts in Nigeria,Legally Binding Contracts in Nigeria,"OVERVIEW OF CONSTRUCTION CONTRACT IN NIGERIA In Nigeria, the standard forms of construction contract commonly used in the construction industry include: The FIDIC Forms. The SFBCN, 1990. The GCC, 2011. The JCT standard",55,4225,selected for Sprint 10L recovery,not currently redirected,yes,yes,the-le-a-legally-binding-contracts-in-nigeri,/resources/blog/the-le-a-legally-binding-contracts-in-nigeri,candidate for controlled approval,pending exact article redirect after approval,
22,9808,https://chamanlawfirm.com/recovery-of-premises/,recovery-of-premises,Recovery of Premises in Nigeria,Recovery of Premises in Nigeria,WHAT IS THE CONCEPT OF RECOVERY OF PREMISES UNDER TENANCY LAW The procedure for the recovery of premises is generally,55,4140,selected for Sprint 10L recovery,not currently redirected,yes,yes,recovery-of-premises,/resources/blog/recovery-of-premises,candidate for controlled approval,pending exact article redirect after approval,
23,9529,https://chamanlawfirm.com/legal-title-versus-equity-title/,legal-title-versus-equity-title,Legal Title Versus Equity Title,Legal Title Versus Equity Title,"LEGAL TITLE VERSUS EQUITY TITLE, A legal title refers to the responsibilities and duties the owner has in maintaining, using...",53,4333,selected for Sprint 10L recovery,not currently redirected,yes,no,legal-title-versus-equity-title,/resources/blog/legal-title-versus-equity-title,hidden draft only,do not replace while hidden,No recoverable article-specific image found.
24,61059,https://chamanlawfirm.com/tenancy-dispute-resolution-in-ogun-state/,tenancy-dispute-resolution-in-ogun-state,Tenancy Dispute Resolution In Ogun State,Powerful Steps: tenancy dispute resolution in Ogun / Chaman,tenancy dispute resolution - Learn structured legal procedures for resolving disputes between tenants and landlord in Ogun / Chaman Law Firm,53,2452,selected for Sprint 10L recovery,not currently redirected,yes,yes,tenancy-dispute-resolution-in-ogun-state,/resources/blog/tenancy-dispute-resolution-in-ogun-state,hidden draft only,do not replace while hidden,Possible eviction self-help language requires lawyer review.
25,10122,https://chamanlawfirm.com/what-are-the-requirements-for-compulsory-acquisition-of-land-in-nigeria/,what-are-the-requirements-for-compulsory-acquisition-of-land-in-nigeria,What Are The Requirements For Compulsory Acquisition Of Land In Nigeria,What Are The Requirements For Compulsory Acquisition Of Land In Nigeria,WHAT ARE THE REQUIREMENTS FOR COMPULSORY ACQUISITION OF LAND IN NIGERIA Compulsory acquisition of land shows that there is no totality as regards acquisition of land in Nigeria as enshrined under section 43 of 1999 Con,53,1890,selected for Sprint 10L recovery,not currently redirected,yes,yes,what-are-the-requirements-for-compulsory-acquisition-of-land-in-nigeria,/resources/blog/what-are-the-requirements-for-compulsory-acquisition-of-land-in-nigeria,hidden draft only,do not replace while hidden,Placeholder/plugin debris requires cleanup.
26,37257,https://chamanlawfirm.com/how-to-be-a-good-property-lawyer/,how-to-be-a-good-property-lawyer,What Makes a Good Property Lawyer in Nigeria?,What Makes a Good Property Lawyer in Nigeria?,"How to be a Good Property Lawyer; Becoming a good property lawyer requires more than just academic knowledge and legal qualifications. Property law, also known as real estate law, involves a wide array of complex legal i",53,1644,selected for Sprint 10L recovery,not currently redirected,yes,yes,how-to-be-a-good-property-lawyer,/resources/blog/how-to-be-a-good-property-lawyer,candidate for controlled approval,pending exact article redirect after approval,
27,46463,https://chamanlawfirm.com/court-procedures-and-efficient-case/,court-procedures-and-efficient-case,Court Procedures And Efficient Case,Court Procedures And Efficient Case:,Court Procedures And Efficient Case,51,3513,selected for Sprint 10L recovery,not currently redirected,yes,yes,court-procedures-and-efficient-case,/resources/blog/court-procedures-and-efficient-case,hidden draft only,do not replace while hidden,Meta description may need improvement.
28,61603,https://chamanlawfirm.com/what-is-the-cost-of-perfecting-land-titles/,what-is-the-cost-of-perfecting-land-titles,Cost of Perfecting Land Titles in Nigeria,Powerful Steps: What is the Cost of Perfecting Land Titles,What is the Cost of Perfecting Land Titles in Lekki. Chaman Law Firm provides expert legal guidance for property documentation and registration.,50,3225,selected for Sprint 10L recovery,not currently redirected,yes,yes,what-is-the-cost-of-perfecting-land-titles,/resources/blog/what-is-the-cost-of-perfecting-land-titles,candidate for controlled approval,pending exact article redirect after approval,
29,60537,https://chamanlawfirm.com/how-long-does-it-take-to-get-c-of-o-in-ogun-sta/,how-long-does-it-take-to-get-c-of-o-in-ogun-sta,How Long Does It Take To Get C Of O In Ogun Sta,Powerful Steps: How long does it take to get C of O,"How long does it take to get Certificate of Occupancy (C of O) in Ogun State. Learn key steps, required documents, and avoid common delays.",50,2367,selected for Sprint 10L recovery,not currently redirected,yes,yes,how-long-does-it-take-to-get-c-of-o-in-ogun-sta,/resources/blog/how-long-does-it-take-to-get-c-of-o-in-ogun-sta,hidden draft only,do not replace while hidden,
30,40714,https://chamanlawfirm.com/survey-plans-and-certificates-of-occupancy/,survey-plans-and-certificates-of-occupancy,Survey Plans And Certificates Of Occupancy,Survey Plans And Certificates Of Occupancy; The Crucial Vital Role of Survey Plans and Certificates of Occupancy in Nigerian Property Transactions; Unlock Success,"Survey Plans And Certificates Of Occupancy In the dynamic landscape of real estate in Nigeria, understanding the mechanisms of property transactions is crucial for both...",49,5167,selected for Sprint 10L recovery,not currently redirected,yes,yes,survey-plans-and-certificates-of-occupancy,/resources/blog/survey-plans-and-certificates-of-occupancy,hidden draft only,do not replace while hidden,Placeholder/plugin debris requires cleanup.
31,9419,https://chamanlawfirm.com/powerful-steps-what-is-trespass-to-land/,powerful-steps-what-is-trespass-to-land,Powerful Steps What Is Trespass To Land,Powerful Steps: What is Trespass to Land | Chaman Law Firm,Learn what is trespass to land means under Nigerian law. Chaman Law Firm explains how to protect rights and seek legal remedies for trespass.,48,4325,selected for Sprint 10L recovery,not currently redirected,yes,yes,powerful-steps-what-is-trespass-to-land,/resources/blog/powerful-steps-what-is-trespass-to-land,hidden draft only,do not replace while hidden,Possible eviction self-help language requires lawyer review.
32,9918,https://chamanlawfirm.com/issues-land-grabbing-and-encroachment-in-nigeria/,issues-land-grabbing-and-encroachment-in-nigeria,Issues Land Grabbing And Encroachment In Nigeria,Issues Land Grabbing And Encroachment In Nigeria,"Land grabbing and encroachment are persistent issues in Nigeria, posing significant threats to property owners and investors.",47,2758,selected for Sprint 10L recovery,not currently redirected,yes,yes,issues-land-grabbing-and-encroachment-in-nigeria,/resources/blog/issues-land-grabbing-and-encroachment-in-nigeria,hidden draft only,do not replace while hidden,Placeholder/plugin debris requires cleanup.
33,40248,https://chamanlawfirm.com/guardianship-and-custody-rights-of-minors/,guardianship-and-custody-rights-of-minors,Guardianship And Custody Rights Of Minors,Guardianship And Custody Rights Of Minors; Powerful Insights into Guardianship and Custody Rights of Minors in Nigeria: What Every Parent Must Know,"Guardianship And Custody Rights Of Minors Guardianship and custody rights of minors are fundamental aspects of family law in Nigeria, designed to protect...",46,4831,selected for Sprint 10L recovery,not currently redirected,yes,yes,guardianship-and-custody-rights-of-minors,/resources/blog/guardianship-and-custody-rights-of-minors,hidden draft only,do not replace while hidden,Placeholder/plugin debris requires cleanup.
34,9588,https://chamanlawfirm.com/corporate-affairs-commission-in-nigeria/,corporate-affairs-commission-in-nigeria,Corporate Affairs Commission In Nigeria,The Indispensable Role of the Corporate Affairs Commission in Nigeria,The Indispensable and Transformative Role of the Corporate Affairs Commission in Nigeria,45,11826,selected for Sprint 10L recovery,not currently redirected,yes,yes,corporate-affairs-commission-in-nigeria,/resources/blog/corporate-affairs-commission-in-nigeria,hidden draft only,do not replace while hidden,Meta description may need improvement.
35,61830,https://chamanlawfirm.com/deed-of-assignment-guide-to-register/,deed-of-assignment-guide-to-register,Guide to Registering a Deed of Assignment in Nigeria,Powerful Steps: Deed of Assignment - Guide to Register,"Deed of Assignment - step-by-step guide to get it registered the right way, legally / efficiently, from document preparation to final registration",45,3527,selected for Sprint 10L recovery,not currently redirected,yes,yes,deed-of-assignment-guide-to-register,/resources/blog/deed-of-assignment-guide-to-register,candidate for controlled approval,pending exact article redirect after approval,
36,61901,https://chamanlawfirm.com/title-documents-much-does-it-cost-in-lagos/,title-documents-much-does-it-cost-in-lagos,Title Documents Much Does It Cost In Lagos,Powerful Steps: Title Documents - Much Does It Cost in Lagos,Title Documents - Much Does It Cost in Lagos - Understanding the costs involved in perfecting your title documents is crucial / Chaman Law Firm,45,2130,selected for Sprint 10L recovery,not currently redirected,yes,yes,title-documents-much-does-it-cost-in-lagos,/resources/blog/title-documents-much-does-it-cost-in-lagos,hidden draft only,do not replace while hidden,Placeholder/plugin debris requires cleanup.
37,40060,https://chamanlawfirm.com/corporate-governance-challenges-in-companies/,corporate-governance-challenges-in-companies,Corporate Governance Challenges In Companies,Corporate Governance Challenges In Companies; Corporate Governance Practices in Nigerian Companies Challenges and Best Practices,Corporate Governance Challenges In Companies,44,2785,selected for Sprint 10L recovery,not currently redirected,yes,yes,corporate-governance-challenges-in-companies,/resources/blog/corporate-governance-challenges-in-companies,hidden draft only,do not replace while hidden,Meta description may need improvement.
38,10041,https://chamanlawfirm.com/what-is-the-importance-of-certifi-occupancy/,what-is-the-importance-of-certifi-occupancy,What Is The Importance Of Certifi Occupancy,What Is The Importance Of Certifi Occupancy,Introduction WHAT IS THE IMPORTANCE OF CERTIFICATE OF OCCUPANCY The enactment of the Land Use Act 1978 birthed a new system where all lands within the territory of a state are vested in the governor of that state who s,44,2769,selected for Sprint 10L recovery,not currently redirected,yes,yes,what-is-the-importance-of-certifi-occupancy,/resources/blog/what-is-the-importance-of-certifi-occupancy,hidden draft only,do not replace while hidden,Placeholder/plugin debris requires cleanup.
39,9908,https://chamanlawfirm.com/obtaining-a-c-of-o-in-ogun-state/,obtaining-a-c-of-o-in-ogun-state,Obtaining a Certificate of Occupancy in Ogun State,Proven Steps: Obtaining a C of O in Ogun State,Obtaining a C of O in Ogun State with this comprehensive guide. Chaman Law Firm provides expert legal guidance.,44,1661,selected for Sprint 10L recovery,/resources/blog/obtaining-a-c-of-o-in-ogun-state,yes,yes,obtaining-a-c-of-o-in-ogun-state,/resources/blog/obtaining-a-c-of-o-in-ogun-state,hidden draft only,do not replace while hidden,
40,9929,https://chamanlawfirm.com/proven-steps-on-land-allocation-and-ownership/,proven-steps-on-land-allocation-and-ownership,Land Allocation and Ownership in Nigeria,Proven Steps on Land Allocation and Ownership,Traditional institutions in Nigeria play a pivotal role in land allocation and ownership. This comprehensive guide explores the significance of these,43,4282,selected for Sprint 10L recovery,not currently redirected,yes,yes,proven-steps-on-land-allocation-and-ownership,/resources/blog/proven-steps-on-land-allocation-and-ownership,candidate for controlled approval,pending exact article redirect after approval,
41,9281,https://chamanlawfirm.com/land-use-act-and-its-role-in-land-allocation/,land-use-act-and-its-role-in-land-allocation,Land Use Act and Its Role in Land Allocation,Powerful Steps: Land Use Act and Its Role in Land Allocation,"the Land Use Act and Its Role in Land Allocation for public-private partnership projects, focusing on legal frameworks and development goals.",42,8050,selected for Sprint 10L recovery,not currently redirected,yes,yes,land-use-act-and-its-role-in-land-allocation,/resources/blog/land-use-act-and-its-role-in-land-allocation,candidate for controlled approval,pending exact article redirect after approval,
42,38727,https://chamanlawfirm.com/legal-aspects-of-employment-contracts/,legal-aspects-of-employment-contracts,Legal Aspects of Employment Contracts in Nigeria,Legal Aspects Of Employment Contracts; Legal Aspects of Employment Contracts and Agreements: A Comprehensive Guide,Legal Aspects Of Employment Contracts Employment contracts and agreements are fundamental elements of the employer-employee relationship...,42,3156,selected for Sprint 10L recovery,/resources/blog/legal-aspects-of-employment-contracts,yes,yes,legal-aspects-of-employment-contracts,/resources/blog/legal-aspects-of-employment-contracts,hidden draft only,do not replace while hidden,
43,62855,https://chamanlawfirm.com/how-do-i-draft-tenancy-agreement-in-lagos/,how-do-i-draft-tenancy-agreement-in-lagos,How to Draft a Tenancy Agreement in Lagos,Powerful Steps: Tenancy Agreement in Lagos/ Chaman Law Firm,"How do I draft Tenancy Agreement / Lagos - Learn the key clauses, legal requirements, and expert tips for landlords and tenants. /Chaman Law Firm",42,2419,selected for Sprint 10L recovery,not currently redirected,yes,yes,how-do-i-draft-tenancy-agreement-in-lagos,/resources/blog/how-do-i-draft-tenancy-agreement-in-lagos,candidate for controlled approval,pending exact article redirect after approval,
44,60198,https://chamanlawfirm.com/probate-vs-letter-of-administration-in-nigeria-key-differences-you-must-know/,probate-vs-letter-of-administration-in-nigeria-key-differences-you-must-know,Probate vs Letters of Administration in Nigeria,Probate vs Letters of Administration in Nigeria,"Explore the key differences between probate vs letter of administration in Nigeria, covering procedures, documents, timelines, and guidance.",41,3348,selected for Sprint 10L recovery,/resources/blog/probate-vs-letter-of-administration-in-nigeria-key-differences-you-must-know,yes,yes,probate-vs-letter-of-administration-in-nigeria-key-differences-you-must-know,/resources/blog/probate-vs-letter-of-administration-in-nigeria-key-differences-you-must-know,hidden draft only,do not replace while hidden,
45,9791,https://chamanlawfirm.com/how-to-appoint-a-company-secretary-in-nigeria/,how-to-appoint-a-company-secretary-in-nigeria,How to Appoint a Company Secretary in Nigeria,How to Appoint a Company Secretary in Nigeria,"HOW TO APPOINT A COMPANY SECRETARY IN NIGERIA, According to the terms of Section 293 of the Companies and Allied Matters Act",41,2758,selected for Sprint 10L recovery,/resources/blog/how-to-appoint-a-company-secretary-in-nigeria,yes,yes,how-to-appoint-a-company-secretary-in-nigeria,/resources/blog/how-to-appoint-a-company-secretary-in-nigeria,hidden draft only,do not replace while hidden,
46,9505,https://chamanlawfirm.com/company-management-in-nigeria/,company-management-in-nigeria,Company Management in Nigeria,Company Management in Nigeria,"Company Management in Nigeria, with so many problems plaguing the corporate sector of so many economies today",39,3037,selected for Sprint 10L recovery,not currently redirected,yes,yes,company-management-in-nigeria,/resources/blog/company-management-in-nigeria,candidate for controlled approval,pending exact article redirect after approval,
47,44472,https://chamanlawfirm.com/accountability-in-corporate-governance/,accountability-in-corporate-governance,Accountability in Corporate Governance in Nigeria,Role of Transparency and accountability in corporate governance,"Accountability in Corporate governance refers to the systems, principles, and processes by which a corporation is directed and controlled.",38,7713,selected for Sprint 10L recovery,/resources/blog/accountability-in-corporate-governance,yes,yes,accountability-in-corporate-governance,/resources/blog/accountability-in-corporate-governance,hidden draft only,do not replace while hidden,
48,10251,https://chamanlawfirm.com/0btain-guide-on-how-to-obtain-tax/,0btain-guide-on-how-to-obtain-tax,0btain Guide On How To Obtain Tax,0btain Guide On How To Obtain Tax,GUIDE ON HOW TO OBTAIN TAX CLEARANCE CERTIFICATE IN NIGERIA,38,5053,selected for Sprint 10L recovery,not currently redirected,yes,yes,0btain-guide-on-how-to-obtain-tax,/resources/blog/0btain-guide-on-how-to-obtain-tax,hidden draft only,do not replace while hidden,Meta description may need improvement.
49,9276,https://chamanlawfirm.com/business-name-and-a-company-limited-by-shares/,business-name-and-a-company-limited-by-shares,Business Name vs Company Limited by Shares in Nigeria,Powerful: Business Name and a Company Limited by Shares,"the differences between a Business Name and a Company Limited by Shares in Nigeria, including liability, structure, and registration process.",38,4129,selected for Sprint 10L recovery,/resources/blog/business-name-and-a-company-limited-by-shares,yes,yes,business-name-and-a-company-limited-by-shares,/resources/blog/business-name-and-a-company-limited-by-shares,hidden draft only,do not replace while hidden,
50,51417,https://chamanlawfirm.com/legalimplicationsof-co-ownership-of-property/,legalimplicationsof-co-ownership-of-property,Legal Implications of Co-Ownership of Property in Nigeria,Legal Implications of Co-Ownership of Property in Nigeria,"Co-owning property is an increasingly common arrangement in Nigeria, especially among families, business partners, and investors. While this approach can be an excellent way to share financial responsibilities and mana",38,3026,selected for Sprint 10L recovery,not currently redirected,yes,yes,legalimplicationsof-co-ownership-of-property,/resources/blog/legalimplicationsof-co-ownership-of-property,candidate for controlled approval,pending exact article redirect after approval,
51,63101,https://chamanlawfirm.com/lagos-inheritance-law-explained-family-rights/,lagos-inheritance-law-explained-family-rights,Lagos Inheritance Law and Family Property Rights,Powerful Steps:Lagos Inheritance Law Explained,"Lagos Inheritance Law Explained: Family Inheritance Rights - Learn how property is shared, who is entitled, and what families should know",37,3481,selected for Sprint 10L recovery,not currently redirected,yes,yes,lagos-inheritance-law-explained-family-rights,/resources/blog/lagos-inheritance-law-explained-family-rights,candidate for controlled approval,pending exact article redirect after approval,
52,51390,https://chamanlawfirm.com/roles-of-a-property-lawyer-in-real-estate/,roles-of-a-property-lawyer-in-real-estate,Roles of a Property Lawyer in Real Estate Transactions,Roles of a Property Lawyer in Real Estate Transactions,"Introduction When engaging in real estate transactions, whether buying, selling, or leasing property, the complexity of the process can be overwhelming. Legalities surrounding land titles, contracts, and property right",37,2277,selected for Sprint 10L recovery,not currently redirected,yes,yes,roles-of-a-property-lawyer-in-real-estate,/resources/blog/roles-of-a-property-lawyer-in-real-estate,candidate for controlled approval,pending exact article redirect after approval,
53,61430,https://chamanlawfirm.com/understanding-the-ogun-anti-land-grabbing-law/,understanding-the-ogun-anti-land-grabbing-law,Understanding The Ogun Anti Land Grabbing Law,Powerful Steps: Understanding Anti-Land Grabbing Law,"Understanding the Ogun State Anti-Land Grabbing Law - your rights under it, how to report and prosecute offenders. / Chaman Law Firm",37,2230,selected for Sprint 10L recovery,not currently redirected,yes,yes,understanding-the-ogun-anti-land-grabbing-law,/resources/blog/understanding-the-ogun-anti-land-grabbing-law,hidden draft only,do not replace while hidden,"Disallowed Chaman Properties, luxury, casino, or off-brand signal detected."
54,51715,https://chamanlawfirm.com/verify-a-property-title-in-lagos/,verify-a-property-title-in-lagos,How to Verify a Property Title in Lagos,Powerful Ways of Verify a Property Title in Lagos,"Chaman Law Firm can Verify a Property Title in Lagos, ensuring secure transactions, legal compliance, and peace of mind for your investment",36,2766,selected for Sprint 10L recovery,/resources/blog/verify-a-property-title-in-lagos,yes,yes,verify-a-property-title-in-lagos,/resources/blog/verify-a-property-title-in-lagos,hidden draft only,do not replace while hidden,
55,51594,https://chamanlawfirm.com/how-tohandle-land-disputes-withfamilymembers/,how-tohandle-land-disputes-withfamilymembers,How to Handle Land Disputes With Family Members,How to Handle Land Disputes With Family Members,"Introduction Family land disputes are a common challenge in Nigeria, especially in situations involving inheritance, unclear ownership, or lack of proper documentation. These disputes can escalate quickly, leading to s",36,1452,selected for Sprint 10L recovery,not currently redirected,yes,yes,how-tohandle-land-disputes-withfamilymembers,/resources/blog/how-tohandle-land-disputes-withfamilymembers,candidate for controlled approval,pending exact article redirect after approval,
56,60310,https://chamanlawfirm.com/what-is-the-cost-of-perfecting-land-title/,what-is-the-cost-of-perfecting-land-title,Cost of Perfecting a Land Title in Nigeria,Powerful Steps: What Is the Cost of Perfecting Land Title,"What Is the Cost of Perfecting Land Title in Ogun State, Nigeria, including fees, requirements, and legal process explained by Chaman Law Firm.",35,1152,selected for Sprint 10L recovery,not currently redirected,yes,yes,what-is-the-cost-of-perfecting-land-title,/resources/blog/what-is-the-cost-of-perfecting-land-title,candidate for controlled approval,pending exact article redirect after approval,
57,9852,https://chamanlawfirm.com/police-clearance-certificate-pcc-in-nigeria/,police-clearance-certificate-pcc-in-nigeria,Police Clearance Certificate Pcc In Nigeria,Police Clearance Certificate Pcc In Nigeria,"Police clearance certificate (PCC), also known as Police Certificate, Police Report, good conduct certificate or good citizen certificate....",34,6801,selected for Sprint 10L recovery,not currently redirected,yes,yes,police-clearance-certificate-pcc-in-nigeria,/resources/blog/police-clearance-certificate-pcc-in-nigeria,hidden draft only,do not replace while hidden,
58,9886,https://chamanlawfirm.com/what-makes-up-a-valid-employment-contract/,what-makes-up-a-valid-employment-contract,What Makes a Valid Employment Contract in Nigeria?,Understanding a valid employment contract in nigeria,Understanding the elements that make a valid employment contract is crucial for both employers and employees to protect their rights and interests.,34,6037,selected for Sprint 10L recovery,/resources/blog/what-makes-up-a-valid-employment-contract,yes,yes,what-makes-up-a-valid-employment-contract,/resources/blog/what-makes-up-a-valid-employment-contract,hidden draft only,do not replace while hidden,
59,62873,https://chamanlawfirm.com/legal-process-for-tenant-eviction-in-lagos/,legal-process-for-tenant-eviction-in-lagos,Legal Process For Tenant Eviction In Lagos,Powerful Steps: Legal Process for Tenant Eviction in Lagos,"Legal Process for Tenant Eviction in Lagos - Understand notices, court procedures, and avoid unlawful eviction / protect your rights as a landlord.",34,4781,selected for Sprint 10L recovery,not currently redirected,yes,yes,legal-process-for-tenant-eviction-in-lagos,/resources/blog/legal-process-for-tenant-eviction-in-lagos,hidden draft only,do not replace while hidden,Possible eviction self-help language requires lawyer review.
60,62892,https://chamanlawfirm.com/letters-of-administration-in-lagos-state/,letters-of-administration-in-lagos-state,Letters of Administration in Lagos State,Powerful Steps: Letters of Administration in Lagos,"Procedure for Letters of Administration in Lagos State - Understand the process, required documents, and probate court procedures.",34,2300,selected for Sprint 10L recovery,not currently redirected,yes,yes,letters-of-administration-in-lagos-state,/resources/blog/letters-of-administration-in-lagos-state,candidate for controlled approval,pending exact article redirect after approval,
61,62886,https://chamanlawfirm.com/tenant-rights-during-property-sale-in-lagos/,tenant-rights-during-property-sale-in-lagos,Tenant Rights During Property Sale In Lagos,Powerful Steps: Tenant Rights During Property Sale in Lagos,"Tenant Rights During Property Sale in Lagos -Learn your legal protections, notice requirements, / next steps. Know the tenant’s rights before you act",34,2046,selected for Sprint 10L recovery,not currently redirected,yes,yes,tenant-rights-during-property-sale-in-lagos,/resources/blog/tenant-rights-during-property-sale-in-lagos,hidden draft only,do not replace while hidden,Possible eviction self-help language requires lawyer review.
62,9829,https://chamanlawfirm.com/what-are-the-tax-disputes-in-nigeria/,what-are-the-tax-disputes-in-nigeria,What Are The Tax Disputes In Nigeria,What Are The Tax Disputes In Nigeria,WHAT ARE THE TAX DISPUTES IN NIGERIA AND HOW CAN IT BE RESOLVED Tax disputes in Nigeria are primarily resolved by the courts and,34,1207,selected for Sprint 10L recovery,not currently redirected,yes,yes,what-are-the-tax-disputes-in-nigeria,/resources/blog/what-are-the-tax-disputes-in-nigeria,hidden draft only,do not replace while hidden,
63,9268,https://chamanlawfirm.com/procedure-for-company-registration-in-nigeria/,procedure-for-company-registration-in-nigeria,Procedure for Company Registration in Nigeria,Proven Steps: Procedure for Company Registration in Nigeria,"the Procedure for Company Registration in Nigeria, including required documents, CAC steps, and legal guidelines for setting up a business.",33,16443,selected for Sprint 10L recovery,not currently redirected,yes,yes,procedure-for-company-registration-in-nigeria,/resources/blog/procedure-for-company-registration-in-nigeria,candidate for controlled approval,pending exact article redirect after approval,
64,10169,https://chamanlawfirm.com/a-complete-guide-on-how-to-register-a-company-in-nigeria/,a-complete-guide-on-how-to-register-a-company-in-nigeria,Complete Guide to Registering a Company in Nigeria,Complete Guide to Registering a Company in Nigeria,A COMPLETE GUIDE ON HOW TO REGISTER A COMPANY IN NIGERIA The Corporate Affairs Commission is given the responsibility of registering companies in Nigeria. This body was setup by the Companies and Allied Matters Act (CA,33,6603,selected for Sprint 10L recovery,not currently redirected,yes,yes,a-complete-guide-on-how-to-register-a-company-in-nigeria,/resources/blog/a-complete-guide-on-how-to-register-a-company-in-nigeria,candidate for controlled approval,pending exact article redirect after approval,
65,39767,https://chamanlawfirm.com/property-ownership-structures-in-nigeria/,property-ownership-structures-in-nigeria,Property Ownership Structures In Nigeria,Property Ownership Structures in Nigeria; Ultimate Guide to Successfully Understand Property Ownership in Nigeria: Freehold vs. Leasehold Explained,"Property Ownership Structures in Nigeria Investing in real estate is a significant endeavor, especially in a rapidly developing market like Nigeria. One of the first...",33,4189,selected for Sprint 10L recovery,not currently redirected,yes,yes,property-ownership-structures-in-nigeria,/resources/blog/property-ownership-structures-in-nigeria,hidden draft only,do not replace while hidden,Misleading free-service language requires manual revision.; Placeholder/plugin debris requires cleanup.
66,10136,https://chamanlawfirm.com/how-to-apply-for-certificate-of-occupancy-in-lagos-state-nigeria/,how-to-apply-for-certificate-of-occupancy-in-lagos-state-nigeria,How to Apply for Certificate of Occupancy in Lagos State,How to Apply for Certificate of Occupancy in Lagos State,A Certificate of Occupancy (C of O) is a legal document that proves ownership of a property and is issued by the Lagos State government in Nigeria. It is a crucial document for any property owner as it serves as proof,33,2513,selected for Sprint 10L recovery,not currently redirected,yes,yes,how-to-apply-for-certificate-of-occupancy-in-lagos-state-nigeria,/resources/blog/how-to-apply-for-certificate-of-occupancy-in-lagos-state-nigeria,candidate for controlled approval,pending exact article redirect after approval,
67,38345,https://chamanlawfirm.com/maritime-contracts-in-nigeria/,maritime-contracts-in-nigeria,Maritime Contracts In Nigeria,Maritime Contracts In Nigeria; Powerful Keys In Resolving Disputes in Maritime Contracts in Nigeria; A Deep Insight,"Maritime Contracts In Nigeria Maritime contracts form the backbone of Nigeria’s thriving shipping and logistics industry, facilitating the transport of goods...",32,714,selected for Sprint 10L recovery,not currently redirected,yes,yes,maritime-contracts-in-nigeria,/resources/blog/maritime-contracts-in-nigeria,hidden draft only,do not replace while hidden,Placeholder/plugin debris requires cleanup.
68,39745,https://chamanlawfirm.com/land-use-planning-and-development-regulation/,land-use-planning-and-development-regulation,Land Use Planning And Development Regulation,Land Use Planning And Development Regulation ;Crucial Guide: Navigating the Successful Complex Maze of Land Use Planning and Development Regulations in Nigeria,Land Use Planning And Development Regulation Land use planning and development regulations are crucial components of effective urban management and sustainable...,31,8525,selected for Sprint 10L recovery,not currently redirected,yes,yes,land-use-planning-and-development-regulation,/resources/blog/land-use-planning-and-development-regulation,hidden draft only,do not replace while hidden,Placeholder/plugin debris requires cleanup.
69,37419,https://chamanlawfirm.com/taxation-vat-and-other-indirect-taxes-in-nigeria/,taxation-vat-and-other-indirect-taxes-in-nigeria,VAT and Other Indirect Taxes in Nigeria,VAT and other indirect taxes in Nigeria; 7 Shocking Reality: Taxation—VAT and Other Indirect Taxes in Nigeria,VAT and other indirect taxes in Nigeria; 7 Shocking Reality: Taxation—VAT and Other Indirect Taxes in Nigeria,31,5149,selected for Sprint 10L recovery,not currently redirected,yes,yes,taxation-vat-and-other-indirect-taxes-in-nigeria,/resources/blog/taxation-vat-and-other-indirect-taxes-in-nigeria,candidate for controlled approval,pending exact article redirect after approval,
70,9302,https://chamanlawfirm.com/transfer-land-ownership-and-land-document/,transfer-land-ownership-and-land-document,Transfer of Land Ownership and Land Documents in Nigeria,Proven Steps: Transfer Land Ownership and Land Document,"how to Transfer Land Ownership and Land Documents in Nigeria, covering legal procedures, required paperwork, and important registration steps.",31,4725,selected for Sprint 10L recovery,not currently redirected,yes,yes,transfer-land-ownership-and-land-document,/resources/blog/transfer-land-ownership-and-land-document,candidate for controlled approval,pending exact article redirect after approval,
71,48295,https://chamanlawfirm.com/property-valuation-in-nigerian-real-estate/,property-valuation-in-nigerian-real-estate,Property Valuation In Nigerian Real Estate,Property Valuation In Nigerian Real Estate: Critical Importance of Property Valuation in Nigerian Real Estate Transactions,"Property Valuation In Nigerian Real Estate In the dynamic landscape of Nigerian real estate, property valuation plays a crucial role in ensuring fair and transparent transactions...",31,3632,selected for Sprint 10L recovery,not currently redirected,yes,yes,property-valuation-in-nigerian-real-estate,/resources/blog/property-valuation-in-nigerian-real-estate,hidden draft only,do not replace while hidden,
72,9265,https://chamanlawfirm.com/registration-of-a-money-lending-company/,registration-of-a-money-lending-company,Registration Of A Money Lending Company,Proven step: Registration of a Money Lending Company,"the requirement and procedure for Registration of a Money Lending Company in Nigeria, including licensing, documentation, and regulatory steps",31,3279,selected for Sprint 10L recovery,not currently redirected,yes,yes,registration-of-a-money-lending-company,/resources/blog/registration-of-a-money-lending-company,hidden draft only,do not replace while hidden,
73,39851,https://chamanlawfirm.com/how-to-conduct-due-diligence-in-nigeria/,how-to-conduct-due-diligence-in-nigeria,How To Conduct Due Diligence In Nigeria,How To Conduct Due Diligence In Nigeria; Essential Guide to Avoiding Costly Mistakes: How to Conduct Due Diligence Before Buying Property in Nigeria,"How To Conduct Due Diligence In Nigeria Due Diligence: Investing in real estate is often seen as a pathway to financial stability and growth, especially in a dynamic...",31,2640,selected for Sprint 10L recovery,not currently redirected,yes,yes,how-to-conduct-due-diligence-in-nigeria,/resources/blog/how-to-conduct-due-diligence-in-nigeria,hidden draft only,do not replace while hidden,"Disallowed Chaman Properties, luxury, casino, or off-brand signal detected.; Placeholder/plugin debris requires cleanup."
74,50002,https://chamanlawfirm.com/4-proven-steps-on-how-to-enforce-a-contract/,4-proven-steps-on-how-to-enforce-a-contract,4 Proven Steps On How To Enforce A Contract,4 Proven Steps On How To Enforce A Contract,"Introduction Contracts are fundamental to business dealings and personal agreements in Nigeria. However, when one party fails to fulfill its obligations, enforcing the terms of the contract becomes necessary. Knowing h",31,2181,selected for Sprint 10L recovery,not currently redirected,yes,yes,4-proven-steps-on-how-to-enforce-a-contract,/resources/blog/4-proven-steps-on-how-to-enforce-a-contract,hidden draft only,do not replace while hidden,
75,9638,https://chamanlawfirm.com/defense-of-fair-dealing-in-nigeria-copyright/,defense-of-fair-dealing-in-nigeria-copyright,Defense Of Fair Dealing In Nigeria Copyright,Defense Of Fair Dealing In Nigeria Copyright,"DEFENSE OF FAIR DEALING IN NIGERIA COPYRIGHT In Nigeria, fair dealing is not defined under the Nigerian Copyright Act, but is mentioned under the Second Schedule to the Act. In Hubbard v. Vosper, Lord Denning enthused:",31,1078,selected for Sprint 10L recovery,not currently redirected,yes,yes,defense-of-fair-dealing-in-nigeria-copyright,/resources/blog/defense-of-fair-dealing-in-nigeria-copyright,hidden draft only,do not replace while hidden,
76,49794,https://chamanlawfirm.com/7-step-citizenship-application-in-nigeria/,7-step-citizenship-application-in-nigeria,7 Step Citizenship Application In Nigeria,7 Step Citizenship Application In Nigeria,"Introduction Acquiring citizenship in Nigeria can be a significant milestone for many individuals, whether for personal, professional, or legal reasons. The process involves navigating complex legal requirements and un",30,12964,selected for Sprint 10L recovery,not currently redirected,yes,yes,7-step-citizenship-application-in-nigeria,/resources/blog/7-step-citizenship-application-in-nigeria,hidden draft only,do not replace while hidden,
77,9272,https://chamanlawfirm.com/how-to-increase-a-company-share/,how-to-increase-a-company-share,How To Increase A Company Share,How To Increase A Company Share,Proven Strategies to Increase Your Company's Share Capital,30,2892,selected for Sprint 10L recovery,not currently redirected,yes,yes,how-to-increase-a-company-share,/resources/blog/how-to-increase-a-company-share,hidden draft only,do not replace while hidden,Meta description may need improvement.
78,63176,https://chamanlawfirm.com/what-tenancy-laws-apply-to-landlords/,what-tenancy-laws-apply-to-landlords,What Tenancy Laws Apply To Landlords,Powerful Steps: What Tenancy Laws Apply to Landlords,Learn What Tenancy Laws Apply to Landlords in Ikoyi. Chaman Law Firm offers expert legal guidance on rental rights and compliance.,30,2123,selected for Sprint 10L recovery,not currently redirected,yes,yes,what-tenancy-laws-apply-to-landlords,/resources/blog/what-tenancy-laws-apply-to-landlords,hidden draft only,do not replace while hidden,Possible eviction self-help language requires lawyer review.
79,60930,https://chamanlawfirm.com/land-use-charge-in-ogun-state-chaman-law-firm/,land-use-charge-in-ogun-state-chaman-law-firm,Land Use Charge In Ogun State Chaman Law Firm,Powerful Steps: Land Use Charge in Ogun / Chaman Law Firm,"Curious about Land Use Charge in Ogun State? Learn what Land Use Charge means, who is liable to pay it, how it’s calculated, and how to comply.",30,1882,selected for Sprint 10L recovery,not currently redirected,yes,yes,land-use-charge-in-ogun-state-chaman-law-firm,/resources/blog/land-use-charge-in-ogun-state-chaman-law-firm,hidden draft only,do not replace while hidden,
80,10017,https://chamanlawfirm.com/consequences-of-fail-to-pay-taxes-in-nigeria/,consequences-of-fail-to-pay-taxes-in-nigeria,Consequences Of Fail To Pay Taxes In Nigeria,Consequences Of Fail To Pay Taxes In Nigeria,"Introduction CONSEQUENCES OF FAILURE TO PAY TAXES IN NIGERIA Tax Avoidance and Tax Evasion are both types of tax noncompliance; the difference between the two phrases is whether one is lawful, and the other is not. Tax",30,1693,selected for Sprint 10L recovery,not currently redirected,yes,yes,consequences-of-fail-to-pay-taxes-in-nigeria,/resources/blog/consequences-of-fail-to-pay-taxes-in-nigeria,hidden draft only,do not replace while hidden,
81,62181,https://chamanlawfirm.com/consequences-of-not-paying-land-use-charge/,consequences-of-not-paying-land-use-charge,Consequences Of Not Paying Land Use Charge,Powerful Steps: Consequences of Not Paying Land Use Charge,"Consequences of Not Paying Land Use Charge in Lagos -Learn about the fines, penalties, and potential legal actions from the state government.",30,1506,selected for Sprint 10L recovery,not currently redirected,yes,no,consequences-of-not-paying-land-use-charge,/resources/blog/consequences-of-not-paying-land-use-charge,hidden draft only,do not replace while hidden,"Disallowed Chaman Properties, luxury, casino, or off-brand signal detected."
82,61914,https://chamanlawfirm.com/survey-plan-registration-how-do-i-process-it/,survey-plan-registration-how-do-i-process-it,Survey Plan Registration How Do I Process It,Powerful Steps: Survey Plan Registration-How Do I Process it,"Survey Plan Registration-How Do I Process it- know what a survey plan is, why it's important, and how to successfully get it registered in Lagos",29,2986,selected for Sprint 10L recovery,not currently redirected,yes,yes,survey-plan-registration-how-do-i-process-it,/resources/blog/survey-plan-registration-how-do-i-process-it,hidden draft only,do not replace while hidden,Possible eviction self-help language requires lawyer review.
83,9289,https://chamanlawfirm.com/how-to-open-a-company-bank-account-in-nigeria/,how-to-open-a-company-bank-account-in-nigeria,How To Open A Company Bank Account In Nigeria,Proven Steps: How to Open a Company Bank Account in Nigeria,"Discover How to Open a Company Bank Account in Nigeria, including required documents, legal steps, and guidelines for corporate account setup",28,15765,selected for Sprint 10L recovery,not currently redirected,yes,yes,how-to-open-a-company-bank-account-in-nigeria,/resources/blog/how-to-open-a-company-bank-account-in-nigeria,hidden draft only,do not replace while hidden,
84,10020,https://chamanlawfirm.com/how-to-terminate-a-tenancy-relationship-in/,how-to-terminate-a-tenancy-relationship-in,How To Terminate A Tenancy Relationship In,How To Terminate A Tenancy Relationship In,Introduction Determination of tenancy can be defined as a formal termination of the tenancy relationship by the landlord through the service of a quit notice on the tenant. Upon the expiration of the date stated in the,28,6004,selected for Sprint 10L recovery,not currently redirected,yes,yes,how-to-terminate-a-tenancy-relationship-in,/resources/blog/how-to-terminate-a-tenancy-relationship-in,hidden draft only,do not replace while hidden,
85,9300,https://chamanlawfirm.com/obtaining-a-certificate-of-occupancy/,obtaining-a-certificate-of-occupancy,Obtaining A Certificate Of Occupancy,The best way to obtain Certificate of Occupancy in Nigeria,"Certificate of Occupancy In Nigeria, for a person to successfully establish ownership or acquisition of land or landed property,",28,3256,selected for Sprint 10L recovery,not currently redirected,yes,yes,obtaining-a-certificate-of-occupancy,/resources/blog/obtaining-a-certificate-of-occupancy,hidden draft only,do not replace while hidden,
86,51638,https://chamanlawfirm.com/legal-implications-of-overstaying-a-visa-inn/,legal-implications-of-overstaying-a-visa-inn,Legal Implications Of Overstaying A Visa Inn,LEGAL IMPLICATIONS OF OVERSTAYING A VISA IN NIGERIA: CONSEQU,"Overstaying a visa in any country is a significant legal issue, and Nigeria is no exception. As one of Africa's largest economies and hub for business, tourism,",28,3039,selected for Sprint 10L recovery,not currently redirected,yes,yes,legal-implications-of-overstaying-a-visa-inn,/resources/blog/legal-implications-of-overstaying-a-visa-inn,hidden draft only,do not replace while hidden,
87,44533,https://chamanlawfirm.com/nigerian-citizens-in-government-surveillance/,nigerian-citizens-in-government-surveillance,Nigerian Citizens In Government Surveillance,Nigerian Citizens In Government Surveillance; Shocking Truth Unveiled: Know Your Legal Rights Against Government Surveillance in Nigeria,"Nigerian Citizens In Government Surveillance Government surveillance programs are established to enhance national security, prevent crime, and maintain public order...",28,2801,selected for Sprint 10L recovery,not currently redirected,yes,yes,nigerian-citizens-in-government-surveillance,/resources/blog/nigerian-citizens-in-government-surveillance,hidden draft only,do not replace while hidden,
88,39042,https://chamanlawfirm.com/corporate-governance-and-business-ethics/,corporate-governance-and-business-ethics,Corporate Governance And Business Ethics,Corporate Governance And Business Ethics; The Powerful Role of Corporate Governance in Transforming Business Ethics and Integrity,Corporate Governance And Business Ethics The Powerful Role of Corporate Governance in Transforming Business Ethics and Integrity...,27,8603,selected for Sprint 10L recovery,not currently redirected,yes,yes,corporate-governance-and-business-ethics,/resources/blog/corporate-governance-and-business-ethics,hidden draft only,do not replace while hidden,
89,48721,https://chamanlawfirm.com/7-steps-on-how-to-use-small-claims-court/,7-steps-on-how-to-use-small-claims-court,7 Steps On How To Use Small Claims Court,7 Steps On How To Use Small Claims Court,"Introduction Debt recovery is a significant concern for individuals and businesses alike, particularly when the amounts involved are relatively small. Pursuing debt through traditional legal channels can be time-consum",27,5965,selected for Sprint 10L recovery,not currently redirected,yes,yes,7-steps-on-how-to-use-small-claims-court,/resources/blog/7-steps-on-how-to-use-small-claims-court,hidden draft only,do not replace while hidden,
90,51368,https://chamanlawfirm.com/legal-requirementsfor-registering-a-property/,legal-requirementsfor-registering-a-property,Legal Requirementsfor Registering A Property,Legal Requirementsfor Registering A Property,Introduction Registering a property in Nigeria is a critical step for anyone venturing into real estate. This process goes beyond merely acquiring a property; it ensures your ownership is legally recognized and protect,27,2830,selected for Sprint 10L recovery,not currently redirected,yes,yes,legal-requirementsfor-registering-a-property,/resources/blog/legal-requirementsfor-registering-a-property,hidden draft only,do not replace while hidden,
91,51114,https://chamanlawfirm.com/cyber-crime-awareness-campaigns-10-powerful/,cyber-crime-awareness-campaigns-10-powerful,Cyber Crime Awareness Campaigns 10 Powerful,Cyber Crime Awareness Campaigns 10 Powerful,"Introduction In an age where our lives are increasingly intertwined with the digital realm, the threat of cyber crime looms large. Cyber criminals exploit vulnerabilities in technology to perpetrate a range of illegal",27,2356,selected for Sprint 10L recovery,not currently redirected,yes,yes,cyber-crime-awareness-campaigns-10-powerful,/resources/blog/cyber-crime-awareness-campaigns-10-powerful,hidden draft only,do not replace while hidden,
92,61328,https://chamanlawfirm.com/inheritance-rights-under-ogun-customary-law/,inheritance-rights-under-ogun-customary-law,Inheritance Rights Under Ogun Customary Law,Powerful Steps: Inheritance Rights Under Ogun Customary Law,Curious about inheritance rights under customary law in Ogun State? Discover how property is shared and who qualifies as an heir under tradition.,27,1938,selected for Sprint 10L recovery,not currently redirected,yes,yes,inheritance-rights-under-ogun-customary-law,/resources/blog/inheritance-rights-under-ogun-customary-law,hidden draft only,do not replace while hidden,
93,63108,https://chamanlawfirm.com/family-property-disputes-in-lagos/,family-property-disputes-in-lagos,Family Property Disputes In Lagos,Powerful Steps: Family Property Disputes in Lagos,"Family Property Disputes in Lagos: Learn the key legal principles that determine who can sell, manage, or claim family property / Chaman Law Firm",27,1214,selected for Sprint 10L recovery,not currently redirected,yes,yes,family-property-disputes-in-lagos,/resources/blog/family-property-disputes-in-lagos,hidden draft only,do not replace while hidden,
94,48403,https://chamanlawfirm.com/defenses-and-bars-to-a-petition-for-divorce/,defenses-and-bars-to-a-petition-for-divorce,Defenses And Bars To A Petition For Divorce,Proven Steps: Defenses and Bars to a Petition for Divorce,"Defenses and Bars to a Petition for Divorce, the court has discretion whether or not to dissolve the marriage if one of the defenses....",27,1113,selected for Sprint 10L recovery,not currently redirected,yes,no,defenses-and-bars-to-a-petition-for-divorce,/resources/blog/defenses-and-bars-to-a-petition-for-divorce,hidden draft only,do not replace while hidden,No recoverable article-specific image found.
95,40007,https://chamanlawfirm.com/challenges-in-debt-recovery-and-solutions/,challenges-in-debt-recovery-and-solutions,Challenges In Debt Recovery And Solutions,Challenges In Debt Recovery And Solutions; Common Challenges in Debt Recovery and How to Overcome Them,"Challenges In Debt Recovery And Solutions Debt recovery is a critical function for businesses, particularly in maintaining cash flow and financial stability. However...",27,930,selected for Sprint 10L recovery,not currently redirected,yes,yes,challenges-in-debt-recovery-and-solutions,/resources/blog/challenges-in-debt-recovery-and-solutions,hidden draft only,do not replace while hidden,
96,9288,https://chamanlawfirm.com/land-use-act-impact-land-ownership-and-titles/,land-use-act-impact-land-ownership-and-titles,Land Use Act Impact Land Ownership And Titles,Proven Steps: Land Use Act Impact Land Ownership and Titles,"Explore how the Land Use Act Impact Land Ownership and Titles in Nigeria, including rights, government control, and legal implications for owners.",26,9992,selected for Sprint 10L recovery,not currently redirected,yes,yes,land-use-act-impact-land-ownership-and-titles,/resources/blog/land-use-act-impact-land-ownership-and-titles,hidden draft only,do not replace while hidden,
97,51035,https://chamanlawfirm.com/filing-for-divorce-in-nigeria-a-comprehen/,filing-for-divorce-in-nigeria-a-comprehen,Filing For Divorce In Nigeria A Comprehen,Filing For Divorce In Nigeria A Comprehen,"Introduction Divorce is a legal process that involves the dissolution of marriage, a step many consider only after careful thought due to its emotional, financial, and social implications. In Nigeria, divorce cases are",26,6713,selected for Sprint 10L recovery,not currently redirected,yes,yes,filing-for-divorce-in-nigeria-a-comprehen,/resources/blog/filing-for-divorce-in-nigeria-a-comprehen,hidden draft only,do not replace while hidden,
98,9914,https://chamanlawfirm.com/registering-a-private-security-company/,registering-a-private-security-company,Registering A Private Security Company,Proven Steps on Registering a Private Security Company,"Register your private security company in Nigeria legally. Learn about CAC registration, NSCDC licensing, compliance, and regulatory requirements.",26,6575,selected for Sprint 10L recovery,not currently redirected,yes,yes,registering-a-private-security-company,/resources/blog/registering-a-private-security-company,hidden draft only,do not replace while hidden,
99,60068,https://chamanlawfirm.com/powerful-steps-grant-of-probate-in-lagos-state/,powerful-steps-grant-of-probate-in-lagos-state,Powerful Steps Grant Of Probate In Lagos State,Powerful Steps: Grant of Probate in Lagos State,"Understand the process of obtaining a grant of probate in Lagos State, including steps, estate administration, and guidance from Chaman Law Firm.",26,2067,selected for Sprint 10L recovery,not currently redirected,yes,yes,powerful-steps-grant-of-probate-in-lagos-state,/resources/blog/powerful-steps-grant-of-probate-in-lagos-state,hidden draft only,do not replace while hidden,
100,46565,https://chamanlawfirm.com/family-disputes-with-international-dimension/,family-disputes-with-international-dimension,Family Disputes With International Dimension,Family Disputes With International Dimension; Essential Guide to Resolving Complex International Family Disputes under Nigerian Law,"Family Disputes With International Dimension Another critical area for improvement lies in public education and legal awareness. Many Nigerian citizens, both at home and...",26,1524,selected for Sprint 10L recovery,not currently redirected,yes,yes,family-disputes-with-international-dimension,/resources/blog/family-disputes-with-international-dimension,hidden draft only,do not replace while hidden,
