title,slug,document checked,public already approved,body exists,body blocks,image exists,alt text exists,alt text relevance,alt text,SEO title exists,meta description exists,canonical,canonical exact,category/practice relationship,internal links status,CTA status,author,approval gate result,notes
"Can A Landlord Increase Rent Arbitrarily In Ogun","can-a-landlord-increase-rent-arbitrarily-in-ogun","drafts.chamanlawfirm.sprint10i.can-a-landlord-increase-rent-arbitrarily-in-ogun","no","yes","82","yes","yes","likely relevant","Can A Landlord Increase Rent Arbitrarily In Ogun legal guide | Chaman Law Firm","yes","yes","https://chamanlawfirm.com/resources/blog/can-a-landlord-increase-rent-arbitrarily-in-ogun","yes","Property and tenancy law; Tenancy, landlord and eviction","manual check required","template CTA expected; verify after approval","Charles Chukwuma Nkwoka, Esq.","blocked by unresolved lawyer review","keep hidden until lawyer-current-law review is manually confirmed"
"Certificate Of Occupancy In Rivers State","certificate-of-occupancy-in-rivers-state","drafts.chamanlawfirm.sprint10h.certificate-of-occupancy-in-rivers-state","yes","yes","84","yes","yes","likely relevant","Certificate Of Occupancy In Rivers State legal guide | Chaman Law Firm","yes","yes","https://chamanlawfirm.com/resources/blog/certificate-of-occupancy-in-rivers-state","yes","Property And Real Estate Law; Certificate of Occupancy and right of occupancy; Property title and perfection","manual check required","template CTA expected; verify after approval","Charles Chukwuma Nkwoka, Esq.","blocked by duplicate/live public target","keep hidden; public version already exists"
"Challenges Of Implementing The Land Use Act","challenges-of-implementing-the-land-use-act","drafts.chamanlawfirm.sprint10i.challenges-of-implementing-the-land-use-act","no","yes","55","yes","yes","likely relevant","Challenges Of Implementing The Land Use Act legal guide | Chaman Law Firm","yes","yes","https://chamanlawfirm.com/resources/blog/challenges-of-implementing-the-land-use-act","yes","Property And Real Estate Law; Land ownership, title and registration","manual check required","template CTA expected; verify after approval","Charles Chukwuma Nkwoka, Esq.","blocked by unresolved lawyer review","keep hidden until lawyer-current-law review is manually confirmed"
"How Do I Legally Evict a Tenant in Ogun State?","how-do-i-legally-evict-a-tenant-in-ogun-state","drafts.chamanlawfirm.phase5c.how-do-i-legally-evict-a-tenant-in-ogun-state","no","yes","87","yes","yes","needs review","Fixed vs. Periodic Tenancy in Lagos: What Every Tenant and Landlord Should Know","yes","yes","https://chamanlawfirm.com/resources/blog/how-do-i-legally-evict-a-tenant-in-ogun-state","yes","Property and tenancy law; Tenancy, landlord and eviction","manual check required","template CTA expected; verify after approval","Charles Chukwuma Nkwoka, Esq.","blocked by image/alt relevance","keep hidden; image or alt relevance incomplete"
"How to calculate stamp duty for property transactions in Ogun?","how-to-calculate-stamp-duty-chaman-law-firm","drafts.chamanlawfirm.sprint10h.how-to-calculate-stamp-duty-chaman-law-firm","yes","yes","86","yes","yes","likely relevant","How to calculate stamp duty for property transactions in Ogun? legal guide | Chaman Law Firm","yes","yes","https://chamanlawfirm.com/resources/blog/how-to-calculate-stamp-duty-chaman-law-firm","yes","Property And Real Estate Law; Property finance and stamp duties","manual check required","template CTA expected; verify after approval","Charles Chukwuma Nkwoka, Esq.","blocked by duplicate/live public target","keep hidden; public version already exists"
"Severe Repercussions of Land Grabbing in Nigeria: What Property Owners Must Know","land-grabbing-the-legal-consequences-of","drafts.chamanlawfirm.sprint10h.land-grabbing-the-legal-consequences-of","no","yes","11","yes","yes","likely relevant","Severe Repercussions of Land Grabbing in Nigeria: What Property Owners Must Know legal guide | Chaman Law Firm","yes","yes","https://chamanlawfirm.com/resources/blog/land-grabbing-the-legal-consequences-of","yes","Property And Real Estate Law; Land disputes and trespass","manual check required","template CTA expected; verify after approval","Charles Chukwuma Nkwoka, Esq.","blocked by unresolved lawyer review","keep hidden until lawyer-current-law review is manually confirmed"
"Property How To Place A Caveat","property-how-to-place-a-caveat","drafts.chamanlawfirm.sprint10h.property-how-to-place-a-caveat","no","yes","22","yes","yes","likely relevant","Property How To Place A Caveat legal guide | Chaman Law Firm","yes","yes","https://chamanlawfirm.com/resources/blog/property-how-to-place-a-caveat","yes","Property And Real Estate Law; Property title and perfection","manual check required","template CTA expected; verify after approval","Charles Chukwuma Nkwoka, Esq.","blocked by unresolved lawyer review","keep hidden until lawyer-current-law review is manually confirmed"
"THE ROLE OF FAMILY COURT IN RELATION TO CHILD PROTECTION IN NIGERIA","the-role-of-family-court-in-relation-to-child-protect-in-nigeria","drafts.chamanlawfirm.sprint10h.the-role-of-family-court-in-relation-to-child-protect-in-nigeria","yes","yes","21","yes","yes","likely relevant","THE ROLE OF FAMILY COURT IN RELATION TO CHILD PROTECTION IN NIGERIA legal guide | Chaman Law Firm","yes","yes","https://chamanlawfirm.com/resources/blog/the-role-of-family-court-in-relation-to-child-protect-in-nigeria","yes","Family Law; Family litigation and child protection","manual check required","template CTA expected; verify after approval","Charles Chukwuma Nkwoka, Esq.","blocked by duplicate/live public target","keep hidden; public version already exists"
"Void and Voidable Marriages in Nigeria: Understanding Legal Implications","void-and-voidable-marriages-in-nigeria","drafts.chamanlawfirm.sprint10h.void-and-voidable-marriages-in-nigeria","no","yes","59","yes","yes","likely relevant","Void and Voidable Marriages in Nigeria: Understanding Legal Implications legal guide | Chaman Law Firm","yes","yes","https://chamanlawfirm.com/resources/blog/void-and-voidable-marriages-in-nigeria","yes","Family Law; Family, marriage and divorce","manual check required","template CTA expected; verify after approval","Charles Chukwuma Nkwoka, Esq.","blocked by unresolved lawyer review","keep hidden until lawyer-current-law review is manually confirmed"
"rights-of-a-property-owner-in-nigeria","rights-of-a-property-owner-in-nigeria","not found","no","no","","no","no","needs review","","no","no","","no","","needs manual check","template CTA expected; verify after approval","","not ready","recover source before approval"
"letters-of-administration-in-nigeria","letters-of-administration-in-nigeria","not found","no","no","","no","no","needs review","","no","no","","no","","needs manual check","template CTA expected; verify after approval","","not ready","recover source before approval"
"debt-recovery-lawyer-nigeria","debt-recovery-lawyer-nigeria","not found","no","no","","no","no","needs review","","no","no","","no","","needs manual check","template CTA expected; verify after approval","","not ready","recover source before approval"
