priority,URL,content type,SEO preservation,AEO enhancement,GEO enhancement,canonical,internal links,CTA,image alt,legal safety,notes
1,https://chamanlawfirm.com/practice-areas/property-real-estate-law/land-registration,static/service authority page,legacy intent preserved through exact route and redirect,FAQs and concise service answers added,Nigerian legal-service context retained,https://chamanlawfirm.com/practice-areas/property-real-estate-law/land-registration,practice-area service layout links to consultation/contact and parent practice area,Book a consultation,approved legal service image,public-safe general guidance; no procedural guarantee,Legacy search intent is better served by a land-registration advisory page than a thin blog revival.
2,https://chamanlawfirm.com/practice-areas/property-real-estate-law/landlords-and-tenants-in-nigeria,static/service authority page,legacy intent preserved through exact route and redirect,FAQs and concise service answers added,Nigerian legal-service context retained,https://chamanlawfirm.com/practice-areas/property-real-estate-law/landlords-and-tenants-in-nigeria,practice-area service layout links to consultation/contact and parent practice area,Book a consultation,approved firm team image,public-safe; explicitly avoids self-help eviction advice,High commercial/property intent; conservative landlord-tenant framing.
3,https://chamanlawfirm.com/practice-areas/corporate-commercial-law/securities-regulatory-compliance,static/service authority page,legacy intent preserved through exact route and redirect,FAQs and concise service answers added,Nigerian legal-service context retained,https://chamanlawfirm.com/practice-areas/corporate-commercial-law/securities-regulatory-compliance,practice-area service layout links to consultation/contact and parent practice area,Book a consultation,approved legal service image,public-safe compliance guidance; regulator approval not implied,Converted from legacy informational topic into securities regulatory compliance service intent.
4,https://chamanlawfirm.com/practice-areas/litigation-dispute-resolution/fundamental-rights-enforcement,static/service authority page,legacy intent preserved through exact route and redirect,FAQs and concise service answers added,Nigerian legal-service context retained,https://chamanlawfirm.com/practice-areas/litigation-dispute-resolution/fundamental-rights-enforcement,practice-area service layout links to consultation/contact and parent practice area,Book a consultation,approved legal service image,public-safe; fact review required before advice,"Rights topic needs controlled legal framing, not mass-published legacy body text."
5,https://chamanlawfirm.com/practice-areas/probate-estate-administration/probate-in-lagos-everything-you-need-to-know,static/service authority page,legacy intent preserved through exact route and redirect,FAQs and concise service answers added,Nigerian legal-service context retained,https://chamanlawfirm.com/practice-areas/probate-estate-administration/probate-in-lagos-everything-you-need-to-know,practice-area service layout links to consultation/contact and parent practice area,Book a consultation,approved firm team image,public-safe estate-administration guidance,Private-client and diaspora value; stronger as probate advisory page.
6,https://chamanlawfirm.com/practice-areas/corporate-commercial-law/board-governance,static/service authority page,legacy intent preserved through exact route and redirect,FAQs and concise service answers added,Nigerian legal-service context retained,https://chamanlawfirm.com/practice-areas/corporate-commercial-law/board-governance,practice-area service layout links to consultation/contact and parent practice area,Book a consultation,approved firm team image,public-safe governance guidance,Board/governance intent maps cleanly to corporate service authority.
7,https://chamanlawfirm.com/practice-areas/property-real-estate-law/land-use-act-advisory,existing static/service authority page,legacy intent preserved through exact route and redirect,FAQs and concise service answers added,Nigerian legal-service context retained,https://chamanlawfirm.com/practice-areas/property-real-estate-law/land-use-act-advisory,practice-area service layout links to consultation/contact and parent practice area,Book a consultation,approved legal service image,public-safe; no detailed statutory claims added,Exact equivalent already existed from Sprint 11Q.
8,https://chamanlawfirm.com/practice-areas/property-real-estate-law/mortgage-document-review,existing static/service authority page,legacy intent preserved through exact route and redirect,FAQs and concise service answers added,Nigerian legal-service context retained,https://chamanlawfirm.com/practice-areas/property-real-estate-law/mortgage-document-review,practice-area service layout links to consultation/contact and parent practice area,Book a consultation,approved managing-partner office image,public-safe document-review guidance,Exact mortgage-document equivalent already existed from Sprint 11Q.
9,https://chamanlawfirm.com/practice-areas/corporate-commercial-law/share-transfer,static/service authority page,legacy intent preserved through exact route and redirect,FAQs and concise service answers added,Nigerian legal-service context retained,https://chamanlawfirm.com/practice-areas/corporate-commercial-law/share-transfer,practice-area service layout links to consultation/contact and parent practice area,Book a consultation,approved legal service image,public-safe share-transfer guidance,Corporate ownership-change intent maps better to service page than legacy blog.
10,https://chamanlawfirm.com/practice-areas/employment-law/trade-union-membership-disputes,static/service authority page,legacy intent preserved through exact route and redirect,FAQs and concise service answers added,Nigerian legal-service context retained,https://chamanlawfirm.com/practice-areas/employment-law/trade-union-membership-disputes,practice-area service layout links to consultation/contact and parent practice area,Book a consultation,approved legal service image,public-safe employment guidance; fact review required,Employment/legal-risk topic should not be revived as unreviewed procedural blog.
11,https://chamanlawfirm.com/practice-areas/litigation-dispute-resolution/expert-witnesses,static/service authority page,legacy intent preserved through exact route and redirect,FAQs and concise service answers added,Nigerian legal-service context retained,https://chamanlawfirm.com/practice-areas/litigation-dispute-resolution/expert-witnesses,practice-area service layout links to consultation/contact and parent practice area,Book a consultation,approved firm team image,public-safe evidence strategy guidance,Converted to expert evidence advisory page.
12,https://chamanlawfirm.com/practice-areas/property-real-estate-law/land-use-charge,static/service authority page,legacy intent preserved through exact route and redirect,FAQs and concise service answers added,Nigerian legal-service context retained,https://chamanlawfirm.com/practice-areas/property-real-estate-law/land-use-charge,practice-area service layout links to consultation/contact and parent practice area,Book a consultation,approved legal service image,public-safe; no official assessment guarantee,Reframed from calculation/how-to language into legal document-readiness guidance.
13,https://chamanlawfirm.com/practice-areas/property-real-estate-law/legal-restrictions-to-sale-of-land,static/service authority page,legacy intent preserved through exact route and redirect,FAQs and concise service answers added,Nigerian legal-service context retained,https://chamanlawfirm.com/practice-areas/property-real-estate-law/legal-restrictions-to-sale-of-land,practice-area service layout links to consultation/contact and parent practice area,Book a consultation,approved firm team image,public-safe transaction-risk guidance,Strong lead-generation fit for property transaction review.
14,https://chamanlawfirm.com/practice-areas/property-real-estate-law/selling-a-family-land-without-everyones-consent,static/service authority page,legacy intent preserved through exact route and redirect,FAQs and concise service answers added,Nigerian legal-service context retained,https://chamanlawfirm.com/practice-areas/property-real-estate-law/selling-a-family-land-without-everyones-consent,practice-area service layout links to consultation/contact and parent practice area,Book a consultation,approved firm team image,public-safe family-land consent guidance,Family land risk deserves service framing and consultation CTA.
15,https://chamanlawfirm.com/practice-areas/litigation-dispute-resolution/digital-evidence,static/service authority page,legacy intent preserved through exact route and redirect,FAQs and concise service answers added,Nigerian legal-service context retained,https://chamanlawfirm.com/practice-areas/litigation-dispute-resolution/digital-evidence,practice-area service layout links to consultation/contact and parent practice area,Book a consultation,approved legal service image,public-safe digital-evidence guidance,Evidence/admissibility claims kept conservative and fact-dependent.
