old URL,slug,title,classification,unsafe legal advice,outdated legal statement,overpromising,misleading free-service wording,self-help eviction risk,family-law sensitivity,Land Use Act/C of O/title accuracy,corporate/CAC accuracy,immigration accuracy,probate/debt recovery accuracy,litigation/procedure accuracy,notes
https://chamanlawfirm.com/the-concept-of-rule-of-law-in-nigeria,the-concept-of-rule-of-law-in-nigeria,THE CONCEPT OF RULE OF LAW IN NIGERIA,requires current-law verification,not detected,manual verification required,yes,not detected,not detected,not primary issue,not primary issue,not primary issue,not primary issue,not primary issue,not primary issue,overpromising; medium - current-law review required before approval; high - likely cannibalization with existing stronger content
https://chamanlawfirm.com/how-to-change-car-ownership-in-nigeria,how-to-change-car-ownership-in-nigeria,How To Change Car Ownership In Nigeria,requires current-law verification,not detected,manual verification required,not detected,not detected,not detected,not primary issue,not primary issue,not primary issue,not primary issue,not primary issue,not primary issue,featured image missing; alt text missing; medium - current-law review required before approval
https://chamanlawfirm.com/how-to-track-a-stolen-phone-in-nigeria,how-to-track-a-stolen-phone-in-nigeria,How To Track A Stolen Phone In Nigeria,"high risk, keep hidden",not detected,manual verification required,yes,not detected,not detected,not primary issue,not primary issue,not primary issue,not primary issue,not primary issue,not primary issue,featured image missing; alt text missing; overpromising; high - lawyer review required before approval
https://chamanlawfirm.com/list-of-government-agencies-of-nigeria,list-of-government-agencies-of-nigeria,LIST OF GOVERNMENT AGENCIES OF NIGERIA,requires current-law verification,not detected,manual verification required,not detected,not detected,not detected,not primary issue,not primary issue,not primary issue,not primary issue,not primary issue,not primary issue,featured image missing; alt text missing; medium - current-law review required before approval
https://chamanlawfirm.com/apply-for-drivers-licence-in-nigeria,apply-for-drivers-licence-in-nigeria,Essential Guide: How To Apply For A Driver'S Licence In Nigeria Without Stress,requires current-law verification,not detected,manual verification required,not detected,not detected,not detected,not primary issue,not primary issue,not primary issue,not primary issue,not primary issue,not primary issue,featured image missing; alt text missing; medium - current-law review required before approval
https://chamanlawfirm.com/steps-on-how-to-confidently-report-acrimelaw,steps-on-how-to-confidently-report-acrimelaw,Steps On How To Confidently Report Acrimelaw,"high risk, keep hidden",not detected,manual verification required,not detected,not detected,not detected,not primary issue,not primary issue,not primary issue,not primary issue,not primary issue,not primary issue,high - lawyer review required before approval
https://chamanlawfirm.com/the-overall-list-of-federal-laws-in-nigeria,the-overall-list-of-federal-laws-in-nigeria,THE OVERALL LIST OF FEDERAL LAWS IN NIGERIA,"duplicate/cannibalizing, do not approve",not detected,not detected,not detected,not detected,not detected,not primary issue,not primary issue,not primary issue,not primary issue,not primary issue,not primary issue,body too short or missing; high - likely cannibalization with existing stronger content
https://chamanlawfirm.com/what-are-the-sources-of-nigerian-law,what-are-the-sources-of-nigerian-law,WHAT ARE THE SOURCES OF NIGERIAN LAW,requires current-law verification,not detected,manual verification required,not detected,not detected,not detected,not primary issue,not primary issue,not primary issue,not primary issue,not primary issue,not primary issue,medium - current-law review required before approval
https://chamanlawfirm.com/duties-of-correctional-institutions-in-nigeria,duties-of-correctional-institutions-in-nigeria,What Are The Duties Of Correctional Institutions In Nigeria?,"high risk, keep hidden",not detected,manual verification required,not detected,not detected,not detected,not primary issue,not primary issue,not primary issue,not primary issue,not primary issue,not primary issue,featured image missing; alt text missing; high - lawyer review required before approval
https://chamanlawfirm.com/the-role-of-technology-in-nigerian-education,the-role-of-technology-in-nigerian-education,Revolutionizing Learning: The Powerful Impact Of Technology On Nigerian Education,requires current-law verification,not detected,manual verification required,not detected,not detected,not detected,not primary issue,not primary issue,not primary issue,not primary issue,not primary issue,not primary issue,featured image missing; alt text missing; property-sales/luxury wording; medium - current-law review required before approval
https://chamanlawfirm.com/stamping-and-up-stamping-of-a-mortgage-document,stamping-and-up-stamping-of-a-mortgage-document,What Is Stamping And Up-Stamping Of A Mortgage Document,requires current-law verification,not detected,manual verification required,not detected,not detected,not detected,not primary issue,not primary issue,not primary issue,not primary issue,not primary issue,not primary issue,medium - current-law review required before approval
https://chamanlawfirm.com/how-to-apply-for-certificate-of-good-conduct-in-nigeria,how-to-apply-for-certificate-of-good-conduct-in-nigeria,HOW TO APPLY FOR CERTIFICATE OF GOOD CONDUCT IN NIGERIA,requires current-law verification,not detected,manual verification required,not detected,not detected,not detected,not primary issue,not primary issue,not primary issue,not primary issue,not primary issue,not primary issue,featured image missing; alt text missing; medium - current-law review required before approval
https://chamanlawfirm.com/the-nigerian-legal-system,the-nigerian-legal-system,Cracking The Code: The Hidden Strengths And Weaknesses Of The Nigerian Legal System,requires current-law verification,not detected,manual verification required,not detected,not detected,not detected,not primary issue,not primary issue,not primary issue,not primary issue,not primary issue,editorial legal review required,medium - current-law review required before approval
https://chamanlawfirm.com/nigeria-prohibited-items-list,nigeria-prohibited-items-list,Shocking Truths Behind Nigeria'S Prohibited Items List; What You Must Know!,requires current-law verification,not detected,manual verification required,not detected,not detected,not detected,not primary issue,not primary issue,not primary issue,not primary issue,not primary issue,not primary issue,featured image missing; alt text missing; medium - current-law review required before approval
https://chamanlawfirm.com/legal-implications-of-joint-property,legal-implications-of-joint-property,The Critical Legal Implications Of Joint Property Ownership In Nigeria,requires current-law verification,not detected,manual verification required,not detected,not detected,not detected,not primary issue,lawyer review required,not primary issue,not primary issue,not primary issue,not primary issue,featured image missing; alt text missing; property-sales/luxury wording; medium - current-law review required before approval
https://chamanlawfirm.com/how-to-obtain-tax-clearance-certificate,how-to-obtain-tax-clearance-certificate,How To Obtain Tax Clearance Certificate,requires current-law verification,not detected,manual verification required,not detected,not detected,not detected,not primary issue,not primary issue,not primary issue,not primary issue,not primary issue,not primary issue,medium - current-law review required before approval
https://chamanlawfirm.com/laspppa-what-it-is-and-why-it-matters-in-lagos,laspppa-what-it-is-and-why-it-matters-in-lagos,LASPPPA: What It Is And Why It Matters For Property Owners In Lagos,requires current-law verification,not detected,manual verification required,not detected,not detected,not detected,not primary issue,lawyer review required,not primary issue,not primary issue,not primary issue,not primary issue,featured image missing; alt text missing; medium - current-law review required before approval
https://chamanlawfirm.com/land-registration-system-in-nigeria,land-registration-system-in-nigeria,Land Registration System In Nigeria,requires current-law verification,not detected,manual verification required,not detected,not detected,not detected,not primary issue,lawyer review required,not primary issue,not primary issue,not primary issue,not primary issue,medium - current-law review required before approval
https://chamanlawfirm.com/land-use-act-1978,land-use-act-1978,Understanding The Land Use Act: How It Affects You,requires current-law verification,not detected,manual verification required,yes,not detected,not detected,not primary issue,lawyer review required,not primary issue,not primary issue,not primary issue,not primary issue,overpromising; medium - current-law review required before approval; high - likely cannibalization with existing stronger content
https://chamanlawfirm.com/the-concept-of-restitution-of-conjugal-rights,the-concept-of-restitution-of-conjugal-rights,The Concept Of Restitution Of Conjugal Rights,"high risk, keep hidden",not detected,manual verification required,not detected,not detected,not detected,not primary issue,not primary issue,not primary issue,not primary issue,not primary issue,not primary issue,featured image missing; alt text missing; high - lawyer review required before approval
https://chamanlawfirm.com/5-lis-pendens-understanding-the-doctrine,5-lis-pendens-understanding-the-doctrine,5 Critical Insights Into The Doctrine Of Lis Pendens In Real Estate Transactions; Legal Implications And Protection,requires current-law verification,not detected,manual verification required,not detected,not detected,not detected,not primary issue,not primary issue,not primary issue,not primary issue,lawyer review required,not primary issue,featured image missing; alt text missing; property-sales/luxury wording; medium - current-law review required before approval
https://chamanlawfirm.com/lagos-tenancy-fixed-and-periodic-tenancies,lagos-tenancy-fixed-and-periodic-tenancies,Lagos Tenancy Fixed And Periodic Tenancies,requires current-law verification,yes,manual verification required,not detected,not detected,yes,not primary issue,not primary issue,not primary issue,not primary issue,not primary issue,not primary issue,unsafe self-help wording; medium - current-law review required before approval; high - likely cannibalization with existing stronger content
https://chamanlawfirm.com/enforcing-fundamental-human-right,enforcing-fundamental-human-right,FUNDAMENTAL HUMAN RIGHT; WHAT ARE THE PROCEDURES FOR ENFORCING FUNDAMENTAL HUMAN RIGHT?,requires current-law verification,not detected,manual verification required,not detected,not detected,not detected,not primary issue,not primary issue,not primary issue,not primary issue,not primary issue,not primary issue,featured image missing; alt text missing; medium - current-law review required before approval
https://chamanlawfirm.com/landlords-and-tenants-in-nigeria,landlords-and-tenants-in-nigeria,Landlords And Tenants In Nigeria,requires current-law verification,yes,manual verification required,not detected,not detected,yes,not primary issue,lawyer review required,not primary issue,not primary issue,not primary issue,not primary issue,property-sales/luxury wording; unsafe self-help wording; medium - current-law review required before approval
https://chamanlawfirm.com/proven-steps-the-canons-of-interpretation,proven-steps-the-canons-of-interpretation,What Are The Canons Of Interpretation,requires current-law verification,not detected,manual verification required,not detected,not detected,not detected,not primary issue,not primary issue,not primary issue,not primary issue,not primary issue,not primary issue,featured image missing; alt text missing; medium - current-law review required before approval
https://chamanlawfirm.com/how-to-file-a-lawsuit-in-nigeria,how-to-file-a-lawsuit-in-nigeria,HOW TO FILE A LAWSUIT IN NIGERIA,requires current-law verification,not detected,manual verification required,not detected,yes,not detected,not primary issue,not primary issue,not primary issue,not primary issue,not primary issue,not primary issue,misleading free-service wording; medium - current-law review required before approval
https://chamanlawfirm.com/rights-of-a-property-owner-in-nigeria,rights-of-a-property-owner-in-nigeria,Your Rights As A Property Owner In Nigeria: What The Law Says,requires current-law verification,not detected,manual verification required,yes,not detected,not detected,not primary issue,lawyer review required,not primary issue,not primary issue,not primary issue,not primary issue,overpromising; medium - current-law review required before approval
https://chamanlawfirm.com/expert-witnesses-in-nigeria-court-proceeding,expert-witnesses-in-nigeria-court-proceeding,Expert Witnesses In Nigeria Court Proceeding,requires current-law verification,not detected,manual verification required,not detected,not detected,not detected,not primary issue,not primary issue,not primary issue,not primary issue,not primary issue,editorial legal review required,medium - current-law review required before approval
https://chamanlawfirm.com/maxims-of-equity,maxims-of-equity,MAXIMS OF EQUITY,requires current-law verification,not detected,manual verification required,not detected,not detected,not detected,not primary issue,not primary issue,not primary issue,not primary issue,not primary issue,editorial legal review required,medium - current-law review required before approval
https://chamanlawfirm.com/revocation-of-power-of-attorney,revocation-of-power-of-attorney,REVOCATION OF POWER OF ATTORNEY,low risk and approval-ready,not detected,not detected,not detected,not detected,not detected,not primary issue,not primary issue,not primary issue,not primary issue,not primary issue,not primary issue,
https://chamanlawfirm.com/the-role-of-regulatory-bodies,the-role-of-regulatory-bodies,Unmasking Power And Accountability; A Comprehensive Analysis On The Role Of Regulatory Bodies,requires current-law verification,not detected,manual verification required,not detected,not detected,not detected,not primary issue,not primary issue,not primary issue,not primary issue,not primary issue,not primary issue,medium - current-law review required before approval
https://chamanlawfirm.com/how-to-calculate-and-pay-land-use-charge,how-to-calculate-and-pay-land-use-charge,How To Calculate And Pay Land Use Charge,requires current-law verification,not detected,manual verification required,not detected,not detected,not detected,not primary issue,lawyer review required,not primary issue,not primary issue,not primary issue,not primary issue,Chaman Properties reference; medium - current-law review required before approval
https://chamanlawfirm.com/of-the-securities-and-exchange-commission,of-the-securities-and-exchange-commission,5 FUNCTIONS OF THE SECURITIES AND EXCHANGE COMMISSION,requires current-law verification,not detected,manual verification required,not detected,not detected,not detected,not primary issue,not primary issue,not primary issue,not primary issue,not primary issue,not primary issue,medium - current-law review required before approval
https://chamanlawfirm.com/digital-evidence-admissibility-in-nigeria,digital-evidence-admissibility-in-nigeria,Powerful Insight: Challenges And Solutions In Digital Evidence Admissibility In Nigeria,requires current-law verification,not detected,manual verification required,yes,not detected,not detected,not primary issue,not primary issue,not primary issue,not primary issue,not primary issue,editorial legal review required,featured image missing; alt text missing; property-sales/luxury wording; overpromising; medium - current-law review required before approval
https://chamanlawfirm.com/doctrine-of-ultra-vires,doctrine-of-ultra-vires,Understanding The Doctrine Of Ultra Vires: A Powerful Legal Safeguard For Businesses,requires current-law verification,not detected,manual verification required,not detected,not detected,not detected,not primary issue,not primary issue,lawyer review required,not primary issue,not primary issue,not primary issue,medium - current-law review required before approval
https://chamanlawfirm.com/board-of-directors-in-nigerian-companies,board-of-directors-in-nigerian-companies,Unlocking The Strategic Power Of The Board Directors In Nigerian Companies- For A Successful Business,requires current-law verification,not detected,manual verification required,not detected,not detected,not detected,not primary issue,not primary issue,lawyer review required,not primary issue,not primary issue,not primary issue,medium - current-law review required before approval
https://chamanlawfirm.com/pohistory-of-legal-profession-in-nigeria,pohistory-of-legal-profession-in-nigeria,HISTORY OF LEGAL PROFESSION IN NIGERIA,requires current-law verification,not detected,manual verification required,not detected,not detected,not detected,not primary issue,not primary issue,not primary issue,not primary issue,not primary issue,not primary issue,medium - current-law review required before approval
https://chamanlawfirm.com/can-a-member-be-expelled-from-a-trade-union,can-a-member-be-expelled-from-a-trade-union,5 Powerful Reasons A Member Can Be Expelled From A Trade Union,requires current-law verification,not detected,manual verification required,yes,not detected,not detected,not primary issue,not primary issue,not primary issue,not primary issue,not primary issue,not primary issue,featured image missing; alt text missing; overpromising; medium - current-law review required before approval
https://chamanlawfirm.com/selling-a-family-land-without-everyones-consent,selling-a-family-land-without-everyones-consent,Selling A Family Land Without Everyones Consent,requires current-law verification,not detected,manual verification required,not detected,not detected,not detected,review carefully,lawyer review required,not primary issue,not primary issue,not primary issue,not primary issue,medium - current-law review required before approval
https://chamanlawfirm.com/challenges-of-implementing-the-land-use-act,challenges-of-implementing-the-land-use-act,Challenges Of Implementing The Land Use Act,requires current-law verification,not detected,manual verification required,not detected,not detected,not detected,not primary issue,lawyer review required,not primary issue,not primary issue,not primary issue,not primary issue,medium - current-law review required before approval
https://chamanlawfirm.com/international-law-in-conflict-resolution,international-law-in-conflict-resolution,Powerful Impact Of International Law In Resolving Global Conflicts,requires current-law verification,not detected,manual verification required,not detected,not detected,not detected,not primary issue,not primary issue,not primary issue,not primary issue,not primary issue,not primary issue,featured image missing; alt text missing; medium - current-law review required before approval
https://chamanlawfirm.com/powerful-steps-who-is-mercantile-agent,powerful-steps-who-is-mercantile-agent,Who Is Mercantile Agent,requires current-law verification,not detected,manual verification required,yes,not detected,not detected,not primary issue,not primary issue,not primary issue,not primary issue,not primary issue,not primary issue,featured image missing; alt text missing; overpromising; medium - current-law review required before approval
https://chamanlawfirm.com/rights-of-parties-to-a-mortgage,rights-of-parties-to-a-mortgage,RIGHTS OF PARTIES TO A MORTGAGE,requires current-law verification,not detected,manual verification required,not detected,not detected,not detected,not primary issue,not primary issue,not primary issue,not primary issue,not primary issue,not primary issue,medium - current-law review required before approval
https://chamanlawfirm.com/powerful-steps-nimasacertificate,powerful-steps-nimasacertificate,The Necessary Documents To Submit To Obtain The Nigeria Maritime Administration And Safety Agency (NIMASA)Certificate,requires current-law verification,not detected,manual verification required,not detected,not detected,not detected,not primary issue,not primary issue,not primary issue,not primary issue,not primary issue,not primary issue,featured image missing; alt text missing; medium - current-law review required before approval
https://chamanlawfirm.com/legally-combat-police-harassment-in-nigeria,legally-combat-police-harassment-in-nigeria,Legally Combat Police Harassment In Nigeria,"high risk, keep hidden",not detected,manual verification required,yes,not detected,not detected,not primary issue,not primary issue,not primary issue,not primary issue,not primary issue,not primary issue,overpromising; high - lawyer review required before approval
https://chamanlawfirm.com/employers-vicarious-liability,employers-vicarious-liability,Critical Insight: Understanding Employer’S Vicarious Liability In Nigeria,requires current-law verification,not detected,manual verification required,not detected,not detected,not detected,not primary issue,not primary issue,not primary issue,not primary issue,not primary issue,not primary issue,featured image missing; alt text missing; medium - current-law review required before approval
https://chamanlawfirm.com/legal-restrictions-to-sale-of-land,legal-restrictions-to-sale-of-land,Crucial Insights: Understanding The Legal Restrictions To Sale Of Land,requires current-law verification,not detected,manual verification required,not detected,not detected,not detected,not primary issue,lawyer review required,not primary issue,not primary issue,not primary issue,not primary issue,medium - current-law review required before approval
https://chamanlawfirm.com/establishing-paternity-and-maternity-under,establishing-paternity-and-maternity-under,Establishing Paternity And Maternity Under Nigerian Law: A Comprehensive 3 Steps Guide,"high risk, keep hidden",not detected,manual verification required,not detected,not detected,not detected,review carefully,not primary issue,not primary issue,not primary issue,not primary issue,not primary issue,high - lawyer review required before approval
https://chamanlawfirm.com/how-to-obtain-standard-organisat-certificate,how-to-obtain-standard-organisat-certificate,How To Obtain Standard Organization Of Nigeria Product Certificate: 4 Powerful Steps For Positive Product Certification,requires current-law verification,not detected,manual verification required,not detected,not detected,not detected,not primary issue,not primary issue,not primary issue,not primary issue,not primary issue,not primary issue,featured image missing; alt text missing; medium - current-law review required before approval
https://chamanlawfirm.com/minority-protection-rights-and-remedies,minority-protection-rights-and-remedies,MINORITY PROTECTION: RIGHTS AND REMEDIES OF MINORITIES,requires current-law verification,not detected,manual verification required,not detected,not detected,not detected,not primary issue,not primary issue,not primary issue,not primary issue,not primary issue,not primary issue,medium - current-law review required before approval
