priority rank,old URL,old title,old content type,page type,current status,GSC clicks,GSC impressions,average position,source body available,image available,current redirect status,Sanity public status,Sanity hidden/draft status,duplicate/cannibalization risk,legal/current-law risk,recommended action,recommended final URL,canonical URL,sitemap status,SEO/AEO/GEO opportunity,priority score,notes
1,https://chamanlawfirm.com/landlord-and-tenant-rights-in-nigeria,Landlord And Tenant Rights In Nigeria,property/title,blog,redirect configured to /resources/blog/landlord-and-tenant-rights-in-nigeria,1579,59489,6.5,yes,yes,configured to /resources/blog/landlord-and-tenant-rights-in-nigeria,approved public,hidden/unapproved,low - public canonical target exists,high - lawyer review required before publication,already redirected,https://chamanlawfirm.com/resources/blog/landlord-and-tenant-rights-in-nigeria,https://chamanlawfirm.com/resources/blog/landlord-and-tenant-rights-in-nigeria,included,answer block; FAQs where useful; practice-area links; consultation CTA,10139,Broad blog migration remains on hold; restore only through controlled lawyer-reviewed batches.
2,https://chamanlawfirm.com/obtaining-a-certificate-of-occupancy-c-of-o,Obtaining A Certificate Of Occupancy C Of O,property/title,blog,redirect configured to /resources/blog/how-do-i-obtain-a-certificate-of-occupancy,1173,39662,3.4,yes,not confirmed,configured to /resources/blog/how-do-i-obtain-a-certificate-of-occupancy,not public,hidden/unapproved,medium - compare against live practice/blog pages,medium - current-law verification required before publication,already redirected,https://chamanlawfirm.com/resources/blog/how-do-i-obtain-a-certificate-of-occupancy,https://chamanlawfirm.com/resources/blog/how-do-i-obtain-a-certificate-of-occupancy,included,answer block; FAQs where useful; practice-area links; consultation CTA,7585,Broad blog migration remains on hold; restore only through controlled lawyer-reviewed batches.
3,https://chamanlawfirm.com/cac-public-search-guide-nigeria,CAC Public Search Guide Nigeria,corporate/commercial,blog,redirect configured to /resources/blog/cac-public-search-guide-nigeria,1009,77699,8.95,yes,yes,configured to /resources/blog/cac-public-search-guide-nigeria,approved public,hidden/unapproved,low - public canonical target exists,medium - current-law verification required before publication,already redirected,https://chamanlawfirm.com/resources/blog/cac-public-search-guide-nigeria,https://chamanlawfirm.com/resources/blog/cac-public-search-guide-nigeria,included,answer block; FAQs where useful; practice-area links; consultation CTA,6901,Broad blog migration remains on hold; restore only through controlled lawyer-reviewed batches.
4,https://chamanlawfirm.com/the-concept-of-rule-of-law-in-nigeria,The Concept Of Rule Of Law In Nigeria,general legal education,blog,hidden Sanity record; old URL unresolved,763,51092,8.05,yes,yes,not configured,not public,hidden/unapproved,medium - compare against live practice/blog pages,medium - current-law verification required before publication,restore as blog after review,https://chamanlawfirm.com/resources/blog/the-concept-of-rule-of-law-in-nigeria,https://chamanlawfirm.com/resources/blog/the-concept-of-rule-of-law-in-nigeria,not included,answer block; FAQs where useful; practice-area links; consultation CTA,5309,Broad blog migration remains on hold; restore only through controlled lawyer-reviewed batches.
5,https://chamanlawfirm.com/the-jurisdiction-of-courts-in-nigeria,The Jurisdiction Of Courts In Nigeria,litigation/ADR,blog,redirect configured to /resources/blog/the-jurisdiction-of-courts-in-nigeria,770,40707,17.01,yes,yes,configured to /resources/blog/the-jurisdiction-of-courts-in-nigeria,approved public,hidden/unapproved,low - public canonical target exists,high - lawyer review required before publication,already redirected,https://chamanlawfirm.com/resources/blog/the-jurisdiction-of-courts-in-nigeria,https://chamanlawfirm.com/resources/blog/the-jurisdiction-of-courts-in-nigeria,included,answer block; FAQs where useful; practice-area links; consultation CTA,4997,Broad blog migration remains on hold; restore only through controlled lawyer-reviewed batches.
6,https://chamanlawfirm.com/how-to-change-car-ownership-in-nigeria,How To Change Car Ownership In Nigeria,general legal education,blog,hidden Sanity record; old URL unresolved,731,34973,8.93,yes,not confirmed,not configured,not public,hidden/unapproved,medium - compare against live practice/blog pages,high - lawyer review required before publication,restore as blog after review,https://chamanlawfirm.com/resources/blog/how-to-change-car-ownership-in-nigeria,https://chamanlawfirm.com/resources/blog/how-to-change-car-ownership-in-nigeria,not included,answer block; FAQs where useful; practice-area links; consultation CTA,4956,Broad blog migration remains on hold; restore only through controlled lawyer-reviewed batches.
7,https://chamanlawfirm.com/about-us,About Us,general legal education,static,redirect configured to /about,733,41803,6.17,not confirmed,not confirmed,configured to /about,not public,none detected,unknown,low/medium - editorial legal review required,already redirected,https://chamanlawfirm.com/about,https://chamanlawfirm.com/about,included,service answer block; process steps; FAQs; contact CTA,4886,source body not present in Phase 5C prepared drafts; SEO title requires RankMath/source preservation or rewrite; meta description requires RankMath/source preservation or rewrite; image recovery/fallback required; redirect planning only; do not publish as article without equivalent content
8,https://chamanlawfirm.com/types-of-tenant-in-nigeria,Types Of Tenant In Nigeria,property/title,blog,redirect configured to /resources/blog/types-of-tenant-in-nigeria,758,23316,8.3,yes,yes,configured to /resources/blog/types-of-tenant-in-nigeria,approved public,hidden/unapproved,low - public canonical target exists,medium - current-law verification required before publication,already redirected,https://chamanlawfirm.com/resources/blog/types-of-tenant-in-nigeria,https://chamanlawfirm.com/resources/blog/types-of-tenant-in-nigeria,included,answer block; FAQs where useful; practice-area links; consultation CTA,4851,Broad blog migration remains on hold; restore only through controlled lawyer-reviewed batches.
9,https://chamanlawfirm.com/how-to-track-a-stolen-phone-in-nigeria,How To Track A Stolen Phone In Nigeria,general legal education,blog,hidden Sanity record; old URL unresolved,689,48652,8.56,yes,not confirmed,not configured,not public,hidden/unapproved,medium - compare against live practice/blog pages,high - lawyer review required before publication,restore as blog after review,https://chamanlawfirm.com/resources/blog/how-to-track-a-stolen-phone-in-nigeria,https://chamanlawfirm.com/resources/blog/how-to-track-a-stolen-phone-in-nigeria,not included,answer block; FAQs where useful; practice-area links; consultation CTA,4841,Broad blog migration remains on hold; restore only through controlled lawyer-reviewed batches.
10,https://chamanlawfirm.com/proper-steps-to-eviction-of-tenants,Proper Steps To Eviction Of Tenants,property/title,blog,redirect configured to /resources/blog/proper-steps-to-eviction-of-tenants,708,32444,9.43,yes,yes,configured to /resources/blog/proper-steps-to-eviction-of-tenants,approved public,hidden/unapproved,low - public canonical target exists,high - lawyer review required before publication,already redirected,https://chamanlawfirm.com/resources/blog/proper-steps-to-eviction-of-tenants,https://chamanlawfirm.com/resources/blog/proper-steps-to-eviction-of-tenants,included,answer block; FAQs where useful; practice-area links; consultation CTA,4642,Broad blog migration remains on hold; restore only through controlled lawyer-reviewed batches.
11,https://chamanlawfirm.com/list-of-government-agencies-of-nigeria,List Of Government Agencies Of Nigeria,general legal education,blog,hidden Sanity record; old URL unresolved,608,70716,15.11,yes,not confirmed,not configured,not public,hidden/unapproved,medium - compare against live practice/blog pages,medium - current-law verification required before publication,restore as blog after review,https://chamanlawfirm.com/resources/blog/list-of-government-agencies-of-nigeria,https://chamanlawfirm.com/resources/blog/list-of-government-agencies-of-nigeria,not included,answer block; FAQs where useful; practice-area links; consultation CTA,4475,Broad blog migration remains on hold; restore only through controlled lawyer-reviewed batches.
12,https://chamanlawfirm.com/the-ogun-state-tenancy-law-chaman-law-firm,The Ogun State Tenancy Law Chaman Law Firm,general legal education,blog,redirect configured to /resources/blog/the-ogun-state-tenancy-law-chaman-law-firm,646,10043,4.93,yes,yes,configured to /resources/blog/the-ogun-state-tenancy-law-chaman-law-firm,approved public,hidden/unapproved,low - public canonical target exists,medium - current-law verification required before publication,already redirected,https://chamanlawfirm.com/resources/blog/the-ogun-state-tenancy-law-chaman-law-firm,https://chamanlawfirm.com/resources/blog/the-ogun-state-tenancy-law-chaman-law-firm,included,answer block; FAQs where useful; practice-area links; consultation CTA,4126,Broad blog migration remains on hold; restore only through controlled lawyer-reviewed batches.
13,https://chamanlawfirm.com/building-permit-approval-in-ogun-state,Building Permit Approval In Ogun State,general legal education,blog,redirect configured to /resources/blog/building-permit-approval-in-ogun-state,629,22729,7.58,yes,yes,configured to /resources/blog/building-permit-approval-in-ogun-state,approved public,hidden/unapproved,low - public canonical target exists,medium - current-law verification required before publication,already redirected,https://chamanlawfirm.com/resources/blog/building-permit-approval-in-ogun-state,https://chamanlawfirm.com/resources/blog/building-permit-approval-in-ogun-state,included,answer block; FAQs where useful; practice-area links; consultation CTA,4071,Broad blog migration remains on hold; restore only through controlled lawyer-reviewed batches.
14,https://chamanlawfirm.com/4-steps-on-how-to-deal-with-a-bad-landlordin,4 Steps On How To Deal With A Bad Landlordin,property/title,blog,redirect configured to /resources/blog/4-steps-on-how-to-deal-with-a-bad-landlordin,570,14414,5.91,yes,yes,configured to /resources/blog/4-steps-on-how-to-deal-with-a-bad-landlordin,approved public,none detected,low - public canonical target exists,high - lawyer review required before publication,already redirected,https://chamanlawfirm.com/resources/blog/4-steps-on-how-to-deal-with-a-bad-landlordin,https://chamanlawfirm.com/resources/blog/4-steps-on-how-to-deal-with-a-bad-landlordin,included,answer block; FAQs where useful; practice-area links; consultation CTA,3634,Broad blog migration remains on hold; restore only through controlled lawyer-reviewed batches.
15,https://chamanlawfirm.com/joinder-of-parties-misjoinder-of-parties,Joinder Of Parties Misjoinder Of Parties,general legal education,blog,redirect configured to /resources/blog/joinder-of-parties-misjoinder-of-parties,553,15775,7.7,yes,yes,configured to /resources/blog/joinder-of-parties-misjoinder-of-parties,approved public,none detected,low - public canonical target exists,medium - current-law verification required before publication,already redirected,https://chamanlawfirm.com/resources/blog/joinder-of-parties-misjoinder-of-parties,https://chamanlawfirm.com/resources/blog/joinder-of-parties-misjoinder-of-parties,included,answer block; FAQs where useful; practice-area links; consultation CTA,3546,Broad blog migration remains on hold; restore only through controlled lawyer-reviewed batches.
16,https://chamanlawfirm.com/how-to-change-name-with-deed-poll,How To Change Name With Deed Poll,property/title,blog,redirect configured to /resources/blog/how-to-change-name-with-deed-poll,531,24126,10.61,yes,yes,configured to /resources/blog/how-to-change-name-with-deed-poll,approved public,hidden/unapproved,low - public canonical target exists,high - lawyer review required before publication,already redirected,https://chamanlawfirm.com/resources/blog/how-to-change-name-with-deed-poll,https://chamanlawfirm.com/resources/blog/how-to-change-name-with-deed-poll,included,answer block; FAQs where useful; practice-area links; consultation CTA,3397,Broad blog migration remains on hold; restore only through controlled lawyer-reviewed batches.
17,https://chamanlawfirm.com/apply-for-drivers-licence-in-nigeria,Apply For Drivers Licence In Nigeria,general legal education,blog,hidden Sanity record; old URL unresolved,373,102871,10.7,yes,not confirmed,not configured,not public,hidden/unapproved,medium - compare against live practice/blog pages,high - lawyer review required before publication,restore as blog after review,https://chamanlawfirm.com/resources/blog/apply-for-drivers-licence-in-nigeria,https://chamanlawfirm.com/resources/blog/apply-for-drivers-licence-in-nigeria,not included,answer block; FAQs where useful; practice-area links; consultation CTA,3387,Broad blog migration remains on hold; restore only through controlled lawyer-reviewed batches.
18,https://chamanlawfirm.com/gain-nigerian-citizenship-by-marriage,Gain Nigerian Citizenship By Marriage,immigration,service,redirect configured to /practice-areas/immigration-services,505,34961,11.08,yes,not confirmed,configured to /practice-areas/immigration-services,not public,hidden/unapproved,medium - compare against live practice/blog pages,high - lawyer review required before publication,already redirected,https://chamanlawfirm.com/practice-areas/immigration-services,https://chamanlawfirm.com/practice-areas/immigration-services,included,service answer block; process steps; FAQs; contact CTA,3350,source body not present in Phase 5C prepared drafts; SEO title requires RankMath/source preservation or rewrite; meta description requires RankMath/source preservation or rewrite; image recovery/fallback required; redirect planning only; do not publish as article without equivalent content
19,https://chamanlawfirm.com/statutory-right-of-occupancy-vs-customary-right,Statutory Right Of Occupancy Vs Customary Right,general legal education,blog,redirect configured to /resources/blog/statutory-right-of-occupancy-vs-customary-right,503,14711,4.21,yes,yes,configured to /resources/blog/statutory-right-of-occupancy-vs-customary-right,approved public,none detected,low - public canonical target exists,blocked - off-brand/property-sales or spam signal,already redirected,https://chamanlawfirm.com/resources/blog/statutory-right-of-occupancy-vs-customary-right,https://chamanlawfirm.com/resources/blog/statutory-right-of-occupancy-vs-customary-right,included,answer block; FAQs where useful; practice-area links; consultation CTA,3315,Broad blog migration remains on hold; restore only through controlled lawyer-reviewed batches.
20,https://chamanlawfirm.com/steps-on-how-to-confidently-report-acrimelaw,Steps On How To Confidently Report Acrimelaw,general legal education,blog,hidden Sanity record; old URL unresolved,414,30229,5.26,yes,yes,not configured,not public,hidden/unapproved,medium - compare against live practice/blog pages,high - lawyer review required before publication,restore as blog after review,https://chamanlawfirm.com/resources/blog/steps-on-how-to-confidently-report-acrimelaw,https://chamanlawfirm.com/resources/blog/steps-on-how-to-confidently-report-acrimelaw,not included,answer block; FAQs where useful; practice-area links; consultation CTA,3006,Broad blog migration remains on hold; restore only through controlled lawyer-reviewed batches.
21,https://chamanlawfirm.com/ways-to-prove-ownership-of-land,Ways To Prove Ownership Of Land,property/title,blog,redirect configured to /resources/blog/ways-to-prove-ownership-of-land,442,28020,7.06,yes,yes,configured to /resources/blog/ways-to-prove-ownership-of-land,approved public,hidden/unapproved,low - public canonical target exists,medium - current-law verification required before publication,already redirected,https://chamanlawfirm.com/resources/blog/ways-to-prove-ownership-of-land,https://chamanlawfirm.com/resources/blog/ways-to-prove-ownership-of-land,included,answer block; FAQs where useful; practice-area links; consultation CTA,3002,Broad blog migration remains on hold; restore only through controlled lawyer-reviewed batches.
22,https://chamanlawfirm.com/5-steps-on-how-to-obtain-restraining-order,5 Steps On How To Obtain Restraining Order,general legal education,blog,redirect configured to /resources/blog/5-steps-on-how-to-obtain-restraining-order,421,7829,5.55,yes,yes,configured to /resources/blog/5-steps-on-how-to-obtain-restraining-order,approved public,none detected,low - public canonical target exists,high - lawyer review required before publication,already redirected,https://chamanlawfirm.com/resources/blog/5-steps-on-how-to-obtain-restraining-order,https://chamanlawfirm.com/resources/blog/5-steps-on-how-to-obtain-restraining-order,included,answer block; FAQs where useful; practice-area links; consultation CTA,2674,Broad blog migration remains on hold; restore only through controlled lawyer-reviewed batches.
23,https://chamanlawfirm.com/child-support-and-maintenance-payment,Child Support And Maintenance Payment,family law,blog,redirect configured to /resources/blog/child-support-and-maintenance-payment,366,29484,6.53,yes,yes,configured to /resources/blog/child-support-and-maintenance-payment,approved public,none detected,low - public canonical target exists,high - lawyer review required before publication,already redirected,https://chamanlawfirm.com/resources/blog/child-support-and-maintenance-payment,https://chamanlawfirm.com/resources/blog/child-support-and-maintenance-payment,included,answer block; FAQs where useful; practice-area links; consultation CTA,2561,Broad blog migration remains on hold; restore only through controlled lawyer-reviewed batches.
24,https://chamanlawfirm.com/what-are-elements-of-tax-law,What Are Elements Of Tax Law,corporate/commercial,blog,redirect configured to /resources/blog/what-are-elements-of-tax-law,397,10170,9.73,yes,yes,configured to /resources/blog/what-are-elements-of-tax-law,approved public,none detected,low - public canonical target exists,medium - current-law verification required before publication,already redirected,https://chamanlawfirm.com/resources/blog/what-are-elements-of-tax-law,https://chamanlawfirm.com/resources/blog/what-are-elements-of-tax-law,included,answer block; FAQs where useful; practice-area links; consultation CTA,2554,Broad blog migration remains on hold; restore only through controlled lawyer-reviewed batches.
25,https://chamanlawfirm.com/community-development-associations-law,Community Development Associations Law,general legal education,blog,redirect configured to /resources/blog/community-development-associations-law,372,16011,7.53,yes,yes,configured to /resources/blog/community-development-associations-law,approved public,hidden/unapproved,low - public canonical target exists,blocked - off-brand/property-sales or spam signal,already redirected,https://chamanlawfirm.com/resources/blog/community-development-associations-law,https://chamanlawfirm.com/resources/blog/community-development-associations-law,included,answer block; FAQs where useful; practice-area links; consultation CTA,2462,Broad blog migration remains on hold; restore only through controlled lawyer-reviewed batches.
26,https://chamanlawfirm.com/difference-between-ownership-and-possession,Difference Between Ownership And Possession,general legal education,blog,redirect configured to /resources/blog/difference-between-ownership-and-possession,375,13367,9.89,yes,yes,configured to /resources/blog/difference-between-ownership-and-possession,approved public,hidden/unapproved,low - public canonical target exists,medium - current-law verification required before publication,already redirected,https://chamanlawfirm.com/resources/blog/difference-between-ownership-and-possession,https://chamanlawfirm.com/resources/blog/difference-between-ownership-and-possession,included,answer block; FAQs where useful; practice-area links; consultation CTA,2454,Broad blog migration remains on hold; restore only through controlled lawyer-reviewed batches.
27,https://chamanlawfirm.com/how-to-notarize-a-document-in-nigeria,How To Notarize A Document In Nigeria,notary/documentation,blog,redirect configured to /resources/blog/how-to-notarize-a-document-in-nigeria,351,27073,8.97,yes,yes,configured to /resources/blog/how-to-notarize-a-document-in-nigeria,approved public,hidden/unapproved,low - public canonical target exists,medium - current-law verification required before publication,already redirected,https://chamanlawfirm.com/resources/blog/how-to-notarize-a-document-in-nigeria,https://chamanlawfirm.com/resources/blog/how-to-notarize-a-document-in-nigeria,included,answer block; FAQs where useful; practice-area links; consultation CTA,2447,Broad blog migration remains on hold; restore only through controlled lawyer-reviewed batches.
28,https://chamanlawfirm.com/tax-administration-in-nigeria,Tax Administration In Nigeria,corporate/commercial,blog,redirect configured to /resources/blog/tax-administration-in-nigeria,376,16882,14.35,yes,yes,configured to /resources/blog/tax-administration-in-nigeria,approved public,none detected,low - public canonical target exists,medium - current-law verification required before publication,already redirected,https://chamanlawfirm.com/resources/blog/tax-administration-in-nigeria,https://chamanlawfirm.com/resources/blog/tax-administration-in-nigeria,included,answer block; FAQs where useful; practice-area links; consultation CTA,2395,Broad blog migration remains on hold; restore only through controlled lawyer-reviewed batches.
29,https://chamanlawfirm.com/polygamy-and-multiple-marriages-in-nigeria,Polygamy And Multiple Marriages In Nigeria,family law,service,redirect configured to /practice-areas/family-law,262,65029,8.88,yes,not confirmed,configured to /practice-areas/family-law,not public,hidden/unapproved,medium - compare against live practice/blog pages,high - lawyer review required before publication,already redirected,https://chamanlawfirm.com/practice-areas/family-law,https://chamanlawfirm.com/practice-areas/family-law,included,service answer block; process steps; FAQs; contact CTA,2292,source body not present in Phase 5C prepared drafts; SEO title requires RankMath/source preservation or rewrite; meta description requires RankMath/source preservation or rewrite; image recovery/fallback required
30,https://chamanlawfirm.com/the-statutory-right-of-occupancy-in-nigeria,The Statutory Right Of Occupancy In Nigeria,general legal education,blog,redirect configured to /resources/blog/the-statutory-right-of-occupancy-in-nigeria,328,24757,7.85,yes,yes,configured to /resources/blog/the-statutory-right-of-occupancy-in-nigeria,approved public,hidden/unapproved,low - public canonical target exists,medium - current-law verification required before publication,already redirected,https://chamanlawfirm.com/resources/blog/the-statutory-right-of-occupancy-in-nigeria,https://chamanlawfirm.com/resources/blog/the-statutory-right-of-occupancy-in-nigeria,included,answer block; FAQs where useful; practice-area links; consultation CTA,2286,Broad blog migration remains on hold; restore only through controlled lawyer-reviewed batches.
31,https://chamanlawfirm.com/5-vital-role-of-consumer-protection-agencies,5 Vital Role Of Consumer Protection Agencies,general legal education,blog,redirect configured to /resources/blog/5-vital-role-of-consumer-protection-agencies,284,44484,8.93,yes,yes,configured to /resources/blog/5-vital-role-of-consumer-protection-agencies,approved public,none detected,low - public canonical target exists,medium - current-law verification required before publication,already redirected,https://chamanlawfirm.com/resources/blog/5-vital-role-of-consumer-protection-agencies,https://chamanlawfirm.com/resources/blog/5-vital-role-of-consumer-protection-agencies,included,answer block; FAQs where useful; practice-area links; consultation CTA,2219,Broad blog migration remains on hold; restore only through controlled lawyer-reviewed batches.
32,https://chamanlawfirm.com/how-to-replace-a-lost-a-marriage-certificate,How To Replace A Lost A Marriage Certificate,family law,blog,redirect configured to /resources/blog/how-to-replace-a-lost-a-marriage-certificate,336,7917,10.1,yes,yes,configured to /resources/blog/how-to-replace-a-lost-a-marriage-certificate,approved public,hidden/unapproved,low - public canonical target exists,medium - current-law verification required before publication,already redirected,https://chamanlawfirm.com/resources/blog/how-to-replace-a-lost-a-marriage-certificate,https://chamanlawfirm.com/resources/blog/how-to-replace-a-lost-a-marriage-certificate,included,answer block; FAQs where useful; practice-area links; consultation CTA,2065,Broad blog migration remains on hold; restore only through controlled lawyer-reviewed batches.
33,https://chamanlawfirm.com/legal-steps-to-take-when-our-land-has-been,Legal Steps To Take When Our Land Has Been,property/title,blog,redirect configured to /resources/blog/legal-steps-to-take-when-our-land-has-been,315,8372,7.14,yes,yes,configured to /resources/blog/legal-steps-to-take-when-our-land-has-been,approved public,hidden/unapproved,low - public canonical target exists,high - lawyer review required before publication,already redirected,https://chamanlawfirm.com/resources/blog/legal-steps-to-take-when-our-land-has-been,https://chamanlawfirm.com/resources/blog/legal-steps-to-take-when-our-land-has-been,included,answer block; FAQs where useful; practice-area links; consultation CTA,2044,Broad blog migration remains on hold; restore only through controlled lawyer-reviewed batches.
34,https://chamanlawfirm.com/what-is-the-implication-of-quit-notice,What Is The Implication Of Quit Notice,general legal education,service,redirect configured to /practice-areas/property-real-estate-law,283,30132,11.67,yes,not confirmed,configured to /practice-areas/property-real-estate-law,not public,hidden/unapproved,medium - compare against live practice/blog pages,medium - current-law verification required before publication,already redirected,https://chamanlawfirm.com/practice-areas/property-real-estate-law,https://chamanlawfirm.com/practice-areas/property-real-estate-law,included,service answer block; process steps; FAQs; contact CTA,1969,source body not present in Phase 5C prepared drafts; SEO title requires RankMath/source preservation or rewrite; meta description requires RankMath/source preservation or rewrite; image recovery/fallback required
35,https://chamanlawfirm.com/the-overall-list-of-federal-laws-in-nigeria,The Overall List Of Federal Laws In Nigeria,general legal education,blog,hidden Sanity record; old URL unresolved,263,22517,14.43,yes,yes,not configured,not public,hidden/unapproved,medium - compare against live practice/blog pages,low/medium - editorial legal review required,restore as blog after review,https://chamanlawfirm.com/resources/blog/the-overall-list-of-federal-laws-in-nigeria,https://chamanlawfirm.com/resources/blog/the-overall-list-of-federal-laws-in-nigeria,not included,answer block; FAQs where useful; practice-area links; consultation CTA,1923,Broad blog migration remains on hold; restore only through controlled lawyer-reviewed batches.
36,https://chamanlawfirm.com/rights-of-tenants-in-ogun-chaman-law-firm,Rights Of Tenants In Ogun Chaman Law Firm,property/title,blog,redirect configured to /resources/blog/rights-of-tenants-in-ogun-chaman-law-firm,286,6542,5.87,yes,yes,configured to /resources/blog/rights-of-tenants-in-ogun-chaman-law-firm,approved public,hidden/unapproved,low - public canonical target exists,high - lawyer review required before publication,already redirected,https://chamanlawfirm.com/resources/blog/rights-of-tenants-in-ogun-chaman-law-firm,https://chamanlawfirm.com/resources/blog/rights-of-tenants-in-ogun-chaman-law-firm,included,answer block; FAQs where useful; practice-area links; consultation CTA,1851,Broad blog migration remains on hold; restore only through controlled lawyer-reviewed batches.
37,https://chamanlawfirm.com/transfer-of-company-shares-in-nigeria,Transfer Of Company Shares In Nigeria,corporate/commercial,blog,redirect configured to /resources/blog/transfer-of-company-shares-in-nigeria,295,8083,11.99,yes,yes,configured to /resources/blog/transfer-of-company-shares-in-nigeria,approved public,hidden/unapproved,low - public canonical target exists,medium - current-law verification required before publication,already redirected,https://chamanlawfirm.com/resources/blog/transfer-of-company-shares-in-nigeria,https://chamanlawfirm.com/resources/blog/transfer-of-company-shares-in-nigeria,included,answer block; FAQs where useful; practice-area links; consultation CTA,1821,Broad blog migration remains on hold; restore only through controlled lawyer-reviewed batches.
38,https://chamanlawfirm.com/steps-to-permanent-residency-in-nigeria,Steps To Permanent Residency In Nigeria,immigration,blog,redirect configured to /resources/blog/steps-to-permanent-residency-in-nigeria,244,22900,10,yes,yes,configured to /resources/blog/steps-to-permanent-residency-in-nigeria,approved public,none detected,low - public canonical target exists,high - lawyer review required before publication,already redirected,https://chamanlawfirm.com/resources/blog/steps-to-permanent-residency-in-nigeria,https://chamanlawfirm.com/resources/blog/steps-to-permanent-residency-in-nigeria,included,answer block; FAQs where useful; practice-area links; consultation CTA,1763,Broad blog migration remains on hold; restore only through controlled lawyer-reviewed batches.
39,https://chamanlawfirm.com/challenges-facing-the-nigerian-court-system,Challenges Facing The Nigerian Court System,litigation/ADR,blog,redirect configured to /resources/blog/challenges-facing-the-nigerian-court-system,230,26691,7.67,yes,yes,configured to /resources/blog/challenges-facing-the-nigerian-court-system,approved public,hidden/unapproved,low - public canonical target exists,high - lawyer review required before publication,already redirected,https://chamanlawfirm.com/resources/blog/challenges-facing-the-nigerian-court-system,https://chamanlawfirm.com/resources/blog/challenges-facing-the-nigerian-court-system,included,answer block; FAQs where useful; practice-area links; consultation CTA,1717,Broad blog migration remains on hold; restore only through controlled lawyer-reviewed batches.
40,https://chamanlawfirm.com/what-are-the-sources-of-nigerian-law,What Are The Sources Of Nigerian Law,general legal education,blog,redirect configured to /resources/blog/what-are-the-sources-of-nigerian-law,231,30286,14.56,yes,yes,configured to /resources/blog/what-are-the-sources-of-nigerian-law,approved public,hidden/unapproved,low - public canonical target exists,medium - current-law verification required before publication,already redirected,https://chamanlawfirm.com/resources/blog/what-are-the-sources-of-nigerian-law,https://chamanlawfirm.com/resources/blog/what-are-the-sources-of-nigerian-law,included,answer block; FAQs where useful; practice-area links; consultation CTA,1659,Broad blog migration remains on hold; restore only through controlled lawyer-reviewed batches.
41,https://chamanlawfirm.com/duties-of-correctional-institutions-in-nigeria,Duties Of Correctional Institutions In Nigeria,general legal education,blog,hidden Sanity record; old URL unresolved,197,25303,7.14,yes,not confirmed,not configured,not public,hidden/unapproved,medium - compare against live practice/blog pages,high - lawyer review required before publication,restore as blog after review,https://chamanlawfirm.com/resources/blog/duties-of-correctional-institutions-in-nigeria,https://chamanlawfirm.com/resources/blog/duties-of-correctional-institutions-in-nigeria,not included,answer block; FAQs where useful; practice-area links; consultation CTA,1655,Broad blog migration remains on hold; restore only through controlled lawyer-reviewed batches.
42,https://chamanlawfirm.com/customary-vs-statutory-marriage-in-nigeria,Customary Vs Statutory Marriage In Nigeria,family law,blog,redirect configured to /resources/blog/customary-vs-statutory-marriage-in-nigeria,214,22906,9.18,yes,yes,configured to /resources/blog/customary-vs-statutory-marriage-in-nigeria,approved public,none detected,low - public canonical target exists,blocked - off-brand/property-sales or spam signal,already redirected,https://chamanlawfirm.com/resources/blog/customary-vs-statutory-marriage-in-nigeria,https://chamanlawfirm.com/resources/blog/customary-vs-statutory-marriage-in-nigeria,included,answer block; FAQs where useful; practice-area links; consultation CTA,1583,Broad blog migration remains on hold; restore only through controlled lawyer-reviewed batches.
43,https://chamanlawfirm.com/the-role-of-technology-in-nigerian-education,The Role Of Technology In Nigerian Education,general legal education,blog,hidden Sanity record; old URL unresolved,210,19932,22,yes,not confirmed,not configured,not public,hidden/unapproved,medium - compare against live practice/blog pages,blocked - off-brand/property-sales or spam signal,restore as blog after review,https://chamanlawfirm.com/resources/blog/the-role-of-technology-in-nigerian-education,https://chamanlawfirm.com/resources/blog/the-role-of-technology-in-nigerian-education,not included,answer block; FAQs where useful; practice-area links; consultation CTA,1579,Broad blog migration remains on hold; restore only through controlled lawyer-reviewed batches.
44,https://chamanlawfirm.com/how-to-file-complaint-against-police-officers-in-nigeria,How To File Complaint Against Police Officers In Nigeria,litigation/ADR,service,redirect configured to /practice-areas/litigation-dispute-resolution,226,14028,9.58,yes,not confirmed,configured to /practice-areas/litigation-dispute-resolution,not public,hidden/unapproved,medium - compare against live practice/blog pages,medium - current-law verification required before publication,already redirected,https://chamanlawfirm.com/practice-areas/litigation-dispute-resolution,https://chamanlawfirm.com/practice-areas/litigation-dispute-resolution,included,service answer block; process steps; FAQs; contact CTA,1566,source body not present in Phase 5C prepared drafts; SEO title requires RankMath/source preservation or rewrite; meta description requires RankMath/source preservation or rewrite; image recovery/fallback required
45,https://chamanlawfirm.com/is-foreign-marriage-under-the-nigerian-law,Is Foreign Marriage Under The Nigerian Law,family law,blog,redirect configured to /resources/blog/is-foreign-marriage-under-the-nigerian-law,227,9164,9.5,yes,yes,configured to /resources/blog/is-foreign-marriage-under-the-nigerian-law,approved public,hidden/unapproved,low - public canonical target exists,medium - current-law verification required before publication,already redirected,https://chamanlawfirm.com/resources/blog/is-foreign-marriage-under-the-nigerian-law,https://chamanlawfirm.com/resources/blog/is-foreign-marriage-under-the-nigerian-law,included,answer block; FAQs where useful; practice-area links; consultation CTA,1524,Broad blog migration remains on hold; restore only through controlled lawyer-reviewed batches.
46,https://chamanlawfirm.com/powerful-steps-what-is-trespass-to-land-2,Powerful Steps What Is Trespass To Land 2,property/title,blog,redirect configured to /resources/blog/powerful-steps-what-is-trespass-to-land-2,212,17921,6.13,yes,yes,configured to /resources/blog/powerful-steps-what-is-trespass-to-land-2,approved public,hidden/unapproved,low - public canonical target exists,high - lawyer review required before publication,already redirected,https://chamanlawfirm.com/resources/blog/powerful-steps-what-is-trespass-to-land-2,https://chamanlawfirm.com/resources/blog/powerful-steps-what-is-trespass-to-land-2,included,answer block; FAQs where useful; practice-area links; consultation CTA,1521,Broad blog migration remains on hold; restore only through controlled lawyer-reviewed batches.
47,https://chamanlawfirm.com/sharing-of-property-after-divorce-in-nigeria,Sharing Of Property After Divorce In Nigeria,property/title,blog,redirect configured to /resources/blog/sharing-of-property-after-divorce-in-nigeria,231,14184,10.87,yes,yes,configured to /resources/blog/sharing-of-property-after-divorce-in-nigeria,approved public,hidden/unapproved,low - public canonical target exists,medium - current-law verification required before publication,already redirected,https://chamanlawfirm.com/resources/blog/sharing-of-property-after-divorce-in-nigeria,https://chamanlawfirm.com/resources/blog/sharing-of-property-after-divorce-in-nigeria,included,answer block; FAQs where useful; practice-area links; consultation CTA,1498,Broad blog migration remains on hold; restore only through controlled lawyer-reviewed batches.
48,https://chamanlawfirm.com/abandonment-and-withdrew-of-court-action,Abandonment And Withdrew Of Court Action,litigation/ADR,blog,redirect configured to /resources/blog/abandonment-and-withdrew-of-court-action,219,10144,6.77,yes,yes,configured to /resources/blog/abandonment-and-withdrew-of-court-action,approved public,hidden/unapproved,low - public canonical target exists,high - lawyer review required before publication,already redirected,https://chamanlawfirm.com/resources/blog/abandonment-and-withdrew-of-court-action,https://chamanlawfirm.com/resources/blog/abandonment-and-withdrew-of-court-action,included,answer block; FAQs where useful; practice-area links; consultation CTA,1485,image recovery/fallback required
49,https://chamanlawfirm.com/taxation-of-sole-proprietorship,Taxation Of Sole Proprietorship,corporate/commercial,blog,redirect configured to /resources/blog/taxation-of-sole-proprietorship,215,10558,5.34,yes,yes,configured to /resources/blog/taxation-of-sole-proprietorship,approved public,none detected,low - public canonical target exists,medium - current-law verification required before publication,already redirected,https://chamanlawfirm.com/resources/blog/taxation-of-sole-proprietorship,https://chamanlawfirm.com/resources/blog/taxation-of-sole-proprietorship,included,answer block; FAQs where useful; practice-area links; consultation CTA,1466,Broad blog migration remains on hold; restore only through controlled lawyer-reviewed batches.
50,https://chamanlawfirm.com/statute-of-limitations-on-debt-in-nigeria,Statute Of Limitations On Debt In Nigeria,debt recovery,blog,redirect configured to /resources/blog/statute-of-limitations-on-debt-in-nigeria,229,10391,10.89,yes,yes,configured to /resources/blog/statute-of-limitations-on-debt-in-nigeria,approved public,hidden/unapproved,low - public canonical target exists,medium - current-law verification required before publication,already redirected,https://chamanlawfirm.com/resources/blog/statute-of-limitations-on-debt-in-nigeria,https://chamanlawfirm.com/resources/blog/statute-of-limitations-on-debt-in-nigeria,included,answer block; FAQs where useful; practice-area links; consultation CTA,1448,Broad blog migration remains on hold; restore only through controlled lawyer-reviewed batches.
51,https://chamanlawfirm.com/registration-of-trade-union-in-nigeria,Registration Of Trade Union In Nigeria,general legal education,service,redirect configured to /practice-areas/employment-law,227,11085,14.87,not confirmed,not confirmed,configured to /practice-areas/employment-law,not public,none detected,unknown,low/medium - editorial legal review required,already redirected,https://chamanlawfirm.com/practice-areas/employment-law,https://chamanlawfirm.com/practice-areas/employment-law,included,service answer block; process steps; FAQs; contact CTA,1443,source body not present in Phase 5C prepared drafts; SEO title requires RankMath/source preservation or rewrite; meta description requires RankMath/source preservation or rewrite; image recovery/fallback required
52,https://chamanlawfirm.com/taxation-of-the-construction-sector-in-nigeria,Taxation Of The Construction Sector In Nigeria,corporate/commercial,blog,redirect configured to /resources/blog/taxation-of-the-construction-sector-in-nigeria,234,4891,10.54,yes,yes,configured to /resources/blog/taxation-of-the-construction-sector-in-nigeria,approved public,hidden/unapproved,low - public canonical target exists,medium - current-law verification required before publication,already redirected,https://chamanlawfirm.com/resources/blog/taxation-of-the-construction-sector-in-nigeria,https://chamanlawfirm.com/resources/blog/taxation-of-the-construction-sector-in-nigeria,included,answer block; FAQs where useful; practice-area links; consultation CTA,1423,Broad blog migration remains on hold; restore only through controlled lawyer-reviewed batches.
53,https://chamanlawfirm.com/how-to-secure-child-support-and-maintenance,How To Secure Child Support And Maintenance,family law,blog,redirect configured to /resources/blog/how-to-secure-child-support-and-maintenance,194,18502,6.2,yes,yes,configured to /resources/blog/how-to-secure-child-support-and-maintenance,approved public,none detected,low - public canonical target exists,medium - current-law verification required before publication,already redirected,https://chamanlawfirm.com/resources/blog/how-to-secure-child-support-and-maintenance,https://chamanlawfirm.com/resources/blog/how-to-secure-child-support-and-maintenance,included,answer block; FAQs where useful; practice-area links; consultation CTA,1419,Broad blog migration remains on hold; restore only through controlled lawyer-reviewed batches.
54,https://chamanlawfirm.com/to-apply-for-and-get-certificate-of-occupancy,To Apply For And Get Certificate Of Occupancy,property/title,blog,redirect configured to /resources/blog/to-apply-for-and-get-certificate-of-occupancy,188,21261,8.57,yes,yes,configured to /resources/blog/to-apply-for-and-get-certificate-of-occupancy,approved public,none detected,low - public canonical target exists,medium - current-law verification required before publication,already redirected,https://chamanlawfirm.com/resources/blog/to-apply-for-and-get-certificate-of-occupancy,https://chamanlawfirm.com/resources/blog/to-apply-for-and-get-certificate-of-occupancy,included,answer block; FAQs where useful; practice-area links; consultation CTA,1411,Broad blog migration remains on hold; restore only through controlled lawyer-reviewed batches.
55,https://chamanlawfirm.com/stamping-and-up-stamping-of-a-mortgage-document,Stamping And Up Stamping Of A Mortgage Document,notary/documentation,blog,hidden Sanity record; old URL unresolved,187,6730,6.22,yes,yes,not configured,not public,hidden/unapproved,medium - compare against live practice/blog pages,medium - current-law verification required before publication,restore as blog after review,https://chamanlawfirm.com/resources/blog/stamping-and-up-stamping-of-a-mortgage-document,https://chamanlawfirm.com/resources/blog/stamping-and-up-stamping-of-a-mortgage-document,not included,answer block; FAQs where useful; practice-area links; consultation CTA,1409,Broad blog migration remains on hold; restore only through controlled lawyer-reviewed batches.
56,https://chamanlawfirm.com/certificate-of-occupancy-in-rivers-state,Certificate Of Occupancy In Rivers State,property/title,blog,redirect configured to /resources/blog/certificate-of-occupancy-in-rivers-state,210,5338,9.43,yes,yes,configured to /resources/blog/certificate-of-occupancy-in-rivers-state,approved public,hidden/unapproved,low - public canonical target exists,blocked - off-brand/property-sales or spam signal,already redirected,https://chamanlawfirm.com/resources/blog/certificate-of-occupancy-in-rivers-state,https://chamanlawfirm.com/resources/blog/certificate-of-occupancy-in-rivers-state,included,answer block; FAQs where useful; practice-area links; consultation CTA,1383,source body not present in Phase 5C prepared drafts; SEO title requires RankMath/source preservation or rewrite; meta description requires RankMath/source preservation or rewrite; image recovery/fallback required
57,https://chamanlawfirm.com/the-duties-of-lawyers-to-client,The Duties Of Lawyers To Client,general legal education,blog,redirect configured to /resources/blog/the-duties-of-lawyers-to-client,202,10665,15.36,yes,yes,configured to /resources/blog/the-duties-of-lawyers-to-client,approved public,hidden/unapproved,low - public canonical target exists,medium - current-law verification required before publication,already redirected,https://chamanlawfirm.com/resources/blog/the-duties-of-lawyers-to-client,https://chamanlawfirm.com/resources/blog/the-duties-of-lawyers-to-client,included,answer block; FAQs where useful; practice-area links; consultation CTA,1289,Broad blog migration remains on hold; restore only through controlled lawyer-reviewed batches.
58,https://chamanlawfirm.com/the-nigerian-legal-system,The Nigerian Legal System,general legal education,blog,hidden Sanity record; old URL unresolved,145,21767,24.88,yes,yes,not configured,not public,hidden/unapproved,medium - compare against live practice/blog pages,high - lawyer review required before publication,restore as blog after review,https://chamanlawfirm.com/resources/blog/the-nigerian-legal-system,https://chamanlawfirm.com/resources/blog/the-nigerian-legal-system,not included,answer block; FAQs where useful; practice-area links; consultation CTA,1208,Broad blog migration remains on hold; restore only through controlled lawyer-reviewed batches.
59,https://chamanlawfirm.com/how-to-apply-for-certificate-of-good-conduct-in-nigeria,How To Apply For Certificate Of Good Conduct In Nigeria,general legal education,blog,hidden Sanity record; old URL unresolved,150,8056,7.41,yes,not confirmed,not configured,not public,hidden/unapproved,medium - compare against live practice/blog pages,high - lawyer review required before publication,restore as blog after review,https://chamanlawfirm.com/resources/blog/how-to-apply-for-certificate-of-good-conduct-in-nigeria,https://chamanlawfirm.com/resources/blog/how-to-apply-for-certificate-of-good-conduct-in-nigeria,not included,answer block; FAQs where useful; practice-area links; consultation CTA,1201,Broad blog migration remains on hold; restore only through controlled lawyer-reviewed batches.
60,https://chamanlawfirm.com/can-a-minor-enter-into-a-valid-contract-in-nigeria,Can A Minor Enter Into A Valid Contract In Nigeria,corporate/commercial,service,redirect configured to /practice-areas/corporate-commercial-law,168,10340,8.76,yes,yes,configured to /practice-areas/corporate-commercial-law,not public,hidden/unapproved,medium - compare against live practice/blog pages,blocked - off-brand/property-sales or spam signal,already redirected,https://chamanlawfirm.com/practice-areas/corporate-commercial-law,https://chamanlawfirm.com/practice-areas/corporate-commercial-law,included,service answer block; process steps; FAQs; contact CTA,1181,image recovery/fallback required
61,https://chamanlawfirm.com/how-to-legally-change-a-child-surname,How To Legally Change A Child Surname,family law,service,redirect configured to /practice-areas/family-law,180,10512,10.02,not confirmed,not confirmed,configured to /practice-areas/family-law,not public,none detected,unknown,low/medium - editorial legal review required,already redirected,https://chamanlawfirm.com/practice-areas/family-law,https://chamanlawfirm.com/practice-areas/family-law,included,service answer block; process steps; FAQs; contact CTA,1155,source body not present in Phase 5C prepared drafts; SEO title requires RankMath/source preservation or rewrite; meta description requires RankMath/source preservation or rewrite; image recovery/fallback required; redirect planning only; do not publish as article without equivalent content
62,https://chamanlawfirm.com/annulment-of-marriage-under-the-nigerian-law,Annulment Of Marriage Under The Nigerian Law,family law,blog,redirect configured to /resources/blog/annulment-of-marriage-under-the-nigerian-law,163,7865,7.87,yes,yes,configured to /resources/blog/annulment-of-marriage-under-the-nigerian-law,approved public,hidden/unapproved,low - public canonical target exists,medium - current-law verification required before publication,already redirected,https://chamanlawfirm.com/resources/blog/annulment-of-marriage-under-the-nigerian-law,https://chamanlawfirm.com/resources/blog/annulment-of-marriage-under-the-nigerian-law,included,answer block; FAQs where useful; practice-area links; consultation CTA,1127,Broad blog migration remains on hold; restore only through controlled lawyer-reviewed batches.
63,https://chamanlawfirm.com/powerful-steps-sources-of-tax-law-in-nigeria,Powerful Steps Sources Of Tax Law In Nigeria,corporate/commercial,service,redirect configured to /practice-areas/corporate-commercial-law,146,9857,3.66,yes,yes,configured to /practice-areas/corporate-commercial-law,not public,hidden/unapproved,medium - compare against live practice/blog pages,medium - current-law verification required before publication,already redirected,https://chamanlawfirm.com/practice-areas/corporate-commercial-law,https://chamanlawfirm.com/practice-areas/corporate-commercial-law,included,service answer block; process steps; FAQs; contact CTA,1125,source body not present in Phase 5C prepared drafts; SEO title requires RankMath/source preservation or rewrite; meta description requires RankMath/source preservation or rewrite; image recovery/fallback required
64,https://chamanlawfirm.com/the-role-of-the-judiciary-in-nigerian-democracy,The Role Of The Judiciary In Nigerian Democracy,litigation/ADR,service,redirect configured to /practice-areas/litigation-dispute-resolution,177,8272,16.9,not confirmed,not confirmed,configured to /practice-areas/litigation-dispute-resolution,not public,none detected,unknown,low/medium - editorial legal review required,already redirected,https://chamanlawfirm.com/practice-areas/litigation-dispute-resolution,https://chamanlawfirm.com/practice-areas/litigation-dispute-resolution,included,service answer block; process steps; FAQs; contact CTA,1115,source body not present in Phase 5C prepared drafts; SEO title requires RankMath/source preservation or rewrite; meta description requires RankMath/source preservation or rewrite; image recovery/fallback required; redirect planning only; do not publish as article without equivalent content
65,https://chamanlawfirm.com/family-property-and-right-of-individual-member-in-family-property,Family Property And Right Of Individual Member In Family Property,property/title,blog,redirect configured to /resources/blog/family-property-and-right-of-individual-member-in-family-property,166,4234,9.42,yes,yes,configured to /resources/blog/family-property-and-right-of-individual-member-in-family-property,approved public,hidden/unapproved,low - public canonical target exists,medium - current-law verification required before publication,already redirected,https://chamanlawfirm.com/resources/blog/family-property-and-right-of-individual-member-in-family-property,https://chamanlawfirm.com/resources/blog/family-property-and-right-of-individual-member-in-family-property,included,answer block; FAQs where useful; practice-area links; consultation CTA,1108,Broad blog migration remains on hold; restore only through controlled lawyer-reviewed batches.
66,https://chamanlawfirm.com/nigeria-prohibited-items-list,Nigeria Prohibited Items List,general legal education,blog,hidden Sanity record; old URL unresolved,127,21883,11.78,yes,not confirmed,not configured,not public,hidden/unapproved,medium - compare against live practice/blog pages,high - lawyer review required before publication,restore as blog after review,https://chamanlawfirm.com/resources/blog/nigeria-prohibited-items-list,https://chamanlawfirm.com/resources/blog/nigeria-prohibited-items-list,not included,answer block; FAQs where useful; practice-area links; consultation CTA,1101,Broad blog migration remains on hold; restore only through controlled lawyer-reviewed batches.
67,https://chamanlawfirm.com/how-do-i-legally-evict-a-tenant-in-ogun-state,How Do I Legally Evict A Tenant In Ogun State,property/title,service,redirect configured to /practice-areas/property-real-estate-law,151,4331,4.79,yes,yes,configured to /practice-areas/property-real-estate-law,not public,hidden/unapproved,medium - compare against live practice/blog pages,high - lawyer review required before publication,already redirected,https://chamanlawfirm.com/practice-areas/property-real-estate-law,https://chamanlawfirm.com/practice-areas/property-real-estate-law,included,service answer block; process steps; FAQs; contact CTA,1099,
68,https://chamanlawfirm.com/dissolution-of-marriage-under-the-nigeria-law,Dissolution Of Marriage Under The Nigeria Law,family law,blog,redirect configured to /resources/blog/dissolution-of-marriage-under-the-nigeria-law,171,9696,15.21,yes,yes,configured to /resources/blog/dissolution-of-marriage-under-the-nigeria-law,approved public,hidden/unapproved,low - public canonical target exists,high - lawyer review required before publication,already redirected,https://chamanlawfirm.com/resources/blog/dissolution-of-marriage-under-the-nigeria-law,https://chamanlawfirm.com/resources/blog/dissolution-of-marriage-under-the-nigeria-law,included,answer block; FAQs where useful; practice-area links; consultation CTA,1093,Broad blog migration remains on hold; restore only through controlled lawyer-reviewed batches.
69,https://chamanlawfirm.com/communal-land-and-family-land,Communal Land And Family Land,property/title,blog,redirect configured to /resources/blog/communal-land-and-family-land,151,11645,7.9,yes,yes,configured to /resources/blog/communal-land-and-family-land,approved public,hidden/unapproved,low - public canonical target exists,medium - current-law verification required before publication,already redirected,https://chamanlawfirm.com/resources/blog/communal-land-and-family-land,https://chamanlawfirm.com/resources/blog/communal-land-and-family-land,included,answer block; FAQs where useful; practice-area links; consultation CTA,1092,Broad blog migration remains on hold; restore only through controlled lawyer-reviewed batches.
70,https://chamanlawfirm.com/land-ownership-disputes-in-nigeria,Land Ownership Disputes In Nigeria,property/title,blog,redirect configured to /resources/blog/land-ownership-disputes-in-nigeria,151,10907,8.27,yes,yes,configured to /resources/blog/land-ownership-disputes-in-nigeria,approved public,hidden/unapproved,low - public canonical target exists,high - lawyer review required before publication,already redirected,https://chamanlawfirm.com/resources/blog/land-ownership-disputes-in-nigeria,https://chamanlawfirm.com/resources/blog/land-ownership-disputes-in-nigeria,included,answer block; FAQs where useful; practice-area links; consultation CTA,1085,Broad blog migration remains on hold; restore only through controlled lawyer-reviewed batches.
71,https://chamanlawfirm.com/conditions-for-granting-injunctions-and-types-of-injunctions,Conditions For Granting Injunctions And Types Of Injunctions,litigation/ADR,service,redirect configured to /practice-areas/litigation-dispute-resolution,164,3033,9.29,yes,not confirmed,configured to /practice-areas/litigation-dispute-resolution,not public,hidden/unapproved,medium - compare against live practice/blog pages,high - lawyer review required before publication,already redirected,https://chamanlawfirm.com/practice-areas/litigation-dispute-resolution,https://chamanlawfirm.com/practice-areas/litigation-dispute-resolution,included,service answer block; process steps; FAQs; contact CTA,1084,source body not present in Phase 5C prepared drafts; SEO title requires RankMath/source preservation or rewrite; meta description requires RankMath/source preservation or rewrite; image recovery/fallback required
72,https://chamanlawfirm.com/how-to-verify-land-title-before-buying-land,How To Verify Land Title Before Buying Land,property/title,service,redirect configured to /practice-areas/property-real-estate-law/property-verification,154,8738,6.08,not confirmed,not confirmed,configured to /practice-areas/property-real-estate-law/property-verification,not public,none detected,unknown,low/medium - editorial legal review required,already redirected,https://chamanlawfirm.com/practice-areas/property-real-estate-law/property-verification,https://chamanlawfirm.com/practice-areas/property-real-estate-law/property-verification,included,service answer block; process steps; FAQs; contact CTA,1081,source body not present in Phase 5C prepared drafts; SEO title requires RankMath/source preservation or rewrite; meta description requires RankMath/source preservation or rewrite; image recovery/fallback required; redirect planning only; do not publish as article without equivalent content
73,https://chamanlawfirm.com/void-and-voidable-marriages-in-nigeria,Void And Voidable Marriages In Nigeria,family law,service,redirect configured to /practice-areas/family-law,172,7850,14.05,yes,yes,configured to /practice-areas/family-law,not public,hidden/unapproved,medium - compare against live practice/blog pages,high - lawyer review required before publication,already redirected,https://chamanlawfirm.com/practice-areas/family-law,https://chamanlawfirm.com/practice-areas/family-law,included,service answer block; process steps; FAQs; contact CTA,1081,image recovery/fallback required
74,https://chamanlawfirm.com/what-are-rights-of-women-to-inheritance-in-nigeria,What Are Rights Of Women To Inheritance In Nigeria,probate/estate,blog,redirect configured to /resources/blog/what-are-rights-of-women-to-inheritance-in-nigeria,152,8878,8.51,yes,yes,configured to /resources/blog/what-are-rights-of-women-to-inheritance-in-nigeria,approved public,hidden/unapproved,low - public canonical target exists,medium - current-law verification required before publication,already redirected,https://chamanlawfirm.com/resources/blog/what-are-rights-of-women-to-inheritance-in-nigeria,https://chamanlawfirm.com/resources/blog/what-are-rights-of-women-to-inheritance-in-nigeria,included,answer block; FAQs where useful; practice-area links; consultation CTA,1071,Broad blog migration remains on hold; restore only through controlled lawyer-reviewed batches.
75,https://chamanlawfirm.com/overview-of-the-concept-recovery-of-premises,Overview Of The Concept Recovery Of Premises,property/title,service,redirect configured to /practice-areas/property-real-estate-law,151,8920,9.6,yes,not confirmed,configured to /practice-areas/property-real-estate-law,not public,hidden/unapproved,medium - compare against live practice/blog pages,high - lawyer review required before publication,already redirected,https://chamanlawfirm.com/practice-areas/property-real-estate-law,https://chamanlawfirm.com/practice-areas/property-real-estate-law,included,service answer block; process steps; FAQs; contact CTA,1065,image recovery/fallback required
76,https://chamanlawfirm.com/types-of-land-registration-in-nigeria,Types Of Land Registration In Nigeria,property/title,blog,redirect configured to /resources/blog/types-of-land-registration-in-nigeria,150,9485,9.92,yes,yes,configured to /resources/blog/types-of-land-registration-in-nigeria,approved public,hidden/unapproved,low - public canonical target exists,medium - current-law verification required before publication,already redirected,https://chamanlawfirm.com/resources/blog/types-of-land-registration-in-nigeria,https://chamanlawfirm.com/resources/blog/types-of-land-registration-in-nigeria,included,answer block; FAQs where useful; practice-area links; consultation CTA,1065,Broad blog migration remains on hold; restore only through controlled lawyer-reviewed batches.
77,https://chamanlawfirm.com/cost-of-building-approval-chaman-law-firm,Cost Of Building Approval Chaman Law Firm,general legal education,service,redirect configured to /practice-areas/property-real-estate-law,142,5152,4.55,yes,not confirmed,configured to /practice-areas/property-real-estate-law,not public,hidden/unapproved,medium - compare against live practice/blog pages,medium - current-law verification required before publication,already redirected,https://chamanlawfirm.com/practice-areas/property-real-estate-law,https://chamanlawfirm.com/practice-areas/property-real-estate-law,included,service answer block; process steps; FAQs; contact CTA,1054,image recovery/fallback required
78,https://chamanlawfirm.com/understanding-rent-increase-laws-in-lagos,Understanding Rent Increase Laws In Lagos,property/title,service,redirect configured to /practice-areas/property-real-estate-law,115,27541,5.93,not confirmed,not confirmed,configured to /practice-areas/property-real-estate-law,not public,none detected,unknown,low/medium - editorial legal review required,already redirected,https://chamanlawfirm.com/practice-areas/property-real-estate-law,https://chamanlawfirm.com/practice-areas/property-real-estate-law,included,service answer block; process steps; FAQs; contact CTA,1035,source body not present in Phase 5C prepared drafts; SEO title requires RankMath/source preservation or rewrite; meta description requires RankMath/source preservation or rewrite; image recovery/fallback required
79,https://chamanlawfirm.com/land-grabbing-the-legal-consequences-of,Land Grabbing The Legal Consequences Of,property/title,service,redirect configured to /practice-areas/property-real-estate-law,148,7395,9.15,yes,not confirmed,configured to /practice-areas/property-real-estate-law,not public,hidden/unapproved,medium - compare against live practice/blog pages,low/medium - editorial legal review required,already redirected,https://chamanlawfirm.com/practice-areas/property-real-estate-law,https://chamanlawfirm.com/practice-areas/property-real-estate-law,included,service answer block; process steps; FAQs; contact CTA,1032,image recovery/fallback required
80,https://chamanlawfirm.com/the-role-of-family-court-in-relation-to-child-protect-in-nigeria,The Role Of Family Court In Relation To Child Protect In Nigeria,litigation/ADR,blog,redirect configured to /resources/blog/the-role-of-family-court-in-relation-to-child-protect-in-nigeria,144,6480,9.3,yes,yes,configured to /resources/blog/the-role-of-family-court-in-relation-to-child-protect-in-nigeria,approved public,hidden/unapproved,low - public canonical target exists,high - lawyer review required before publication,already redirected,https://chamanlawfirm.com/resources/blog/the-role-of-family-court-in-relation-to-child-protect-in-nigeria,https://chamanlawfirm.com/resources/blog/the-role-of-family-court-in-relation-to-child-protect-in-nigeria,included,answer block; FAQs where useful; practice-area links; consultation CTA,999,Broad blog migration remains on hold; restore only through controlled lawyer-reviewed batches.
81,https://chamanlawfirm.com/is-police-bail-free-in-nigeria,Is Police Bail Free In Nigeria,litigation/ADR,service,redirect configured to /practice-areas/litigation-dispute-resolution,146,13323,10.55,not confirmed,not confirmed,configured to /practice-areas/litigation-dispute-resolution,not public,none detected,unknown,high - lawyer review required before publication,already redirected,https://chamanlawfirm.com/practice-areas/litigation-dispute-resolution,https://chamanlawfirm.com/practice-areas/litigation-dispute-resolution,included,service answer block; process steps; FAQs; contact CTA,979,source body not present in Phase 5C prepared drafts; SEO title requires RankMath/source preservation or rewrite; meta description requires RankMath/source preservation or rewrite; image recovery/fallback required
82,https://chamanlawfirm.com/complete-guide-to-probate-registry-in-lagos,Complete Guide To Probate Registry In Lagos,probate/estate,blog,redirect configured to /resources/blog/complete-guide-to-probate-registry-in-lagos,140,6097,7.52,yes,yes,configured to /resources/blog/complete-guide-to-probate-registry-in-lagos,approved public,none detected,low - public canonical target exists,medium - current-law verification required before publication,already redirected,https://chamanlawfirm.com/resources/blog/complete-guide-to-probate-registry-in-lagos,https://chamanlawfirm.com/resources/blog/complete-guide-to-probate-registry-in-lagos,included,answer block; FAQs where useful; practice-area links; consultation CTA,971,Broad blog migration remains on hold; restore only through controlled lawyer-reviewed batches.
83,https://chamanlawfirm.com/what-to-know-about-company-resolution,What To Know About Company Resolution,corporate/commercial,blog,redirect configured to /resources/blog/what-to-know-about-company-resolution,146,12053,12.76,yes,yes,configured to /resources/blog/what-to-know-about-company-resolution,approved public,hidden/unapproved,low - public canonical target exists,medium - current-law verification required before publication,already redirected,https://chamanlawfirm.com/resources/blog/what-to-know-about-company-resolution,https://chamanlawfirm.com/resources/blog/what-to-know-about-company-resolution,included,answer block; FAQs where useful; practice-area links; consultation CTA,967,Broad blog migration remains on hold; restore only through controlled lawyer-reviewed batches.
84,https://chamanlawfirm.com/overview-of-latches-and-acquiescence,Overview Of Latches And Acquiescence,general legal education,service,redirect configured to /practice-areas/litigation-dispute-resolution,149,9158,11.59,not confirmed,not confirmed,configured to /practice-areas/litigation-dispute-resolution,not public,none detected,unknown,low/medium - editorial legal review required,already redirected,https://chamanlawfirm.com/practice-areas/litigation-dispute-resolution,https://chamanlawfirm.com/practice-areas/litigation-dispute-resolution,included,service answer block; process steps; FAQs; contact CTA,956,source body not present in Phase 5C prepared drafts; SEO title requires RankMath/source preservation or rewrite; meta description requires RankMath/source preservation or rewrite; image recovery/fallback required
85,https://chamanlawfirm.com/property-how-to-place-a-caveat,Property How To Place A Caveat,property/title,service,redirect configured to /practice-areas/property-real-estate-law,140,4283,9.89,yes,yes,configured to /practice-areas/property-real-estate-law,not public,hidden/unapproved,medium - compare against live practice/blog pages,medium - current-law verification required before publication,already redirected,https://chamanlawfirm.com/practice-areas/property-real-estate-law,https://chamanlawfirm.com/practice-areas/property-real-estate-law,included,service answer block; process steps; FAQs; contact CTA,953,source body not present in Phase 5C prepared drafts; SEO title requires RankMath/source preservation or rewrite; meta description requires RankMath/source preservation or rewrite; image recovery/fallback required
86,https://chamanlawfirm.com/how-to-calculate-stamp-duty-chaman-law-firm,How To Calculate Stamp Duty Chaman Law Firm,general legal education,blog,redirect configured to /resources/blog/how-to-calculate-stamp-duty-chaman-law-firm,138,5274,6.52,yes,yes,configured to /resources/blog/how-to-calculate-stamp-duty-chaman-law-firm,approved public,hidden/unapproved,low - public canonical target exists,blocked - off-brand/property-sales or spam signal,already redirected,https://chamanlawfirm.com/resources/blog/how-to-calculate-stamp-duty-chaman-law-firm,https://chamanlawfirm.com/resources/blog/how-to-calculate-stamp-duty-chaman-law-firm,included,answer block; FAQs where useful; practice-area links; consultation CTA,951,Broad blog migration remains on hold; restore only through controlled lawyer-reviewed batches.
87,https://chamanlawfirm.com/legal-implications-of-joint-property,Legal Implications Of Joint Property,property/title,blog,hidden Sanity record; old URL unresolved,112,5574,8.86,yes,not confirmed,not configured,not public,hidden/unapproved,medium - compare against live practice/blog pages,blocked - off-brand/property-sales or spam signal,restore as blog after review,https://chamanlawfirm.com/resources/blog/legal-implications-of-joint-property,https://chamanlawfirm.com/resources/blog/legal-implications-of-joint-property,not included,answer block; FAQs where useful; practice-area links; consultation CTA,948,Broad blog migration remains on hold; restore only through controlled lawyer-reviewed batches.
88,https://chamanlawfirm.com/what-is-the-process-of-land-acquisition,What Is The Process Of Land Acquisition,property/title,blog,redirect configured to /resources/blog/what-is-the-process-of-land-acquisition,145,10528,11.39,yes,yes,configured to /resources/blog/what-is-the-process-of-land-acquisition,approved public,hidden/unapproved,low - public canonical target exists,medium - current-law verification required before publication,already redirected,https://chamanlawfirm.com/resources/blog/what-is-the-process-of-land-acquisition,https://chamanlawfirm.com/resources/blog/what-is-the-process-of-land-acquisition,included,answer block; FAQs where useful; practice-area links; consultation CTA,945,Broad blog migration remains on hold; restore only through controlled lawyer-reviewed batches.
89,https://chamanlawfirm.com/can-a-landlord-increase-rent-arbitrarily-in-ogun,Can A Landlord Increase Rent Arbitrarily In Ogun,property/title,service,redirect configured to /practice-areas/property-real-estate-law,136,4178,7.4,yes,yes,configured to /practice-areas/property-real-estate-law,not public,hidden/unapproved,medium - compare against live practice/blog pages,medium - current-law verification required before publication,already redirected,https://chamanlawfirm.com/practice-areas/property-real-estate-law,https://chamanlawfirm.com/practice-areas/property-real-estate-law,included,service answer block; process steps; FAQs; contact CTA,928,source body not present in Phase 5C prepared drafts; SEO title requires RankMath/source preservation or rewrite; meta description requires RankMath/source preservation or rewrite; image recovery/fallback required
90,https://chamanlawfirm.com/deal-with-and-bad-tenant-as-a-landlord,Deal With And Bad Tenant As A Landlord,property/title,blog,redirect configured to /resources/blog/deal-with-and-bad-tenant-as-a-landlord,130,7642,7.8,yes,yes,configured to /resources/blog/deal-with-and-bad-tenant-as-a-landlord,approved public,hidden/unapproved,low - public canonical target exists,high - lawyer review required before publication,already redirected,https://chamanlawfirm.com/resources/blog/deal-with-and-bad-tenant-as-a-landlord,https://chamanlawfirm.com/resources/blog/deal-with-and-bad-tenant-as-a-landlord,included,answer block; FAQs where useful; practice-area links; consultation CTA,926,image recovery/fallback required
91,https://chamanlawfirm.com/probate-in-lagos-everything-you-need-to-know,Probate In Lagos Everything You Need To Know,probate/estate,service,hidden Sanity record; old URL unresolved,94,6122,4.79,yes,not confirmed,not configured,not public,hidden/unapproved,medium - compare against live practice/blog pages,medium - current-law verification required before publication,defer for static/service review,https://chamanlawfirm.com/practice-areas/probate-estate-administration,https://chamanlawfirm.com/practice-areas/probate-estate-administration,included,service answer block; process steps; FAQs; contact CTA,925,"Needs full content, image, canonical, and legal review before publication."
92,https://chamanlawfirm.com/what-governs-contract-in-nigeria,What Governs Contract In Nigeria,corporate/commercial,blog,redirect configured to /resources/blog/what-governs-contract-in-nigeria,119,13789,8.55,yes,yes,configured to /resources/blog/what-governs-contract-in-nigeria,approved public,none detected,low - public canonical target exists,medium - current-law verification required before publication,already redirected,https://chamanlawfirm.com/resources/blog/what-governs-contract-in-nigeria,https://chamanlawfirm.com/resources/blog/what-governs-contract-in-nigeria,included,answer block; FAQs where useful; practice-area links; consultation CTA,922,Broad blog migration remains on hold; restore only through controlled lawyer-reviewed batches.
93,https://chamanlawfirm.com/land-registration-system-in-nigeria,Land Registration System In Nigeria,property/title,blog,hidden Sanity record; old URL unresolved,101,7937,7.31,yes,yes,not configured,not public,hidden/unapproved,medium - compare against live practice/blog pages,medium - current-law verification required before publication,restore as blog after review,https://chamanlawfirm.com/resources/blog/land-registration-system-in-nigeria,https://chamanlawfirm.com/resources/blog/land-registration-system-in-nigeria,not included,answer block; FAQs where useful; practice-area links; consultation CTA,905,Broad blog migration remains on hold; restore only through controlled lawyer-reviewed batches.
94,https://chamanlawfirm.com/obtaining-governor-consent-for-land-transactions,Obtaining Governor Consent For Land Transactions,property/title,blog,redirect configured to /resources/blog/obtaining-governor-consent-for-land-transactions,115,14071,6.76,yes,yes,configured to /resources/blog/obtaining-governor-consent-for-land-transactions,approved public,none detected,low - public canonical target exists,medium - current-law verification required before publication,already redirected,https://chamanlawfirm.com/resources/blog/obtaining-governor-consent-for-land-transactions,https://chamanlawfirm.com/resources/blog/obtaining-governor-consent-for-land-transactions,included,answer block; FAQs where useful; practice-area links; consultation CTA,901,Broad blog migration remains on hold; restore only through controlled lawyer-reviewed batches.
95,https://chamanlawfirm.com/laspppa-what-it-is-and-why-it-matters-in-lagos,Laspppa What It Is And Why It Matters In Lagos,general legal education,blog,hidden Sanity record; old URL unresolved,88,15004,6.39,yes,not confirmed,not configured,not public,hidden/unapproved,medium - compare against live practice/blog pages,medium - current-law verification required before publication,restore as blog after review,https://chamanlawfirm.com/resources/blog/laspppa-what-it-is-and-why-it-matters-in-lagos,https://chamanlawfirm.com/resources/blog/laspppa-what-it-is-and-why-it-matters-in-lagos,not included,answer block; FAQs where useful; practice-area links; consultation CTA,898,Broad blog migration remains on hold; restore only through controlled lawyer-reviewed batches.
96,https://chamanlawfirm.com/how-to-legally-sublet-a-property-in-nigeria,How To Legally Sublet A Property In Nigeria,property/title,blog,redirect configured to /resources/blog/how-to-legally-sublet-a-property-in-nigeria,124,8399,5.65,yes,yes,configured to /resources/blog/how-to-legally-sublet-a-property-in-nigeria,approved public,hidden/unapproved,low - public canonical target exists,medium - current-law verification required before publication,already redirected,https://chamanlawfirm.com/resources/blog/how-to-legally-sublet-a-property-in-nigeria,https://chamanlawfirm.com/resources/blog/how-to-legally-sublet-a-property-in-nigeria,included,answer block; FAQs where useful; practice-area links; consultation CTA,898,Broad blog migration remains on hold; restore only through controlled lawyer-reviewed batches.
97,https://chamanlawfirm.com/5-lis-pendens-understanding-the-doctrine,5 Lis Pendens Understanding The Doctrine,general legal education,blog,hidden Sanity record; old URL unresolved,103,5850,8.26,yes,not confirmed,not configured,not public,hidden/unapproved,medium - compare against live practice/blog pages,blocked - off-brand/property-sales or spam signal,restore as blog after review,https://chamanlawfirm.com/resources/blog/5-lis-pendens-understanding-the-doctrine,https://chamanlawfirm.com/resources/blog/5-lis-pendens-understanding-the-doctrine,not included,answer block; FAQs where useful; practice-area links; consultation CTA,897,Broad blog migration remains on hold; restore only through controlled lawyer-reviewed batches.
98,https://chamanlawfirm.com/documents-apostilled-in-nigeria,Documents Apostilled In Nigeria,notary/documentation,service,redirect configured to /practice-areas/notary-public-services,108,16563,6.04,not confirmed,not confirmed,configured to /practice-areas/notary-public-services,not public,none detected,unknown,low/medium - editorial legal review required,already redirected,https://chamanlawfirm.com/practice-areas/notary-public-services,https://chamanlawfirm.com/practice-areas/notary-public-services,included,service answer block; process steps; FAQs; contact CTA,884,Sprint 11E urgent non-blog rescue candidate; target is existing public service/practice page.
99,https://chamanlawfirm.com/lagos-tenancy-fixed-and-periodic-tenancies,Lagos Tenancy Fixed And Periodic Tenancies,general legal education,blog,hidden Sanity record; old URL unresolved,100,6197,7.07,yes,yes,not configured,not public,hidden/unapproved,medium - compare against live practice/blog pages,high - lawyer review required before publication,restore as blog after review,https://chamanlawfirm.com/resources/blog/lagos-tenancy-fixed-and-periodic-tenancies,https://chamanlawfirm.com/resources/blog/lagos-tenancy-fixed-and-periodic-tenancies,not included,answer block; FAQs where useful; practice-area links; consultation CTA,882,Broad blog migration remains on hold; restore only through controlled lawyer-reviewed batches.
100,https://chamanlawfirm.com/how-to-obtain-tax-clearance-certificate,How To Obtain Tax Clearance Certificate,corporate/commercial,blog,hidden Sanity record; old URL unresolved,102,14116,13.13,yes,yes,not configured,not public,hidden/unapproved,medium - compare against live practice/blog pages,medium - current-law verification required before publication,restore as blog after review,https://chamanlawfirm.com/resources/blog/how-to-obtain-tax-clearance-certificate,https://chamanlawfirm.com/resources/blog/how-to-obtain-tax-clearance-certificate,not included,answer block; FAQs where useful; practice-area links; consultation CTA,873,Broad blog migration remains on hold; restore only through controlled lawyer-reviewed batches.
